dataset,embryo,detector,mean_center_score,changed_centers,mean_realized_shift_um,max_realized_shift_um,node_count_unchanged
44b6_0113de3b,44b6,real,0.4561801850795746,6177,0.10462917672763261,0.5745242597140698,True
44b6_0113de3b,44b6,synthetic,0.408353328704834,11145,0.1954894896332589,0.5745242597140698,True
44b6_0b24845f,44b6,real,0.4143490791320801,1746,0.035983148386767666,0.5745242597140698,True
44b6_0b24845f,44b6,synthetic,0.4167867600917816,2168,0.04433855992644403,0.5745242597140698,True
44b6_0c582fdc,44b6,real,0.4201243817806244,4449,0.06846185259835945,0.5745242597140698,True
44b6_0c582fdc,44b6,synthetic,0.4284476339817047,6086,0.09458809464714998,0.5745242597140698,True
44b6_0db75fae,44b6,real,0.40708673000335693,3398,0.08067883525207555,0.5745242597140698,True
44b6_0db75fae,44b6,synthetic,0.4124922454357147,4183,0.10039058962376332,0.5745242597140698,True
44b6_12dfb391,44b6,real,0.45082083344459534,7580,0.07199483255366797,0.5745242597140698,True
44b6_12dfb391,44b6,synthetic,0.46720337867736816,12605,0.12236346050102367,0.5745242597140698,True
44b6_144b256d,44b6,real,0.45704731345176697,4533,0.06331961543451466,0.5745242597140698,True
44b6_144b256d,44b6,synthetic,0.47046709060668945,8561,0.12435261359786201,0.5745242597140698,True
44b6_1574802b,44b6,real,0.42062434554100037,3398,0.07387847268964368,0.5745242597140698,True
44b6_1574802b,44b6,synthetic,0.4318627715110779,4227,0.09225377337092719,0.5745242597140698,True
44b6_18ced818,44b6,real,0.41557776927948,13811,0.0796466036386622,0.5745242597140698,True
44b6_18ced818,44b6,synthetic,0.43000587821006775,18914,0.10984084288204705,0.5745242597140698,True
44b6_1d530831,44b6,real,0.4208185076713562,6409,0.07536412176887838,0.5745242597140698,True
44b6_1d530831,44b6,synthetic,0.4337398111820221,8702,0.10302257673093074,0.5745242597140698,True
44b6_24264f12,44b6,real,0.42246532440185547,5579,0.08876755062859892,0.5745242597140698,True
44b6_24264f12,44b6,synthetic,0.4341486096382141,8082,0.12997885018155936,0.5745242597140698,True
44b6_267148e4,44b6,real,0.39877939224243164,4650,0.08878885554919255,0.5745242597140698,True
44b6_267148e4,44b6,synthetic,0.40300995111465454,4671,0.08978242044660747,0.5745242597140698,True
44b6_2a2eff9f,44b6,real,0.4524226784706116,7639,0.07970274082513931,0.5745242597140698,True
44b6_2a2eff9f,44b6,synthetic,0.4629896283149719,11881,0.12752180793338888,0.5745242597140698,True
44b6_2f31fc2f,44b6,real,0.4093269109725952,3005,0.0648830996258796,0.5745242597140698,True
44b6_2f31fc2f,44b6,synthetic,0.4097847640514374,3092,0.06614580977884633,0.5745242597140698,True
44b6_33b596bf,44b6,real,0.4072933793067932,4510,0.08168186235925126,0.5745242597140698,True
44b6_33b596bf,44b6,synthetic,0.41504281759262085,6363,0.11516175278074656,0.5745242597140698,True
44b6_341df25f,44b6,real,0.40754514932632446,1070,0.054484202710927555,0.5745242597140698,True
44b6_341df25f,44b6,synthetic,0.4211268424987793,1404,0.07130054271698909,0.5745242597140698,True
44b6_3a861e03,44b6,real,0.44465672969818115,8272,0.09735387618644421,0.5745242597140698,True
44b6_3a861e03,44b6,synthetic,0.4382777512073517,11927,0.14339176921825367,0.5745242597140698,True
44b6_3bb3690f,44b6,real,0.4115452468395233,1552,0.04029380216885585,0.5745242597140698,True
44b6_3bb3690f,44b6,synthetic,0.4246779680252075,974,0.02547994041170371,0.5745242597140698,True
44b6_40c45f5a,44b6,real,0.4200652837753296,6466,0.09209179744462292,0.5745242597140698,True
44b6_40c45f5a,44b6,synthetic,0.4271586537361145,8098,0.11602091856693394,0.5745242597140698,True
44b6_415c0a3a,44b6,real,0.45956477522850037,6204,0.07604939420805154,0.5745242597140698,True
44b6_415c0a3a,44b6,synthetic,0.4714059829711914,10148,0.12773746297576316,0.5745242597140698,True
44b6_53f95252,44b6,real,0.4061442017555237,3353,0.044921566032225066,0.5745242597140698,True
44b6_53f95252,44b6,synthetic,0.4195365309715271,4791,0.06477164694574114,0.5745242597140698,True
44b6_551a5dba,44b6,real,0.42770928144454956,6284,0.08364230139063061,0.5745242597140698,True
44b6_551a5dba,44b6,synthetic,0.4454087018966675,8813,0.11975713492456883,0.5745242597140698,True
44b6_5740d24b,44b6,real,0.41628119349479675,1280,0.04648517049876937,0.5745242597140698,True
44b6_5740d24b,44b6,synthetic,0.425670862197876,1875,0.06821892335174316,0.5745242597140698,True
44b6_587a1e22,44b6,real,0.432413786649704,4555,0.1031139014993975,0.5745242597140698,True
44b6_587a1e22,44b6,synthetic,0.42304396629333496,6804,0.1592282905297586,0.5745242597140698,True
44b6_5f15d135,44b6,real,0.413928747177124,2878,0.0552202445830188,0.5745242597140698,True
44b6_5f15d135,44b6,synthetic,0.421766996383667,1591,0.03037155744911148,0.5745242597140698,True
44b6_668e0cc7,44b6,real,0.4662500023841858,8046,0.10059831812105637,0.5745242597140698,True
44b6_668e0cc7,44b6,synthetic,0.458257794380188,12874,0.166367548580921,0.5745242597140698,True
44b6_66f9292d,44b6,real,0.4520653188228607,3085,0.054371885482560695,0.5745242597140698,True
44b6_66f9292d,44b6,synthetic,0.45739251375198364,4687,0.08451291160030575,0.5745242597140698,True
44b6_706092f0,44b6,real,0.4414530098438263,4811,0.06814620036530343,0.5745242597140698,True
44b6_706092f0,44b6,synthetic,0.45680636167526245,7689,0.1118453847711291,0.5745242597140698,True
44b6_71a4179f,44b6,real,0.4449528157711029,4814,0.06326140337230449,0.5745242597140698,True
44b6_71a4179f,44b6,synthetic,0.4629688262939453,7549,0.10208840817203492,0.5745242597140698,True
44b6_74d0c52e,44b6,real,0.41582247614860535,569,0.026976600472514305,0.5745242597140698,True
44b6_74d0c52e,44b6,synthetic,0.4274700880050659,874,0.0418660531293347,0.5745242597140698,True
44b6_7a302da0,44b6,real,0.42232128977775574,7458,0.07084124159637664,0.5745242597140698,True
44b6_7a302da0,44b6,synthetic,0.4382660984992981,10414,0.10016334286497615,0.5745242597140698,True
44b6_7e557709,44b6,real,0.46730929613113403,6232,0.05872147939363091,0.5745242597140698,True
44b6_7e557709,44b6,synthetic,0.4816593527793884,13395,0.13007253155967477,0.5745242597140698,True
44b6_808952d6,44b6,real,0.42045676708221436,2323,0.06547276772601712,0.5745242597140698,True
44b6_808952d6,44b6,synthetic,0.4339657425880432,2829,0.07979299153270718,0.5745242597140698,True
44b6_81c256f0,44b6,real,0.412459135055542,1389,0.05243796121352299,0.5745242597140698,True
44b6_81c256f0,44b6,synthetic,0.42852547764778137,1870,0.07073930392365492,0.5745242597140698,True
44b6_87bba6c4,44b6,real,0.4034106135368347,5876,0.08605508074449424,0.5745242597140698,True
44b6_87bba6c4,44b6,synthetic,0.40478628873825073,6512,0.0945481179945838,0.5745242597140698,True
44b6_8cc6506c,44b6,real,0.4120901823043823,2217,0.05004203441012588,0.5745242597140698,True
44b6_8cc6506c,44b6,synthetic,0.4259086549282074,1191,0.026601569563708925,0.5745242597140698,True
44b6_8f5ab931,44b6,real,0.4098978340625763,3620,0.05492604227087221,0.5745242597140698,True
44b6_8f5ab931,44b6,synthetic,0.42440176010131836,5131,0.07821311948937815,0.5745242597140698,True
44b6_8f9ecab4,44b6,real,0.46493324637413025,7397,0.07569144300567066,0.5745242597140698,True
44b6_8f9ecab4,44b6,synthetic,0.48161008954048157,12539,0.13218348840863411,0.5745242597140698,True
44b6_90724892,44b6,real,0.4209463894367218,4005,0.07348600485418381,0.5745242597140698,True
44b6_90724892,44b6,synthetic,0.426073282957077,6007,0.11070559067644381,0.5745242597140698,True
44b6_949adeb1,44b6,real,0.4133627712726593,7443,0.08073761357054211,0.5745242597140698,True
44b6_949adeb1,44b6,synthetic,0.4225216209888458,9425,0.10275255707991973,0.5745242597140698,True
44b6_95029e92,44b6,real,0.416632741689682,562,0.04927011395258761,0.5745242597140698,True
44b6_95029e92,44b6,synthetic,0.4178538918495178,1078,0.09815198452621611,0.5745242597140698,True
44b6_97725144,44b6,real,0.40907979011535645,4140,0.05173726571239088,0.5745242597140698,True
44b6_97725144,44b6,synthetic,0.42045509815216064,5276,0.06620812867473894,0.5745242597140698,True
44b6_996155de,44b6,real,0.41380202770233154,1333,0.0607598024503794,0.5745242597140698,True
44b6_996155de,44b6,synthetic,0.41685375571250916,1591,0.0729233262588349,0.5745242597140698,True
44b6_9be80b04,44b6,real,0.42311936616897583,4644,0.07478244907886682,0.5745242597140698,True
44b6_9be80b04,44b6,synthetic,0.4447351396083832,6411,0.10471781617769069,0.5745242597140698,True
44b6_9bfa6a0a,44b6,real,0.4526303708553314,5221,0.05558717034686559,0.5745242597140698,True
44b6_9bfa6a0a,44b6,synthetic,0.46701931953430176,8934,0.09686044428501686,0.5745242597140698,True
44b6_a21120c2,44b6,real,0.4329075515270233,5147,0.10064941184936409,0.5745242597140698,True
44b6_a21120c2,44b6,synthetic,0.41608017683029175,8300,0.16682222422700216,0.5745242597140698,True
44b6_a2bb48bb,44b6,real,0.41333141922950745,8779,0.07954488758314186,0.5745242597140698,True
44b6_a2bb48bb,44b6,synthetic,0.4232228696346283,10743,0.09761206897451469,0.5745242597140698,True
44b6_aaf8b0ea,44b6,real,0.4164094924926758,1897,0.051754813175135896,0.5745242597140698,True
44b6_aaf8b0ea,44b6,synthetic,0.42100587487220764,2332,0.063886255069365,0.5745242597140698,True
44b6_abf82518,44b6,real,0.4378800094127655,3594,0.05658781768661675,0.5745242597140698,True
44b6_abf82518,44b6,synthetic,0.45371001958847046,4742,0.0759146204651528,0.5745242597140698,True
44b6_b2c44266,44b6,real,0.43240609765052795,4717,0.05257948150962845,0.5745242597140698,True
44b6_b2c44266,44b6,synthetic,0.44898709654808044,6278,0.07074694779966735,0.5745242597140698,True
44b6_c15fded2,44b6,real,0.4063168168067932,2512,0.05582017330982993,0.5745242597140698,True
44b6_c15fded2,44b6,synthetic,0.41145119071006775,4649,0.10348172699183905,0.5745242597140698,True
44b6_c50204e0,44b6,real,0.4145048260688782,6824,0.07602895102153268,0.5745242597140698,True
44b6_c50204e0,44b6,synthetic,0.42221060395240784,8138,0.09065656972483724,0.5745242597140698,True
44b6_c771cb04,44b6,real,0.41381803154945374,3520,0.04936107885945519,0.5745242597140698,True
44b6_c771cb04,44b6,synthetic,0.4284057021141052,2328,0.032702380168919805,0.5745242597140698,True
44b6_c8e2a523,44b6,real,0.45674213767051697,6610,0.09899007041017344,0.5745242597140698,True
44b6_c8e2a523,44b6,synthetic,0.44751986861228943,13057,0.20207496735057573,0.5745242597140698,True
44b6_c96cfa10,44b6,real,0.4309597909450531,7282,0.08125553337456139,0.5745242597140698,True
44b6_c96cfa10,44b6,synthetic,0.4506247341632843,10722,0.1216820582528024,0.5745242597140698,True
44b6_cf2536e8,44b6,real,0.4527311325073242,3464,0.06449767564745573,0.5745242597140698,True
44b6_cf2536e8,44b6,synthetic,0.4539656937122345,5797,0.11001141675938893,0.5745242597140698,True
44b6_cf8fed6b,44b6,real,0.4578704535961151,10268,0.1055068692842358,0.5745242597140698,True
44b6_cf8fed6b,44b6,synthetic,0.43147099018096924,14885,0.15749197439765847,0.5745242597140698,True
44b6_d29c9ab2,44b6,real,0.4590745270252228,8520,0.10109129754073308,0.5745242597140698,True
44b6_d29c9ab2,44b6,synthetic,0.4331975281238556,14154,0.17274844769831793,0.5745242597140698,True
44b6_d2f34f90,44b6,real,0.4149644672870636,2682,0.07511922936906988,0.5745242597140698,True
44b6_d2f34f90,44b6,synthetic,0.42337289452552795,1629,0.04473273132984225,0.5745242597140698,True
44b6_d5e7d891,44b6,real,0.4175156056880951,8993,0.08810404766133309,0.5745242597140698,True
44b6_d5e7d891,44b6,synthetic,0.4266565144062042,12278,0.12105895201928293,0.5745242597140698,True
44b6_d754aa59,44b6,real,0.4065769910812378,1045,0.08096651425895528,0.5745242597140698,True
44b6_d754aa59,44b6,synthetic,0.39877939224243164,1438,0.11091152740787438,0.5745242597140698,True
44b6_d78e09d9,44b6,real,0.4148978590965271,3766,0.06798988091481718,0.5745242597140698,True
44b6_d78e09d9,44b6,synthetic,0.43050405383110046,5230,0.09539159069570702,0.5745242597140698,True
44b6_db3c847b,44b6,real,0.4137008488178253,2607,0.07088715021088765,0.5745242597140698,True
44b6_db3c847b,44b6,synthetic,0.42561402916908264,3100,0.08382442029937973,0.5745242597140698,True
44b6_ddf577ad,44b6,real,0.46002474427223206,7760,0.08585256055768538,0.5745242597140698,True
44b6_ddf577ad,44b6,synthetic,0.4737006723880768,13084,0.14830502088710812,0.5745242597140698,True
44b6_deabac95,44b6,real,0.4028327763080597,2332,0.06359280949241335,0.5745242597140698,True
44b6_deabac95,44b6,synthetic,0.41102173924446106,3389,0.09265881288826763,0.5745242597140698,True
44b6_e28840c6,44b6,real,0.4643891155719757,5260,0.08093654345895472,0.5745242597140698,True
44b6_e28840c6,44b6,synthetic,0.48536521196365356,8979,0.14348237449655032,0.5745242597140698,True
44b6_e29f0176,44b6,real,0.39637336134910583,3071,0.10026579640557219,0.5745242597140698,True
44b6_e29f0176,44b6,synthetic,0.3993646204471588,4086,0.13211653182258398,0.5745242597140698,True
44b6_e31261b4,44b6,real,0.43912869691848755,15048,0.09558812440413973,0.5745242597140698,True
44b6_e31261b4,44b6,synthetic,0.4515528976917267,20930,0.13560964513433468,0.5745242597140698,True
44b6_e35b117d,44b6,real,0.4169296622276306,2564,0.05396248731655102,0.5745242597140698,True
44b6_e35b117d,44b6,synthetic,0.42672932147979736,3151,0.06692614898363419,0.5745242597140698,True
44b6_e57ff5c6,44b6,real,0.40275338292121887,3674,0.09045590404145087,0.5745242597140698,True
44b6_e57ff5c6,44b6,synthetic,0.40424269437789917,2785,0.06775751981759913,0.5745242597140698,True
44b6_eb2880fc,44b6,real,0.46561795473098755,7475,0.08379285356532741,0.5745242597140698,True
44b6_eb2880fc,44b6,synthetic,0.4621896743774414,12401,0.1444115709166564,0.5745242597140698,True
44b6_f28707c6,44b6,real,0.3966171443462372,4114,0.08225627064449384,0.5745242597140698,True
44b6_f28707c6,44b6,synthetic,0.39717236161231995,5389,0.1079068438020764,0.5745242597140698,True
6bba_05b6850b,6bba,real,0.42641040682792664,2223,0.16471006604381938,0.5745242597140698,True
6bba_05b6850b,6bba,synthetic,0.4301920235157013,2253,0.16725973574779995,0.5745242597140698,True
6bba_05db0fb1,6bba,real,0.47541868686676025,30148,0.191091554850046,0.5745242597140698,True
6bba_05db0fb1,6bba,synthetic,0.4843835234642029,29930,0.18859918701455733,0.5745242597140698,True
6bba_062c8d37,6bba,real,0.4410672187805176,2549,0.19199454568997862,0.5745242597140698,True
6bba_062c8d37,6bba,synthetic,0.3679106533527374,2319,0.17448565409455682,0.5745242597140698,True
6bba_07477033,6bba,real,0.3659451901912689,1622,0.15491963988448215,0.5745242597140698,True
6bba_07477033,6bba,synthetic,0.3673318922519684,1995,0.19096279617131023,0.5745242597140698,True
6bba_07e24132,6bba,real,0.4875268340110779,9109,0.13508739376846304,0.5745242597140698,True
6bba_07e24132,6bba,synthetic,0.4930495321750641,8785,0.1311685450209125,0.5745242597140698,True
6bba_085bf656,6bba,real,0.4414503276348114,3339,0.17834506496108962,0.5745242597140698,True
6bba_085bf656,6bba,synthetic,0.45552879571914673,3709,0.20268012307198943,0.5745242597140698,True
6bba_09961292,6bba,real,0.44390973448753357,10750,0.16076602188737388,0.5745242597140698,True
6bba_09961292,6bba,synthetic,0.42818397283554077,10936,0.1649847497873554,0.5745242597140698,True
6bba_0c7fa718,6bba,real,0.42838621139526367,6065,0.21766171466709774,0.5745242597140698,True
6bba_0c7fa718,6bba,synthetic,0.38625481724739075,5465,0.19640315894378213,0.5745242597140698,True
6bba_0e7c0d07,6bba,real,0.4307239353656769,9642,0.19294324477308908,0.5745242597140698,True
6bba_0e7c0d07,6bba,synthetic,0.43710166215896606,9294,0.1846910272814832,0.5745242597140698,True
6bba_12665c0e,6bba,real,0.41305288672447205,2673,0.14751391819766282,0.5745242597140698,True
6bba_12665c0e,6bba,synthetic,0.39149683713912964,3036,0.1670398686692448,0.5745242597140698,True
6bba_13f19531,6bba,real,0.45657309889793396,2128,0.16454993247817204,0.5745242597140698,True
6bba_13f19531,6bba,synthetic,0.43630239367485046,2077,0.15801304865311205,0.5745242597140698,True
6bba_15403b9a,6bba,real,0.44452786445617676,2439,0.17041378918986302,0.5745242597140698,True
6bba_15403b9a,6bba,synthetic,0.40492430329322815,3136,0.22496916389854693,0.5745242597140698,True
6bba_1d0d8384,6bba,real,0.4730687737464905,8416,0.21760882345304575,0.5745242597140698,True
6bba_1d0d8384,6bba,synthetic,0.4152839481830597,8069,0.21287953973027499,0.5745242597140698,True
6bba_1ebfb80d,6bba,real,0.4179067015647888,4559,0.17687897011815876,0.5745242597140698,True
6bba_1ebfb80d,6bba,synthetic,0.41482147574424744,4864,0.1891110462118925,0.5745242597140698,True
6bba_1f58c2f6,6bba,real,0.4638737440109253,9823,0.13372617000564782,0.5745242597140698,True
6bba_1f58c2f6,6bba,synthetic,0.4749225080013275,11421,0.15688722032647626,0.5745242597140698,True
6bba_207c6aaf,6bba,real,0.4454537332057953,7163,0.1811596289192202,0.5745242597140698,True
6bba_207c6aaf,6bba,synthetic,0.4540904462337494,6844,0.17014429537143558,0.5745242597140698,True
6bba_20852818,6bba,real,0.45640307664871216,3930,0.17249909975661512,0.5745242597140698,True
6bba_20852818,6bba,synthetic,0.45610758662223816,4162,0.1877119883022091,0.5745242597140698,True
6bba_2312ac41,6bba,real,0.43113434314727783,5439,0.1960299997005075,0.5745242597140698,True
6bba_2312ac41,6bba,synthetic,0.434131383895874,5871,0.2111011680641512,0.5745242597140698,True
6bba_23af9eeb,6bba,real,0.4202181398868561,1064,0.11215805356472752,0.5745242597140698,True
6bba_23af9eeb,6bba,synthetic,0.38067811727523804,1341,0.1420483542409329,0.5745242597140698,True
6bba_2540cd90,6bba,real,0.47268345952033997,1012,0.12723004621443826,0.5745242597140698,True
6bba_2540cd90,6bba,synthetic,0.4310913681983948,1423,0.181108842100966,0.5745242597140698,True
6bba_2646afc7,6bba,real,0.40927380323410034,2136,0.18998765330224113,0.5745242597140698,True
6bba_2646afc7,6bba,synthetic,0.3952080011367798,1928,0.1635060203772974,0.5745242597140698,True
6bba_268e1230,6bba,real,0.39492303133010864,1533,0.14692294822308624,0.5745242597140698,True
6bba_268e1230,6bba,synthetic,0.38606488704681396,1804,0.1676677944517229,0.5745242597140698,True
6bba_2819ca14,6bba,real,0.4173709750175476,1833,0.1626137492022666,0.5745242597140698,True
6bba_2819ca14,6bba,synthetic,0.41499966382980347,2143,0.19396042974492592,0.5745242597140698,True
6bba_283bf9f1,6bba,real,0.4241548180580139,10145,0.2096369068763626,0.5745242597140698,True
6bba_283bf9f1,6bba,synthetic,0.42298227548599243,10834,0.2225560993563968,0.5745242597140698,True
6bba_312f0dc3,6bba,real,0.43602874875068665,3920,0.18200270962326873,0.5745242597140698,True
6bba_312f0dc3,6bba,synthetic,0.4301922917366028,4119,0.19242934061627678,0.5745242597140698,True
6bba_32db13fc,6bba,real,0.4557972252368927,17843,0.1779681524652645,0.5745242597140698,True
6bba_32db13fc,6bba,synthetic,0.45818957686424255,17523,0.17444282911716047,0.5745242597140698,True
6bba_337b1b3a,6bba,real,0.4837660491466522,14615,0.22256064093336334,0.5745242597140698,True
6bba_337b1b3a,6bba,synthetic,0.4486258327960968,15482,0.2394213364426382,0.5745242597140698,True
6bba_372c8cb8,6bba,real,0.44557154178619385,1944,0.12804791186484588,0.5745242597140698,True
6bba_372c8cb8,6bba,synthetic,0.4150749444961548,1934,0.12888884461065606,0.5745242597140698,True
6bba_3a1849c2,6bba,real,0.42500802874565125,1686,0.11251603186531575,0.5745242597140698,True
6bba_3a1849c2,6bba,synthetic,0.4147951006889343,1760,0.11820917385398301,0.5745242597140698,True
6bba_3abfe10a,6bba,real,0.4609922468662262,17878,0.14846337150814326,0.5745242597140698,True
6bba_3abfe10a,6bba,synthetic,0.4654739797115326,18602,0.15312631769328106,0.5745242597140698,True
6bba_3c5691b6,6bba,real,0.4572892487049103,1706,0.12117285749247005,0.5745242597140698,True
6bba_3c5691b6,6bba,synthetic,0.4323480725288391,2087,0.1468937261425219,0.5745242597140698,True
6bba_3db54e20,6bba,real,0.4264097809791565,9846,0.18797377010894786,0.5745242597140698,True
6bba_3db54e20,6bba,synthetic,0.44186586141586304,9581,0.1825969180616947,0.5745242597140698,True
6bba_3fda6b25,6bba,real,0.4809703528881073,3690,0.19421363872922928,0.5745242597140698,True
6bba_3fda6b25,6bba,synthetic,0.439632773399353,3740,0.20595020604468353,0.5745242597140698,True
6bba_43fea39d,6bba,real,0.36510083079338074,2290,0.18780511464107252,0.5745242597140698,True
6bba_43fea39d,6bba,synthetic,0.37621253728866577,2514,0.20796875021257655,0.5745242597140698,True
6bba_474be664,6bba,real,0.46826791763305664,10318,0.1682859060789318,0.5745242597140698,True
6bba_474be664,6bba,synthetic,0.46881914138793945,9585,0.15477489185026752,0.5745242597140698,True
6bba_48816121,6bba,real,0.4297461211681366,9272,0.16313320946710458,0.5745242597140698,True
6bba_48816121,6bba,synthetic,0.42190292477607727,9622,0.17123137311525674,0.5745242597140698,True
6bba_4aa14c89,6bba,real,0.4549482464790344,1951,0.11858848770374086,0.5745242597140698,True
6bba_4aa14c89,6bba,synthetic,0.46405819058418274,2265,0.13746606632849087,0.5745242597140698,True
6bba_4f99ce20,6bba,real,0.45487892627716064,2432,0.19967693120638164,0.5745242597140698,True
6bba_4f99ce20,6bba,synthetic,0.4165634214878082,2749,0.23082754510343667,0.5745242597140698,True
6bba_4ffd3da3,6bba,real,0.4515080749988556,8329,0.18299353286258768,0.5745242597140698,True
6bba_4ffd3da3,6bba,synthetic,0.45259931683540344,8572,0.18650122949619335,0.5745242597140698,True
6bba_55b7eebe,6bba,real,0.41177862882614136,1695,0.16330565699763885,0.5745242597140698,True
6bba_55b7eebe,6bba,synthetic,0.41580235958099365,1976,0.19134746342273576,0.5745242597140698,True
6bba_55c70843,6bba,real,0.4758988320827484,14620,0.1697914931748116,0.5745242597140698,True
6bba_55c70843,6bba,synthetic,0.47433340549468994,14567,0.1659339002342869,0.5745242597140698,True
6bba_57b7cc1e,6bba,real,0.44094544649124146,27669,0.16065679398405958,0.5745242597140698,True
6bba_57b7cc1e,6bba,synthetic,0.4376535415649414,28561,0.1654376544365559,0.5745242597140698,True
6bba_5a4d9360,6bba,real,0.3865126967430115,2146,0.1709697497205485,0.5745242597140698,True
6bba_5a4d9360,6bba,synthetic,0.3632495403289795,2174,0.17486880014263104,0.5745242597140698,True
6bba_5b28472a,6bba,real,0.4392945170402527,1952,0.14523079970311525,0.5745242597140698,True
6bba_5b28472a,6bba,synthetic,0.42948466539382935,2250,0.1761426382915131,0.5745242597140698,True
6bba_5c039895,6bba,real,0.43016329407691956,2997,0.16417173425127102,0.5745242597140698,True
6bba_5c039895,6bba,synthetic,0.4406753182411194,3535,0.19978297461498595,0.5745242597140698,True
6bba_5c824876,6bba,real,0.4694652855396271,10441,0.18127069456833658,0.5745242597140698,True
6bba_5c824876,6bba,synthetic,0.4700382947921753,10286,0.1802348340212496,0.5745242597140698,True
6bba_5dfe9ad1,6bba,real,0.49757957458496094,11297,0.1631725100263219,0.5745242597140698,True
6bba_5dfe9ad1,6bba,synthetic,0.5070446729660034,13116,0.19269598624834616,0.5745242597140698,True
6bba_5f89039d,6bba,real,0.41714850068092346,1157,0.11311729897604174,0.5745242597140698,True
6bba_5f89039d,6bba,synthetic,0.4023997187614441,1486,0.14631881649014283,0.5745242597140698,True
6bba_61dd1e0d,6bba,real,0.4225025177001953,3600,0.16597714794471216,0.5745242597140698,True
6bba_61dd1e0d,6bba,synthetic,0.4190353751182556,4009,0.18154064437301753,0.5745242597140698,True
6bba_61ecbe65,6bba,real,0.3433372676372528,2263,0.184366617779421,0.5745242597140698,True
6bba_61ecbe65,6bba,synthetic,0.35250627994537354,2561,0.20722254575247737,0.5745242597140698,True
6bba_6321a359,6bba,real,0.43004608154296875,1615,0.15464669981509024,0.5745242597140698,True
6bba_6321a359,6bba,synthetic,0.429635614156723,2050,0.19523572521030408,0.5745242597140698,True
6bba_6479435d,6bba,real,0.46329164505004883,8311,0.14744587030567188,0.5745242597140698,True
6bba_6479435d,6bba,synthetic,0.46808889508247375,8320,0.14937301036428458,0.5745242597140698,True
6bba_67ebd073,6bba,real,0.47135522961616516,5269,0.1456813464606379,0.5745242597140698,True
6bba_67ebd073,6bba,synthetic,0.475222110748291,5408,0.1515230141745417,0.5745242597140698,True
6bba_6ca87370,6bba,real,0.4319261610507965,2233,0.1548286652527589,0.5745242597140698,True
6bba_6ca87370,6bba,synthetic,0.407583087682724,2459,0.17156397130437373,0.5745242597140698,True
6bba_6db0e9b4,6bba,real,0.4419665038585663,10145,0.17544822545949235,0.5745242597140698,True
6bba_6db0e9b4,6bba,synthetic,0.4424761235713959,9755,0.1672633174119225,0.5745242597140698,True
6bba_6feb10f0,6bba,real,0.4587467908859253,6017,0.21960036981058598,0.5745242597140698,True
6bba_6feb10f0,6bba,synthetic,0.4193946421146393,5007,0.17737738945146025,0.5745242597140698,True
6bba_6feeb0b1,6bba,real,0.4773278534412384,3362,0.21834397362152272,0.5745242597140698,True
6bba_6feeb0b1,6bba,synthetic,0.38506409525871277,3079,0.20327284120978031,0.5745242597140698,True
6bba_705ec2c9,6bba,real,0.36843347549438477,2106,0.15658221716503667,0.5745242597140698,True
6bba_705ec2c9,6bba,synthetic,0.3695596754550934,2286,0.17172457281845435,0.5745242597140698,True
6bba_718b21f9,6bba,real,0.44240817427635193,1278,0.13919870197973944,0.5745242597140698,True
6bba_718b21f9,6bba,synthetic,0.40275663137435913,1672,0.1798106986655351,0.5745242597140698,True
6bba_74686d6a,6bba,real,0.46581029891967773,10150,0.16775569213507427,0.5745242597140698,True
6bba_74686d6a,6bba,synthetic,0.4452616274356842,9683,0.15913046107204493,0.5745242597140698,True
6bba_767a1e17,6bba,real,0.4593915641307831,18551,0.17089750171586604,0.5745242597140698,True
6bba_767a1e17,6bba,synthetic,0.4616755545139313,18443,0.1684088873062526,0.5745242597140698,True
6bba_76db78c1,6bba,real,0.44527149200439453,1682,0.1579818418014981,0.5745242597140698,True
6bba_76db78c1,6bba,synthetic,0.4505300223827362,1945,0.18379275881046916,0.5745242597140698,True
6bba_784a78c9,6bba,real,0.4204656481742859,4886,0.17009757210625454,0.5745242597140698,True
6bba_784a78c9,6bba,synthetic,0.4280935823917389,5662,0.1988852706358382,0.5745242597140698,True
6bba_786893ac,6bba,real,0.4771439731121063,17918,0.13433614733168056,0.5745242597140698,True
6bba_786893ac,6bba,synthetic,0.48334255814552307,18790,0.1401303266462875,0.5745242597140698,True
6bba_789f8168,6bba,real,0.43758222460746765,4113,0.17129434669828073,0.5745242597140698,True
6bba_789f8168,6bba,synthetic,0.41638073325157166,4058,0.16917052438163796,0.5745242597140698,True
6bba_78a7bd97,6bba,real,0.4822149872779846,14889,0.1665810664390636,0.5745242597140698,True
6bba_78a7bd97,6bba,synthetic,0.48304617404937744,14364,0.1588195337010695,0.5745242597140698,True
6bba_7af54fde,6bba,real,0.4709039032459259,3482,0.15003150560275177,0.5745242597140698,True
6bba_7af54fde,6bba,synthetic,0.4728296995162964,3365,0.1440633554357122,0.5745242597140698,True
6bba_7b5d3b2c,6bba,real,0.39633628726005554,2099,0.1689635256886029,0.5745242597140698,True
6bba_7b5d3b2c,6bba,synthetic,0.39828166365623474,2124,0.16842141463187524,0.5745242597140698,True
6bba_7d3058ae,6bba,real,0.47782450914382935,3723,0.22065395606072005,0.5745242597140698,True
6bba_7d3058ae,6bba,synthetic,0.3762160539627075,3452,0.20970819197113258,0.5745242597140698,True
6bba_7f87b3d8,6bba,real,0.4231381118297577,3810,0.18089938388489535,0.5745242597140698,True
6bba_7f87b3d8,6bba,synthetic,0.3852951228618622,4350,0.2085083442746833,0.5745242597140698,True
6bba_80d12824,6bba,real,0.43989765644073486,3146,0.1671179907691771,0.5745242597140698,True
6bba_80d12824,6bba,synthetic,0.437682181596756,3387,0.18283528341416574,0.5745242597140698,True
6bba_825bd1c6,6bba,real,0.45682233572006226,3002,0.1953904679747872,0.5745242597140698,True
6bba_825bd1c6,6bba,synthetic,0.38022875785827637,2805,0.18327765240553795,0.5745242597140698,True
6bba_87289e13,6bba,real,0.46392083168029785,6999,0.221769564336832,0.5745242597140698,True
6bba_87289e13,6bba,synthetic,0.4067144989967346,6850,0.22315352833513288,0.5745242597140698,True
6bba_8b7818bf,6bba,real,0.4056299328804016,1962,0.15136611830969565,0.5745242597140698,True
6bba_8b7818bf,6bba,synthetic,0.3756055533885956,1788,0.13973112070214755,0.5745242597140698,True
6bba_907271db,6bba,real,0.43295758962631226,2653,0.16873801535697175,0.5745242597140698,True
6bba_907271db,6bba,synthetic,0.4304787516593933,2806,0.18356102964538545,0.5745242597140698,True
6bba_91951b3a,6bba,real,0.3934127986431122,4689,0.18263019280825984,0.5745242597140698,True
6bba_91951b3a,6bba,synthetic,0.3892357349395752,4869,0.19042671984307075,0.5745242597140698,True
6bba_96833384,6bba,real,0.46390214562416077,1829,0.16797743457237274,0.5745242597140698,True
6bba_96833384,6bba,synthetic,0.455648809671402,1822,0.1679809846175321,0.5745242597140698,True
6bba_969618f6,6bba,real,0.44576895236968994,6775,0.1920118967117502,0.5745242597140698,True
6bba_969618f6,6bba,synthetic,0.4503905773162842,7236,0.20421797489820784,0.5745242597140698,True
6bba_971fa5e0,6bba,real,0.4023335576057434,1823,0.1624487262875269,0.5745242597140698,True
6bba_971fa5e0,6bba,synthetic,0.37791940569877625,2033,0.17670132183899231,0.5745242597140698,True
6bba_9a41d029,6bba,real,0.45054829120635986,8075,0.1935590158358263,0.5745242597140698,True
6bba_9a41d029,6bba,synthetic,0.4379729628562927,8765,0.2103024632501721,0.5745242597140698,True
6bba_9e23430b,6bba,real,0.405171662569046,2279,0.1344753235524957,0.5745242597140698,True
6bba_9e23430b,6bba,synthetic,0.39663445949554443,2627,0.15150168148965093,0.5745242597140698,True
6bba_a5e926bb,6bba,real,0.40713244676589966,2768,0.15346407982339336,0.5745242597140698,True
6bba_a5e926bb,6bba,synthetic,0.3886713981628418,3480,0.19364130238140953,0.5745242597140698,True
6bba_a90a0b9c,6bba,real,0.49083212018013,10915,0.1529984087529732,0.5745242597140698,True
6bba_a90a0b9c,6bba,synthetic,0.4926599860191345,10528,0.14634659108340728,0.5745242597140698,True
6bba_ab78413d,6bba,real,0.4394041895866394,5361,0.17558067892877963,0.5745242597140698,True
6bba_ab78413d,6bba,synthetic,0.3853118121623993,4595,0.14466527189132578,0.5745242597140698,True
6bba_acd782a8,6bba,real,0.4485153555870056,9189,0.2073598485772679,0.5745242597140698,True
6bba_acd782a8,6bba,synthetic,0.44034847617149353,9312,0.21208578562157523,0.5745242597140698,True
6bba_ae82a791,6bba,real,0.46416038274765015,2959,0.1828515291538988,0.5745242597140698,True
6bba_ae82a791,6bba,synthetic,0.42319777607917786,3193,0.20043243613125258,0.5745242597140698,True
6bba_aeee7805,6bba,real,0.4616207480430603,1657,0.14595163799923683,0.5745242597140698,True
6bba_aeee7805,6bba,synthetic,0.453555166721344,1178,0.10494002931525637,0.5745242597140698,True
6bba_af149c94,6bba,real,0.44968336820602417,2861,0.15989962774044814,0.5745242597140698,True
6bba_af149c94,6bba,synthetic,0.4258235991001129,3259,0.18470166019155337,0.5745242597140698,True
6bba_afb141ff,6bba,real,0.4157490134239197,1956,0.1559005829057787,0.5745242597140698,True
6bba_afb141ff,6bba,synthetic,0.4008696675300598,2320,0.18297826757738347,0.5745242597140698,True
6bba_b1ae37b9,6bba,real,0.44637730717658997,9570,0.18273859777187984,0.5745242597140698,True
6bba_b1ae37b9,6bba,synthetic,0.4488252103328705,9423,0.17822119162658417,0.5745242597140698,True
6bba_b204cac7,6bba,real,0.45658138394355774,2179,0.17918575304447296,0.5745242597140698,True
6bba_b204cac7,6bba,synthetic,0.3565444052219391,2247,0.1922695846577335,0.5745242597140698,True
6bba_b329af44,6bba,real,0.478272408246994,28370,0.1931341355338268,0.5745242597140698,True
6bba_b329af44,6bba,synthetic,0.478516548871994,27721,0.1870104841495086,0.5745242597140698,True
6bba_b693381b,6bba,real,0.42776912450790405,2386,0.17324500019227193,0.5745242597140698,True
6bba_b693381b,6bba,synthetic,0.3759138882160187,2380,0.17199801386918034,0.5745242597140698,True
6bba_bb9f20c3,6bba,real,0.48069125413894653,10659,0.20816593912550083,0.5745242597140698,True
6bba_bb9f20c3,6bba,synthetic,0.4036543369293213,11351,0.22565774267423974,0.5745242597140698,True
6bba_bbb708ca,6bba,real,0.3424187898635864,2319,0.15871275130149576,0.5745242597140698,True
6bba_bbb708ca,6bba,synthetic,0.3624795079231262,2862,0.19577885647253981,0.5745242597140698,True
6bba_c27cba08,6bba,real,0.4701096713542938,2650,0.18422886017369844,0.5745242597140698,True
6bba_c27cba08,6bba,synthetic,0.4737469255924225,2429,0.17064834775586082,0.5745242597140698,True
6bba_c328f2fd,6bba,real,0.4902074337005615,10967,0.15284440870117122,0.5745242597140698,True
6bba_c328f2fd,6bba,synthetic,0.5000531673431396,10757,0.15207010640780447,0.5745242597140698,True
6bba_c73a1d11,6bba,real,0.4580611288547516,8261,0.14897567368376577,0.5745242597140698,True
6bba_c73a1d11,6bba,synthetic,0.4607540965080261,8149,0.1455794588879851,0.5745242597140698,True
6bba_cdcfe533,6bba,real,0.4817107915878296,14205,0.22475116649745186,0.5745242597140698,True
6bba_cdcfe533,6bba,synthetic,0.4353954792022705,15023,0.24282958255118406,0.5745242597140698,True
6bba_cf35214c,6bba,real,0.505454957485199,14237,0.17727584698580806,0.5745242597140698,True
6bba_cf35214c,6bba,synthetic,0.5062006115913391,15626,0.19929548829327487,0.5745242597140698,True
6bba_cff5865f,6bba,real,0.47275716066360474,23227,0.22086443776822665,0.5745242597140698,True
6bba_cff5865f,6bba,synthetic,0.45216718316078186,21447,0.2043651873892444,0.5745242597140698,True
6bba_d0fc38b5,6bba,real,0.43212762475013733,1845,0.14198983277404092,0.5745242597140698,True
6bba_d0fc38b5,6bba,synthetic,0.40916121006011963,2237,0.16952692774133546,0.5745242597140698,True
6bba_d1acb6ff,6bba,real,0.39720115065574646,7438,0.2040175953098249,0.5745242597140698,True
6bba_d1acb6ff,6bba,synthetic,0.416707307100296,7689,0.21094016438676474,0.5745242597140698,True
6bba_d2b9fc0c,6bba,real,0.4781219959259033,9251,0.21952994524000313,0.5745242597140698,True
6bba_d2b9fc0c,6bba,synthetic,0.4034796357154846,9155,0.22093597600994533,0.5745242597140698,True
6bba_d3da753b,6bba,real,0.4612661302089691,8537,0.2418931013036517,0.5745242597140698,True
6bba_d3da753b,6bba,synthetic,0.37256306409835815,7569,0.2168273756303695,0.5745242597140698,True
6bba_d5eae175,6bba,real,0.45779600739479065,1477,0.1623972305207545,0.5745242597140698,True
6bba_d5eae175,6bba,synthetic,0.4037431478500366,1788,0.19320011773280832,0.5745242597140698,True
6bba_d6ecebbb,6bba,real,0.35242319107055664,2068,0.15480437272302852,0.5745242597140698,True
6bba_d6ecebbb,6bba,synthetic,0.3389958143234253,2059,0.1513987081070785,0.5745242597140698,True
6bba_d82a4fc6,6bba,real,0.45494821667671204,9254,0.13991452820360828,0.5745242597140698,True
6bba_d82a4fc6,6bba,synthetic,0.4682166874408722,11209,0.17244188264669355,0.5745242597140698,True
6bba_debd7bfa,6bba,real,0.39365196228027344,4866,0.18607271439845025,0.5745242597140698,True
6bba_debd7bfa,6bba,synthetic,0.37643757462501526,5219,0.19880160124784088,0.5745242597140698,True
6bba_df673a83,6bba,real,0.4375882148742676,10080,0.20481178953638565,0.5745242597140698,True
6bba_df673a83,6bba,synthetic,0.44186627864837646,10146,0.20600824565885506,0.5745242597140698,True
6bba_e16ffc58,6bba,real,0.45020025968551636,2453,0.1817675444702052,0.5745242597140698,True
6bba_e16ffc58,6bba,synthetic,0.3951343297958374,2276,0.1700528046413349,0.5745242597140698,True
6bba_e5e44988,6bba,real,0.3922874629497528,1858,0.1606437691258691,0.5745242597140698,True
6bba_e5e44988,6bba,synthetic,0.38075560331344604,1984,0.17152319025015272,0.5745242597140698,True
6bba_ebdf3b34,6bba,real,0.4680265486240387,19901,0.14621449736936915,0.5745242597140698,True
6bba_ebdf3b34,6bba,synthetic,0.47686341404914856,23119,0.1708013646047083,0.5745242597140698,True
6bba_ebff6e76,6bba,real,0.47787749767303467,17480,0.14710100979448965,0.5745242597140698,True
6bba_ebff6e76,6bba,synthetic,0.47514283657073975,16486,0.1378725542059408,0.5745242597140698,True
6bba_ed9377fd,6bba,real,0.367636501789093,1298,0.13261068034819962,0.5745242597140698,True
6bba_ed9377fd,6bba,synthetic,0.36481305956840515,1686,0.16844300052348896,0.5745242597140698,True
6bba_edf14583,6bba,real,0.47656795382499695,19872,0.16984401324882592,0.5745242597140698,True
6bba_edf14583,6bba,synthetic,0.4893839657306671,19569,0.16727591436084946,0.5745242597140698,True
6bba_eebc57a5,6bba,real,0.5011954307556152,4756,0.24717323590141885,0.5745242597140698,True
6bba_eebc57a5,6bba,synthetic,0.3699772357940674,4230,0.23246134168808646,0.5745242597140698,True
6bba_ef7b4f7e,6bba,real,0.41659706830978394,2078,0.15671021807494837,0.5745242597140698,True
6bba_ef7b4f7e,6bba,synthetic,0.40014028549194336,1817,0.137254216758433,0.5745242597140698,True
6bba_f17befbc,6bba,real,0.44035714864730835,10803,0.18440316703507534,0.5745242597140698,True
6bba_f17befbc,6bba,synthetic,0.43288636207580566,11074,0.18806166895326512,0.5745242597140698,True
6bba_f1fde7e0,6bba,real,0.43833181262016296,3135,0.17481892759074874,0.5745242597140698,True
6bba_f1fde7e0,6bba,synthetic,0.4006607234477997,3268,0.18464122159933236,0.5745242597140698,True
6bba_f20478e9,6bba,real,0.4368545413017273,1650,0.1368416413004679,0.5745242597140698,True
6bba_f20478e9,6bba,synthetic,0.39330580830574036,2512,0.21125750205789517,0.5745242597140698,True
6bba_f4ae811c,6bba,real,0.42210879921913147,3991,0.19151535303235348,0.5745242597140698,True
6bba_f4ae811c,6bba,synthetic,0.43553677201271057,4338,0.2064806490586891,0.5745242597140698,True
6bba_f8ffd5e7,6bba,real,0.4897190034389496,10590,0.14573740535915025,0.5745242597140698,True
6bba_f8ffd5e7,6bba,synthetic,0.4949146807193756,12647,0.17797684087553706,0.5745242597140698,True
6bba_fbc898dc,6bba,real,0.40506261587142944,1889,0.1655508139971725,0.5745242597140698,True
6bba_fbc898dc,6bba,synthetic,0.3905004858970642,1647,0.14420836067055778,0.5745242597140698,True
6bba_fc516dc6,6bba,real,0.4389687776565552,3183,0.20772985154053458,0.5745242597140698,True
6bba_fc516dc6,6bba,synthetic,0.39439672231674194,3106,0.2037517166952293,0.5745242597140698,True
6bba_fc5f39dc,6bba,real,0.46560221910476685,7034,0.17446351596743515,0.5745242597140698,True
6bba_fc5f39dc,6bba,synthetic,0.46925005316734314,7430,0.18336839581850473,0.5745242597140698,True
6bba_fc83837d,6bba,real,0.43555352091789246,5107,0.18471702867628423,0.5745242597140698,True
6bba_fc83837d,6bba,synthetic,0.422671377658844,5203,0.1868697486470239,0.5745242597140698,True
6bba_fe670320,6bba,real,0.4229150116443634,3980,0.17915686963555996,0.5745242597140698,True
6bba_fe670320,6bba,synthetic,0.4103827178478241,3984,0.17925327463466303,0.5745242597140698,True
