model,component,source,updates,parameters,seconds,peak_gpu_gib,unique_groups,unique_positive_groups,external_examples,direct_sources,primary_real_supervised_rows
D_real_44b6,D,,12000,32164,76.41860228730366,0.07473230361938477,10674,1893,0,44b6,
D_real_44b6_seed2,D,,12000,32164,79.6839071069844,0.07473230361938477,10674,1893,0,44b6,
D_real_6bba,D,,12000,32164,75.67641859315336,0.08246421813964844,27229,9783,0,6bba,
D_real_6bba_seed2,D,,12000,32164,79.2097196970135,0.08246421813964844,27229,9783,0,6bba,
D_real_adapt_44b6,D,44b6,8000,32164,89.76864849636331,0.07046175003051758,10674,1893,0,44b6,384000.0
D_real_adapt_6bba,D,6bba,8000,32164,90.47015484515578,0.07819366455078125,27229,9783,0,6bba,384000.0
D_synthetic,D,,12000,32164,79.15186998900026,0.09064483642578125,44352,22176,1386,synthetic,
D_synthetic_adapt_44b6,D,44b6,8000,32164,83.98672313196585,0.09084272384643555,55026,24069,1386,"44b6,synthetic",384000.0
D_synthetic_adapt_6bba,D,6bba,8000,32164,86.93126228032634,0.09857463836669922,71581,31959,1386,"6bba,synthetic",384000.0
D_synthetic_seed2,D,,12000,32164,77.35045540099964,0.09064483642578125,44352,22176,1386,synthetic,
G_C1_44b6,G,44b6,8000,892420,225.97338229883462,0.09073495864868164,7688,20,0,44b6,384000.0
G_C1_6bba,G,6bba,8000,892420,212.26008069003,0.09380340576171875,14207,84,0,6bba,384000.0
G_C1_seed2_44b6,G,44b6,8000,892420,213.27208650205284,0.09073495864868164,7688,20,0,44b6,384000.0
G_C1_seed2_6bba,G,6bba,8000,892420,222.8782028327696,0.09380340576171875,14207,84,0,6bba,384000.0
G_C1short_44b6,G,44b6,8000,892420,216.5072171939537,0.08740806579589844,7688,20,0,44b6,384000.0
G_C1short_6bba,G,6bba,8000,892420,218.73662659199908,0.09047651290893555,14207,84,0,6bba,384000.0
G_C2_44b6,G,44b6,8000,892420,211.22538445703685,0.1317129135131836,96525,41505,1973,"44b6,synthetic",384000.0
G_C2_6bba,G,6bba,8000,892420,211.02005293313414,0.1347813606262207,103044,41569,1973,"6bba,synthetic",384000.0
G_C3_44b6,G,44b6,8000,892420,223.33504213392735,0.09073495864868164,7688,20,0,44b6,384000.0
G_C3_6bba,G,6bba,8000,892420,223.67956979759037,0.09380340576171875,14207,84,0,6bba,384000.0
G_C4_44b6,G,44b6,8000,892420,210.65151940379292,0.14903974533081055,103151,43026,1974,"44b6,synthetic,zebrafish",384000.0
G_C4_6bba,G,6bba,8000,892420,209.7536312500015,0.1518402099609375,109670,43090,1974,"6bba,synthetic,zebrafish",384000.0
G_C4_seed2_44b6,G,44b6,8000,892420,209.65438131336123,0.14903974533081055,103151,43026,1974,"44b6,synthetic,zebrafish",384000.0
G_C4_seed2_6bba,G,6bba,8000,892420,206.75050476705655,0.1518402099609375,109670,43090,1974,"6bba,synthetic,zebrafish",384000.0
G_C5_44b6,G,44b6,8000,892420,213.6801751810126,0.1501297950744629,89570,36909,1975,"44b6,synthetic,zebrafish,ascidian",384000.0
G_C5_6bba,G,6bba,8000,892420,217.63536660326645,0.15318775177001953,96089,36973,1975,"6bba,synthetic,zebrafish,ascidian",384000.0
G_C6_44b6,G,44b6,8000,892420,212.16772988531739,0.14903974533081055,103151,43026,1974,"44b6,synthetic,zebrafish",384000.0
G_C6_6bba,G,6bba,8000,892420,209.0868297610432,0.1518402099609375,109670,43090,1974,"6bba,synthetic,zebrafish",384000.0
G_C7_44b6,G,44b6,8000,892420,215.76969677582383,0.14903974533081055,103151,43026,1974,"44b6,synthetic,zebrafish",384000.0
G_C7_6bba,G,6bba,8000,892420,214.8948596729897,0.1518402099609375,109670,43090,1974,"6bba,synthetic,zebrafish",384000.0
G_combined,G,,20000,892420,294.0829347423278,0.1426382064819336,129377,61568,1974,"synthetic,zebrafish",
G_external_seed2,G,,20000,892420,294.42551030777395,0.1426382064819336,129377,61568,1974,"synthetic,zebrafish",
G_fish,G,,20000,892420,292.21140799392015,0.1050729751586914,40540,20083,1,zebrafish,
G_multispecies,G,,20000,892420,299.99459530599415,0.14398574829101562,132399,61700,1975,"synthetic,zebrafish,ascidian",
G_real_44b6,G,,20000,892420,294.2634825143032,0.08786630630493164,7688,20,0,44b6,
G_real_44b6_seed2,G,,20000,892420,299.46068761870265,0.08786630630493164,7688,20,0,44b6,
G_real_6bba,G,,20000,892420,298.76304388185963,0.09093475341796875,14207,84,0,6bba,
G_real_6bba_seed2,G,,20000,892420,299.16186654474586,0.09093475341796875,14207,84,0,6bba,
G_synthetic,G,,20000,892420,303.67277902457863,0.12548208236694336,88837,41485,1973,synthetic,
I_C1_44b6,I,44b6,8000,254884,227.4462582198903,0.1533193588256836,7688,20,0,44b6,96000.0
I_C1_6bba,I,6bba,8000,254884,226.91925861127675,0.22577953338623047,14207,84,0,6bba,96000.0
I_C1_seed2_44b6,I,44b6,8000,254884,224.10406300611794,0.1533193588256836,7688,20,0,44b6,96000.0
I_C1_seed2_6bba,I,6bba,8000,254884,224.62060327036306,0.22577953338623047,14207,84,0,6bba,96000.0
I_C1short_44b6,I,44b6,8000,254884,222.18782593868673,0.15236616134643555,7688,20,0,44b6,96000.0
I_C1short_6bba,I,6bba,8000,254884,233.52443103538826,0.22482633590698242,14207,84,0,6bba,96000.0
I_C2_44b6,I,44b6,8000,254884,227.46712328121066,1.1163525581359863,39688,16020,1973,"44b6,synthetic",96000.0
I_C2_6bba,I,6bba,8000,254884,219.23964653676376,1.1888127326965332,46207,16084,1973,"6bba,synthetic",96000.0
I_C3_44b6,I,44b6,8000,254884,227.47921159211546,0.1533193588256836,7688,20,0,44b6,96000.0
I_C3_6bba,I,6bba,8000,254884,226.13808125862852,0.22577953338623047,14207,84,0,6bba,96000.0
I_C4_44b6,I,44b6,8000,254884,221.9350899970159,1.1163525581359863,39688,16020,1973,"44b6,synthetic",96000.0
I_C4_6bba,I,6bba,8000,254884,217.20885105337948,1.1888127326965332,46207,16084,1973,"6bba,synthetic",96000.0
I_C4_seed2_44b6,I,44b6,8000,254884,223.96304396307096,1.1163525581359863,39688,16020,1973,"44b6,synthetic",96000.0
I_C4_seed2_6bba,I,6bba,8000,254884,222.71366959391162,1.1888127326965332,46207,16084,1973,"6bba,synthetic",96000.0
I_C5_44b6,I,44b6,8000,254884,229.36039506085217,1.1163525581359863,39688,16020,1973,"44b6,synthetic",96000.0
I_C5_6bba,I,6bba,8000,254884,219.1116235353984,1.1888127326965332,46207,16084,1973,"6bba,synthetic",96000.0
I_C6_44b6,I,44b6,8000,254884,229.8004383458756,1.1163525581359863,39688,16020,1973,"44b6,synthetic",96000.0
I_C6_6bba,I,6bba,8000,254884,230.6268109451048,1.1888127326965332,46207,16084,1973,"6bba,synthetic",96000.0
I_C7_44b6,I,44b6,8000,254884,225.2168417647481,1.5219430923461914,39688,16020,1974,"44b6,synthetic,rendered_zoo_44b6",96000.0
I_C7_6bba,I,6bba,8000,254884,224.7745619462803,1.593977928161621,46207,16084,1974,"6bba,synthetic,rendered_zoo_6bba",96000.0
I_external_seed2,I,,20000,254884,303.95962236775085,1.0447134971618652,88837,41485,1973,synthetic,
I_randomized_44b6,I,,20000,254884,296.186559792608,1.0447134971618652,88837,41485,1973,synthetic,
I_randomized_6bba,I,,20000,254884,314.88677300093696,1.0447134971618652,88837,41485,1973,synthetic,
I_real_44b6,I,,20000,254884,300.11505279364064,0.1556682586669922,7688,20,0,44b6,
I_real_44b6_seed2,I,,20000,254884,299.201233362779,0.1556682586669922,7688,20,0,44b6,
I_real_6bba,I,,20000,254884,302.71173976082355,0.2279067039489746,14207,84,0,6bba,
I_real_6bba_seed2,I,,20000,254884,300.5779955200851,0.2279067039489746,14207,84,0,6bba,
I_rendered_44b6,I,,20000,254884,298.7314738049172,1.4499311447143555,129377,61568,1974,"synthetic,rendered_zoo_44b6",
I_rendered_6bba,I,,20000,254884,299.9349191598594,1.4499311447143555,129377,61568,1974,"synthetic,rendered_zoo_6bba",
I_synthetic,I,,20000,254884,311.2385709374212,1.0447134971618652,88837,41485,1973,synthetic,
