dataset,embryo,cap,edges,gt_transitions_covered,gt_transitions_lost_given_endpoints
44b6_0113de3b,44b6,4,99717,48,0
44b6_0113de3b,44b6,8,108469,48,0
44b6_0113de3b,44b6,16,108470,48,0
44b6_0b24845f,44b6,4,70731,49,0
44b6_0b24845f,44b6,8,73345,49,0
44b6_0b24845f,44b6,16,73345,49,0
44b6_0c582fdc,44b6,4,115047,70,0
44b6_0c582fdc,44b6,8,132956,70,0
44b6_0c582fdc,44b6,16,133005,70,0
44b6_0db75fae,44b6,4,76043,149,0
44b6_0db75fae,44b6,8,88670,149,0
44b6_0db75fae,44b6,16,88709,149,0
44b6_12dfb391,44b6,4,183812,761,0
44b6_12dfb391,44b6,8,222162,761,0
44b6_12dfb391,44b6,16,222973,761,0
44b6_144b256d,44b6,4,104933,119,0
44b6_144b256d,44b6,8,116236,119,0
44b6_144b256d,44b6,16,116292,119,0
44b6_1574802b,44b6,4,81374,145,0
44b6_1574802b,44b6,8,94012,145,0
44b6_1574802b,44b6,16,94048,145,0
44b6_18ced818,44b6,4,340423,99,0
44b6_18ced818,44b6,8,478581,99,0
44b6_18ced818,44b6,16,483985,99,0
44b6_1d530831,44b6,4,152605,256,5
44b6_1d530831,44b6,8,191885,261,0
44b6_1d530831,44b6,16,192938,261,0
44b6_24264f12,44b6,4,112046,218,0
44b6_24264f12,44b6,8,137545,218,0
44b6_24264f12,44b6,16,137754,218,0
44b6_267148e4,44b6,4,101215,269,6
44b6_267148e4,44b6,8,119194,271,4
44b6_267148e4,44b6,16,119248,271,4
44b6_2a2eff9f,44b6,4,167093,208,2
44b6_2a2eff9f,44b6,8,199568,210,0
44b6_2a2eff9f,44b6,16,199937,210,0
44b6_2f31fc2f,44b6,4,81548,81,4
44b6_2f31fc2f,44b6,8,88636,83,2
44b6_2f31fc2f,44b6,16,88647,83,2
44b6_33b596bf,44b6,4,102325,49,0
44b6_33b596bf,44b6,8,120414,49,0
44b6_33b596bf,44b6,16,120441,49,0
44b6_341df25f,44b6,4,22659,209,0
44b6_341df25f,44b6,8,22866,209,0
44b6_341df25f,44b6,16,22866,209,0
44b6_3a861e03,44b6,4,148332,906,0
44b6_3a861e03,44b6,8,169388,906,0
44b6_3a861e03,44b6,16,169462,906,0
44b6_3bb3690f,44b6,4,61494,391,0
44b6_3bb3690f,44b6,8,69747,391,0
44b6_3bb3690f,44b6,16,69763,391,0
44b6_40c45f5a,44b6,4,129997,198,0
44b6_40c45f5a,44b6,8,156302,198,0
44b6_40c45f5a,44b6,16,156443,198,0
44b6_415c0a3a,44b6,4,134552,322,0
44b6_415c0a3a,44b6,8,154122,322,0
44b6_415c0a3a,44b6,16,154219,322,0
44b6_53f95252,44b6,4,114544,68,0
44b6_53f95252,44b6,8,128752,68,0
44b6_53f95252,44b6,16,129052,68,0
44b6_551a5dba,44b6,4,130757,220,0
44b6_551a5dba,44b6,8,160252,220,0
44b6_551a5dba,44b6,16,160961,220,0
44b6_5740d24b,44b6,4,36926,170,0
44b6_5740d24b,44b6,8,38258,170,0
44b6_5740d24b,44b6,16,38258,170,0
44b6_587a1e22,44b6,4,77389,371,0
44b6_587a1e22,44b6,8,85113,371,0
44b6_587a1e22,44b6,16,85116,371,0
44b6_5f15d135,44b6,4,87059,269,0
44b6_5f15d135,44b6,8,97212,269,0
44b6_5f15d135,44b6,16,97231,269,0
44b6_668e0cc7,44b6,4,144994,630,0
44b6_668e0cc7,44b6,8,171501,630,0
44b6_668e0cc7,44b6,16,171628,630,0
44b6_66f9292d,44b6,4,80192,198,0
44b6_66f9292d,44b6,8,85699,198,0
44b6_66f9292d,44b6,16,85782,198,0
44b6_706092f0,44b6,4,106232,108,0
44b6_706092f0,44b6,8,119194,108,0
44b6_706092f0,44b6,16,119471,108,0
44b6_71a4179f,44b6,4,114196,116,0
44b6_71a4179f,44b6,8,126141,116,0
44b6_71a4179f,44b6,16,126244,116,0
44b6_74d0c52e,44b6,4,25664,139,0
44b6_74d0c52e,44b6,8,25828,139,0
44b6_74d0c52e,44b6,16,25828,139,0
44b6_7a302da0,44b6,4,186177,507,0
44b6_7a302da0,44b6,8,228441,507,0
44b6_7a302da0,44b6,16,229511,507,0
44b6_7e557709,44b6,4,188223,556,0
44b6_7e557709,44b6,8,225589,556,0
44b6_7e557709,44b6,16,225880,556,0
44b6_808952d6,44b6,4,43844,179,0
44b6_808952d6,44b6,8,45633,179,0
44b6_808952d6,44b6,16,45633,179,0
44b6_81c256f0,44b6,4,31284,197,0
44b6_81c256f0,44b6,8,31788,197,0
44b6_81c256f0,44b6,16,31788,197,0
44b6_87bba6c4,44b6,4,129531,133,3
44b6_87bba6c4,44b6,8,150180,133,3
44b6_87bba6c4,44b6,16,150266,133,3
44b6_8cc6506c,44b6,4,77000,394,0
44b6_8cc6506c,44b6,8,90685,394,0
44b6_8cc6506c,44b6,16,90737,394,0
44b6_8f5ab931,44b6,4,120087,588,1
44b6_8f5ab931,44b6,8,150488,589,0
44b6_8f5ab931,44b6,16,151019,589,0
44b6_8f9ecab4,44b6,4,166556,370,0
44b6_8f9ecab4,44b6,8,204655,370,0
44b6_8f9ecab4,44b6,16,205836,370,0
44b6_90724892,44b6,4,98743,103,0
44b6_90724892,44b6,8,117958,103,0
44b6_90724892,44b6,16,118007,103,0
44b6_949adeb1,44b6,4,171398,363,4
44b6_949adeb1,44b6,8,217167,366,1
44b6_949adeb1,44b6,16,217771,366,1
44b6_95029e92,44b6,4,7311,198,0
44b6_95029e92,44b6,8,7311,198,0
44b6_95029e92,44b6,16,7311,198,0
44b6_97725144,44b6,4,118432,219,0
44b6_97725144,44b6,8,124570,219,0
44b6_97725144,44b6,16,124606,219,0
44b6_996155de,44b6,4,19769,370,0
44b6_996155de,44b6,8,19807,370,0
44b6_996155de,44b6,16,19807,370,0
44b6_9be80b04,44b6,4,101633,216,0
44b6_9be80b04,44b6,8,113646,216,0
44b6_9be80b04,44b6,16,113723,216,0
44b6_9bfa6a0a,44b6,4,158645,259,0
44b6_9bfa6a0a,44b6,8,188526,259,0
44b6_9bfa6a0a,44b6,16,189058,259,0
44b6_a21120c2,44b6,4,91662,286,0
44b6_a21120c2,44b6,8,104712,286,0
44b6_a21120c2,44b6,16,104722,286,0
44b6_a2bb48bb,44b6,4,203227,407,1
44b6_a2bb48bb,44b6,8,252324,408,0
44b6_a2bb48bb,44b6,16,253065,408,0
44b6_aaf8b0ea,44b6,4,45419,203,0
44b6_aaf8b0ea,44b6,8,47412,203,0
44b6_aaf8b0ea,44b6,16,47413,203,0
44b6_abf82518,44b6,4,110259,94,0
44b6_abf82518,44b6,8,133474,94,0
44b6_abf82518,44b6,16,133712,94,0
44b6_b2c44266,44b6,4,144231,159,0
44b6_b2c44266,44b6,8,164050,159,0
44b6_b2c44266,44b6,16,164146,159,0
44b6_c15fded2,44b6,4,78406,101,1
44b6_c15fded2,44b6,8,88752,101,1
44b6_c15fded2,44b6,16,88763,101,1
44b6_c50204e0,44b6,4,164756,317,0
44b6_c50204e0,44b6,8,200521,317,0
44b6_c50204e0,44b6,16,201169,317,0
44b6_c771cb04,44b6,4,123907,216,3
44b6_c771cb04,44b6,8,151720,218,1
44b6_c771cb04,44b6,16,152341,218,1
44b6_c8e2a523,44b6,4,114940,160,1
44b6_c8e2a523,44b6,8,134302,160,1
44b6_c8e2a523,44b6,16,134365,160,1
44b6_c96cfa10,44b6,4,161024,600,1
44b6_c96cfa10,44b6,8,209354,600,1
44b6_c96cfa10,44b6,16,212037,600,1
44b6_cf2536e8,44b6,4,75630,75,0
44b6_cf2536e8,44b6,8,78786,75,0
44b6_cf2536e8,44b6,16,78788,75,0
44b6_cf8fed6b,44b6,4,184285,187,1
44b6_cf8fed6b,44b6,8,213555,188,0
44b6_cf8fed6b,44b6,16,213585,188,0
44b6_d29c9ab2,44b6,4,150553,1315,1
44b6_d29c9ab2,44b6,8,169685,1315,1
44b6_d29c9ab2,44b6,16,169728,1315,1
44b6_d2f34f90,44b6,4,61949,278,0
44b6_d2f34f90,44b6,8,68725,278,0
44b6_d2f34f90,44b6,16,68749,278,0
44b6_d5e7d891,44b6,4,194309,877,4
44b6_d5e7d891,44b6,8,259517,878,3
44b6_d5e7d891,44b6,16,261874,878,3
44b6_d754aa59,44b6,4,12206,68,0
44b6_d754aa59,44b6,8,12206,68,0
44b6_d754aa59,44b6,16,12206,68,0
44b6_d78e09d9,44b6,4,97909,436,1
44b6_d78e09d9,44b6,8,117979,436,1
44b6_d78e09d9,44b6,16,118111,436,1
44b6_db3c847b,44b6,4,58526,158,0
44b6_db3c847b,44b6,8,64667,158,0
44b6_db3c847b,44b6,16,64701,158,0
44b6_ddf577ad,44b6,4,162567,631,8
44b6_ddf577ad,44b6,8,208994,638,1
44b6_ddf577ad,44b6,16,210873,638,1
44b6_deabac95,44b6,4,60066,122,0
44b6_deabac95,44b6,8,65120,122,0
44b6_deabac95,44b6,16,65120,122,0
44b6_e28840c6,44b6,4,101994,298,0
44b6_e28840c6,44b6,8,116914,298,0
44b6_e28840c6,44b6,16,117063,298,0
44b6_e29f0176,44b6,4,53753,48,0
44b6_e29f0176,44b6,8,55956,48,0
44b6_e29f0176,44b6,16,55956,48,0
44b6_e31261b4,44b6,4,308898,110,1
44b6_e31261b4,44b6,8,411109,110,1
44b6_e31261b4,44b6,16,413067,110,1
44b6_e35b117d,44b6,4,75808,246,0
44b6_e35b117d,44b6,8,83187,246,0
44b6_e35b117d,44b6,16,83199,246,0
44b6_e57ff5c6,44b6,4,69942,165,0
44b6_e57ff5c6,44b6,8,73997,165,0
44b6_e57ff5c6,44b6,16,73999,165,0
44b6_eb2880fc,44b6,4,155975,375,1
44b6_eb2880fc,44b6,8,183128,375,1
44b6_eb2880fc,44b6,16,183316,375,1
44b6_f28707c6,44b6,4,92707,61,0
44b6_f28707c6,44b6,8,102792,61,0
44b6_f28707c6,44b6,16,102794,61,0
6bba_05b6850b,6bba,4,9484,838,1
6bba_05b6850b,6bba,8,9484,838,1
6bba_05b6850b,6bba,16,9484,838,1
6bba_05db0fb1,6bba,4,260868,1142,11
6bba_05db0fb1,6bba,8,271816,1143,10
6bba_05db0fb1,6bba,16,271816,1143,10
6bba_062c8d37,6bba,4,9668,898,0
6bba_062c8d37,6bba,8,9668,898,0
6bba_062c8d37,6bba,16,9668,898,0
6bba_07477033,6bba,4,7353,602,0
6bba_07477033,6bba,8,7353,602,0
6bba_07477033,6bba,16,7353,602,0
6bba_07e24132,6bba,4,92107,313,0
6bba_07e24132,6bba,8,94116,313,0
6bba_07e24132,6bba,16,94116,313,0
6bba_085bf656,6bba,4,12961,1162,0
6bba_085bf656,6bba,8,12961,1162,0
6bba_085bf656,6bba,16,12961,1162,0
6bba_09961292,6bba,4,101156,1843,10
6bba_09961292,6bba,8,103844,1844,9
6bba_09961292,6bba,16,103844,1844,9
6bba_0c7fa718,6bba,4,36651,644,2
6bba_0c7fa718,6bba,8,36674,644,2
6bba_0c7fa718,6bba,16,36674,644,2
6bba_0e7c0d07,6bba,4,67565,181,3
6bba_0e7c0d07,6bba,8,67660,181,3
6bba_0e7c0d07,6bba,16,67660,181,3
6bba_12665c0e,6bba,4,14699,969,0
6bba_12665c0e,6bba,8,14700,969,0
6bba_12665c0e,6bba,16,14700,969,0
6bba_13f19531,6bba,4,8272,702,0
6bba_13f19531,6bba,8,8272,702,0
6bba_13f19531,6bba,16,8272,702,0
6bba_15403b9a,6bba,4,11294,720,0
6bba_15403b9a,6bba,8,11294,720,0
6bba_15403b9a,6bba,16,11294,720,0
6bba_1d0d8384,6bba,4,43700,1301,11
6bba_1d0d8384,6bba,8,44209,1301,11
6bba_1d0d8384,6bba,16,44209,1301,11
6bba_1ebfb80d,6bba,4,28849,700,0
6bba_1ebfb80d,6bba,8,29016,700,0
6bba_1ebfb80d,6bba,16,29016,700,0
6bba_1f58c2f6,6bba,4,96981,285,4
6bba_1f58c2f6,6bba,8,97235,285,4
6bba_1f58c2f6,6bba,16,97235,285,4
6bba_207c6aaf,6bba,4,43630,377,9
6bba_207c6aaf,6bba,8,43642,377,9
6bba_207c6aaf,6bba,16,43642,377,9
6bba_20852818,6bba,4,22129,858,3
6bba_20852818,6bba,8,22153,858,3
6bba_20852818,6bba,16,22153,858,3
6bba_2312ac41,6bba,4,22416,1129,1
6bba_2312ac41,6bba,8,22416,1129,1
6bba_2312ac41,6bba,16,22416,1129,1
6bba_23af9eeb,6bba,4,6001,499,0
6bba_23af9eeb,6bba,8,6001,499,0
6bba_23af9eeb,6bba,16,6001,499,0
6bba_2540cd90,6bba,4,4232,523,0
6bba_2540cd90,6bba,8,4232,523,0
6bba_2540cd90,6bba,16,4232,523,0
6bba_2646afc7,6bba,4,8043,704,0
6bba_2646afc7,6bba,8,8043,704,0
6bba_2646afc7,6bba,16,8043,704,0
6bba_268e1230,6bba,4,7991,584,0
6bba_268e1230,6bba,8,7991,584,0
6bba_268e1230,6bba,16,7991,584,0
6bba_2819ca14,6bba,4,7717,934,1
6bba_2819ca14,6bba,8,7717,934,1
6bba_2819ca14,6bba,16,7717,934,1
6bba_283bf9f1,6bba,4,47678,1260,2
6bba_283bf9f1,6bba,8,47679,1260,2
6bba_283bf9f1,6bba,16,47679,1260,2
6bba_312f0dc3,6bba,4,18153,498,0
6bba_312f0dc3,6bba,8,18154,498,0
6bba_312f0dc3,6bba,16,18154,498,0
6bba_32db13fc,6bba,4,138991,721,6
6bba_32db13fc,6bba,8,139743,721,6
6bba_32db13fc,6bba,16,139743,721,6
6bba_337b1b3a,6bba,4,70832,1202,6
6bba_337b1b3a,6bba,8,70853,1202,6
6bba_337b1b3a,6bba,16,70853,1202,6
6bba_372c8cb8,6bba,4,9115,1003,0
6bba_372c8cb8,6bba,8,9115,1003,0
6bba_372c8cb8,6bba,16,9115,1003,0
6bba_3a1849c2,6bba,4,11439,1127,0
6bba_3a1849c2,6bba,8,11440,1127,0
6bba_3a1849c2,6bba,16,11440,1127,0
6bba_3abfe10a,6bba,4,172100,892,10
6bba_3abfe10a,6bba,8,174482,892,10
6bba_3abfe10a,6bba,16,174482,892,10
6bba_3c5691b6,6bba,4,8961,744,0
6bba_3c5691b6,6bba,8,8961,744,0
6bba_3c5691b6,6bba,16,8961,744,0
6bba_3db54e20,6bba,4,70817,457,4
6bba_3db54e20,6bba,8,71238,457,4
6bba_3db54e20,6bba,16,71238,457,4
6bba_3fda6b25,6bba,4,12492,1172,0
6bba_3fda6b25,6bba,8,12492,1172,0
6bba_3fda6b25,6bba,16,12492,1172,0
6bba_43fea39d,6bba,4,8826,865,0
6bba_43fea39d,6bba,8,8826,865,0
6bba_43fea39d,6bba,16,8826,865,0
6bba_474be664,6bba,4,76203,251,2
6bba_474be664,6bba,8,77099,251,2
6bba_474be664,6bba,16,77099,251,2
6bba_48816121,6bba,4,55034,900,3
6bba_48816121,6bba,8,55042,900,3
6bba_48816121,6bba,16,55042,900,3
6bba_4aa14c89,6bba,4,13031,661,1
6bba_4aa14c89,6bba,8,13038,661,1
6bba_4aa14c89,6bba,16,13038,661,1
6bba_4f99ce20,6bba,4,9431,1001,0
6bba_4f99ce20,6bba,8,9431,1001,0
6bba_4f99ce20,6bba,16,9431,1001,0
6bba_4ffd3da3,6bba,4,42010,664,1
6bba_4ffd3da3,6bba,8,42013,664,1
6bba_4ffd3da3,6bba,16,42013,664,1
6bba_55b7eebe,6bba,4,6300,686,0
6bba_55b7eebe,6bba,8,6300,686,0
6bba_55b7eebe,6bba,16,6300,686,0
6bba_55c70843,6bba,4,128550,423,11
6bba_55c70843,6bba,8,133927,423,11
6bba_55c70843,6bba,16,133928,423,11
6bba_57b7cc1e,6bba,4,236037,1399,42
6bba_57b7cc1e,6bba,8,239126,1399,42
6bba_57b7cc1e,6bba,16,239126,1399,42
6bba_5a4d9360,6bba,4,9480,717,0
6bba_5a4d9360,6bba,8,9480,717,0
6bba_5a4d9360,6bba,16,9480,717,0
6bba_5b28472a,6bba,4,8446,715,0
6bba_5b28472a,6bba,8,8446,715,0
6bba_5b28472a,6bba,16,8446,715,0
6bba_5c039895,6bba,4,11987,1141,1
6bba_5c039895,6bba,8,11987,1141,1
6bba_5c039895,6bba,16,11987,1141,1
6bba_5c824876,6bba,4,59670,1114,0
6bba_5c824876,6bba,8,59691,1114,0
6bba_5c824876,6bba,16,59691,1114,0
6bba_5dfe9ad1,6bba,4,66779,1449,2
6bba_5dfe9ad1,6bba,8,66788,1449,2
6bba_5dfe9ad1,6bba,16,66788,1449,2
6bba_5f89039d,6bba,4,5467,885,0
6bba_5f89039d,6bba,8,5467,885,0
6bba_5f89039d,6bba,16,5467,885,0
6bba_61dd1e0d,6bba,4,16973,533,1
6bba_61dd1e0d,6bba,8,16973,533,1
6bba_61dd1e0d,6bba,16,16973,533,1
6bba_61ecbe65,6bba,4,8677,609,0
6bba_61ecbe65,6bba,8,8677,609,0
6bba_61ecbe65,6bba,16,8677,609,0
6bba_6321a359,6bba,4,6384,785,0
6bba_6321a359,6bba,8,6384,785,0
6bba_6321a359,6bba,16,6384,785,0
6bba_6479435d,6bba,4,67081,497,10
6bba_6479435d,6bba,8,67276,497,10
6bba_6479435d,6bba,16,67276,497,10
6bba_67ebd073,6bba,4,41746,411,5
6bba_67ebd073,6bba,8,41768,411,5
6bba_67ebd073,6bba,16,41768,411,5
6bba_6ca87370,6bba,4,12395,1041,1
6bba_6ca87370,6bba,8,12395,1041,1
6bba_6ca87370,6bba,16,12395,1041,1
6bba_6db0e9b4,6bba,4,68288,440,0
6bba_6db0e9b4,6bba,8,68791,440,0
6bba_6db0e9b4,6bba,16,68791,440,0
6bba_6feb10f0,6bba,4,22765,1137,6
6bba_6feb10f0,6bba,8,22765,1137,6
6bba_6feb10f0,6bba,16,22765,1137,6
6bba_6feeb0b1,6bba,4,12342,1325,0
6bba_6feeb0b1,6bba,8,12342,1325,0
6bba_6feeb0b1,6bba,16,12342,1325,0
6bba_705ec2c9,6bba,4,10258,550,1
6bba_705ec2c9,6bba,8,10258,550,1
6bba_705ec2c9,6bba,16,10258,550,1
6bba_718b21f9,6bba,4,5036,649,0
6bba_718b21f9,6bba,8,5036,649,0
6bba_718b21f9,6bba,16,5036,649,0
6bba_74686d6a,6bba,4,66171,574,2
6bba_74686d6a,6bba,8,66782,574,2
6bba_74686d6a,6bba,16,66782,574,2
6bba_767a1e17,6bba,4,158507,599,13
6bba_767a1e17,6bba,8,159168,599,13
6bba_767a1e17,6bba,16,159168,599,13
6bba_76db78c1,6bba,4,6118,604,0
6bba_76db78c1,6bba,8,6118,604,0
6bba_76db78c1,6bba,16,6118,604,0
6bba_784a78c9,6bba,4,22288,1732,0
6bba_784a78c9,6bba,8,22288,1732,0
6bba_784a78c9,6bba,16,22288,1732,0
6bba_786893ac,6bba,4,189226,1282,30
6bba_786893ac,6bba,8,194173,1283,29
6bba_786893ac,6bba,16,194173,1283,29
6bba_789f8168,6bba,4,24624,680,0
6bba_789f8168,6bba,8,24640,680,0
6bba_789f8168,6bba,16,24640,680,0
6bba_78a7bd97,6bba,4,128114,781,9
6bba_78a7bd97,6bba,8,130089,781,9
6bba_78a7bd97,6bba,16,130089,781,9
6bba_7af54fde,6bba,4,19431,1062,2
6bba_7af54fde,6bba,8,19435,1062,2
6bba_7af54fde,6bba,16,19435,1062,2
6bba_7b5d3b2c,6bba,4,7605,550,0
6bba_7b5d3b2c,6bba,8,7605,550,0
6bba_7b5d3b2c,6bba,16,7605,550,0
6bba_7d3058ae,6bba,4,11642,1171,0
6bba_7d3058ae,6bba,8,11642,1171,0
6bba_7d3058ae,6bba,16,11642,1171,0
6bba_7f87b3d8,6bba,4,22898,921,2
6bba_7f87b3d8,6bba,8,22899,921,2
6bba_7f87b3d8,6bba,16,22899,921,2
6bba_80d12824,6bba,4,16931,631,0
6bba_80d12824,6bba,8,16937,631,0
6bba_80d12824,6bba,16,16937,631,0
6bba_825bd1c6,6bba,4,14595,914,4
6bba_825bd1c6,6bba,8,14595,914,4
6bba_825bd1c6,6bba,16,14595,914,4
6bba_87289e13,6bba,4,35736,690,5
6bba_87289e13,6bba,8,35751,690,5
6bba_87289e13,6bba,16,35751,690,5
6bba_8b7818bf,6bba,4,8830,725,0
6bba_8b7818bf,6bba,8,8830,725,0
6bba_8b7818bf,6bba,16,8830,725,0
6bba_907271db,6bba,4,10409,916,0
6bba_907271db,6bba,8,10409,916,0
6bba_907271db,6bba,16,10409,916,0
6bba_91951b3a,6bba,4,20949,1142,0
6bba_91951b3a,6bba,8,20949,1142,0
6bba_91951b3a,6bba,16,20949,1142,0
6bba_96833384,6bba,4,6568,706,0
6bba_96833384,6bba,8,6568,706,0
6bba_96833384,6bba,16,6568,706,0
6bba_969618f6,6bba,4,32385,653,0
6bba_969618f6,6bba,8,32385,653,0
6bba_969618f6,6bba,16,32385,653,0
6bba_971fa5e0,6bba,4,8007,767,0
6bba_971fa5e0,6bba,8,8007,767,0
6bba_971fa5e0,6bba,16,8007,767,0
6bba_9a41d029,6bba,4,48960,1324,1
6bba_9a41d029,6bba,8,49163,1324,1
6bba_9a41d029,6bba,16,49163,1324,1
6bba_9e23430b,6bba,4,13757,869,4
6bba_9e23430b,6bba,8,13758,869,4
6bba_9e23430b,6bba,16,13758,869,4
6bba_a5e926bb,6bba,4,15898,695,0
6bba_a5e926bb,6bba,8,15898,695,0
6bba_a5e926bb,6bba,16,15898,695,0
6bba_a90a0b9c,6bba,4,95217,933,27
6bba_a90a0b9c,6bba,8,96729,934,26
6bba_a90a0b9c,6bba,16,96729,934,26
6bba_ab78413d,6bba,4,26264,970,14
6bba_ab78413d,6bba,8,26271,970,14
6bba_ab78413d,6bba,16,26271,970,14
6bba_acd782a8,6bba,4,50260,322,2
6bba_acd782a8,6bba,8,50272,322,2
6bba_acd782a8,6bba,16,50272,322,2
6bba_ae82a791,6bba,4,11351,1467,1
6bba_ae82a791,6bba,8,11351,1467,1
6bba_ae82a791,6bba,16,11351,1467,1
6bba_aeee7805,6bba,4,6416,764,0
6bba_aeee7805,6bba,8,6416,764,0
6bba_aeee7805,6bba,16,6416,764,0
6bba_af149c94,6bba,4,12492,1283,2
6bba_af149c94,6bba,8,12492,1283,2
6bba_af149c94,6bba,16,12492,1283,2
6bba_afb141ff,6bba,4,10391,625,1
6bba_afb141ff,6bba,8,10391,625,1
6bba_afb141ff,6bba,16,10391,625,1
6bba_b1ae37b9,6bba,4,82221,564,5
6bba_b1ae37b9,6bba,8,85778,564,5
6bba_b1ae37b9,6bba,16,85778,564,5
6bba_b204cac7,6bba,4,7612,797,0
6bba_b204cac7,6bba,8,7612,797,0
6bba_b204cac7,6bba,16,7612,797,0
6bba_b329af44,6bba,4,244516,1210,3
6bba_b329af44,6bba,8,255185,1212,1
6bba_b329af44,6bba,16,255185,1212,1
6bba_b693381b,6bba,4,11108,931,0
6bba_b693381b,6bba,8,11108,931,0
6bba_b693381b,6bba,16,11108,931,0
6bba_bb9f20c3,6bba,4,60548,1845,3
6bba_bb9f20c3,6bba,8,60743,1845,3
6bba_bb9f20c3,6bba,16,60743,1845,3
6bba_bbb708ca,6bba,4,10768,855,0
6bba_bbb708ca,6bba,8,10768,855,0
6bba_bbb708ca,6bba,16,10768,855,0
6bba_c27cba08,6bba,4,10213,483,0
6bba_c27cba08,6bba,8,10213,483,0
6bba_c27cba08,6bba,16,10213,483,0
6bba_c328f2fd,6bba,4,94838,449,7
6bba_c328f2fd,6bba,8,95300,449,7
6bba_c328f2fd,6bba,16,95300,449,7
6bba_c73a1d11,6bba,4,66541,577,16
6bba_c73a1d11,6bba,8,66595,577,16
6bba_c73a1d11,6bba,16,66595,577,16
6bba_cdcfe533,6bba,4,64382,1345,1
6bba_cdcfe533,6bba,8,64389,1345,1
6bba_cdcfe533,6bba,16,64389,1345,1
6bba_cf35214c,6bba,4,74381,816,1
6bba_cf35214c,6bba,8,74396,816,1
6bba_cf35214c,6bba,16,74396,816,1
6bba_cff5865f,6bba,4,124447,1483,6
6bba_cff5865f,6bba,8,124535,1483,6
6bba_cff5865f,6bba,16,124535,1483,6
6bba_d0fc38b5,6bba,4,8311,813,0
6bba_d0fc38b5,6bba,8,8311,813,0
6bba_d0fc38b5,6bba,16,8311,813,0
6bba_d1acb6ff,6bba,4,38238,621,1
6bba_d1acb6ff,6bba,8,38242,621,1
6bba_d1acb6ff,6bba,16,38242,621,1
6bba_d2b9fc0c,6bba,4,42466,921,0
6bba_d2b9fc0c,6bba,8,42473,921,0
6bba_d2b9fc0c,6bba,16,42473,921,0
6bba_d3da753b,6bba,4,38552,852,3
6bba_d3da753b,6bba,8,38555,852,3
6bba_d3da753b,6bba,16,38555,852,3
6bba_d5eae175,6bba,4,5468,519,0
6bba_d5eae175,6bba,8,5468,519,0
6bba_d5eae175,6bba,16,5468,519,0
6bba_d6ecebbb,6bba,4,9484,854,1
6bba_d6ecebbb,6bba,8,9484,854,1
6bba_d6ecebbb,6bba,16,9484,854,1
6bba_d82a4fc6,6bba,4,83864,520,0
6bba_d82a4fc6,6bba,8,85271,520,0
6bba_d82a4fc6,6bba,16,85271,520,0
6bba_debd7bfa,6bba,4,27551,723,0
6bba_debd7bfa,6bba,8,27554,723,0
6bba_debd7bfa,6bba,16,27554,723,0
6bba_df673a83,6bba,4,46169,649,0
6bba_df673a83,6bba,8,46174,649,0
6bba_df673a83,6bba,16,46174,649,0
6bba_e16ffc58,6bba,4,8834,940,0
6bba_e16ffc58,6bba,8,8834,940,0
6bba_e16ffc58,6bba,16,8834,940,0
6bba_e5e44988,6bba,4,8596,625,0
6bba_e5e44988,6bba,8,8596,625,0
6bba_e5e44988,6bba,16,8596,625,0
6bba_ebdf3b34,6bba,4,200987,779,5
6bba_ebdf3b34,6bba,8,204191,779,5
6bba_ebdf3b34,6bba,16,204191,779,5
6bba_ebff6e76,6bba,4,145881,1132,34
6bba_ebff6e76,6bba,8,149211,1133,33
6bba_ebff6e76,6bba,16,149211,1133,33
6bba_ed9377fd,6bba,4,6662,497,0
6bba_ed9377fd,6bba,8,6662,497,0
6bba_ed9377fd,6bba,16,6662,497,0
6bba_edf14583,6bba,4,173279,758,0
6bba_edf14583,6bba,8,180191,758,0
6bba_edf14583,6bba,16,180191,758,0
6bba_eebc57a5,6bba,4,14922,957,4
6bba_eebc57a5,6bba,8,14922,957,4
6bba_eebc57a5,6bba,16,14922,957,4
6bba_ef7b4f7e,6bba,4,8679,1185,0
6bba_ef7b4f7e,6bba,8,8679,1185,0
6bba_ef7b4f7e,6bba,16,8679,1185,0
6bba_f17befbc,6bba,4,80337,960,12
6bba_f17befbc,6bba,8,81067,960,12
6bba_f17befbc,6bba,16,81067,960,12
6bba_f1fde7e0,6bba,4,20489,435,0
6bba_f1fde7e0,6bba,8,20489,435,0
6bba_f1fde7e0,6bba,16,20489,435,0
6bba_f20478e9,6bba,4,8937,950,0
6bba_f20478e9,6bba,8,8937,950,0
6bba_f20478e9,6bba,16,8937,950,0
6bba_f4ae811c,6bba,4,17307,961,0
6bba_f4ae811c,6bba,8,17307,961,0
6bba_f4ae811c,6bba,16,17307,961,0
6bba_f8ffd5e7,6bba,4,82233,365,3
6bba_f8ffd5e7,6bba,8,82324,366,2
6bba_f8ffd5e7,6bba,16,82324,366,2
6bba_fbc898dc,6bba,4,7309,639,0
6bba_fbc898dc,6bba,8,7309,639,0
6bba_fbc898dc,6bba,16,7309,639,0
6bba_fc516dc6,6bba,4,13470,751,1
6bba_fc516dc6,6bba,8,13470,751,1
6bba_fc516dc6,6bba,16,13470,751,1
6bba_fc5f39dc,6bba,4,38124,431,0
6bba_fc5f39dc,6bba,8,38127,431,0
6bba_fc5f39dc,6bba,16,38127,431,0
6bba_fc83837d,6bba,4,29208,860,6
6bba_fc83837d,6bba,8,29234,860,6
6bba_fc83837d,6bba,16,29234,860,6
6bba_fe670320,6bba,4,24564,674,1
6bba_fe670320,6bba,8,24626,674,1
6bba_fe670320,6bba,16,24626,674,1
