dataset,embryo,source_motion,seconds,gt_nodes,C0_nodes,C0_matched,gt_edges,endpoints_present,candidate_edges,candidate_gt_edges,crowded_endpoint_edges,missed_candidate_edges_crowded,mitotic_endpoint_edges,missed_candidate_edges_mitotic,valid_HOCT_regions,novel_peaks,union_matched,new_peak_matched_nodes,new_peak_new_GT_recovery,union_C0_GT_matches_lost,official_local_candidate_feasible,exact_id_candidate_divisions,oracle_scope,evaluation_only
44b6_0113de3b,44b6,6bba,7.383041609000429,52,25650,49,50,48,108469,48,0,0,0,0,23162,3777,52,7,3,0,0,0,truth-assisted greedy supported links and local timing paths; graph-legal and bank-constrained; not a global upper bound; C0 protection relaxed for headroom,True
44b6_0b24845f,44b6,6bba,5.823725476999243,51,20498,51,49,49,73345,49,0,0,0,0,15914,32898,51,16,0,0,0,0,truth-assisted greedy supported links and local timing paths; graph-legal and bank-constrained; not a global upper bound; C0 protection relaxed for headroom,True
44b6_0c582fdc,44b6,6bba,8.492893931999788,71,27580,71,70,70,132956,70,0,0,0,0,23258,10068,71,3,0,0,0,0,truth-assisted greedy supported links and local timing paths; graph-legal and bank-constrained; not a global upper bound; C0 protection relaxed for headroom,True
44b6_0db75fae,44b6,6bba,5.592772870999397,157,17809,154,151,149,88670,149,0,0,0,0,13435,6030,157,10,3,0,0,0,truth-assisted greedy supported links and local timing paths; graph-legal and bank-constrained; not a global upper bound; C0 protection relaxed for headroom,True
44b6_12dfb391,44b6,6bba,17.929285744205117,788,44829,778,773,761,222162,761,43,0,2,0,40864,20834,788,60,10,0,1,1,truth-assisted greedy supported links and local timing paths; graph-legal and bank-constrained; not a global upper bound; C0 protection relaxed for headroom,True
44b6_144b256d,44b6,6bba,8.757043894000162,121,29891,121,119,119,116236,119,0,0,0,0,27365,39244,121,21,0,0,0,0,truth-assisted greedy supported links and local timing paths; graph-legal and bank-constrained; not a global upper bound; C0 protection relaxed for headroom,True
44b6_1574802b,44b6,6bba,6.048577061999822,155,19610,149,153,145,94012,145,2,0,0,0,16457,5412,155,15,6,0,0,0,truth-assisted greedy supported links and local timing paths; graph-legal and bank-constrained; not a global upper bound; C0 protection relaxed for headroom,True
44b6_18ced818,44b6,6bba,27.69142778300011,100,73496,100,99,99,478581,99,0,0,0,0,57242,37163,100,13,0,0,0,0,truth-assisted greedy supported links and local timing paths; graph-legal and bank-constrained; not a global upper bound; C0 protection relaxed for headroom,True
44b6_1d530831,44b6,6bba,11.686683747000643,276,36229,270,271,261,191885,261,2,0,0,0,30624,14388,276,43,6,0,0,0,truth-assisted greedy supported links and local timing paths; graph-legal and bank-constrained; not a global upper bound; C0 protection relaxed for headroom,True
44b6_24264f12,44b6,6bba,8.379631477999283,230,27034,228,221,218,137545,218,2,0,0,0,23209,6361,230,12,2,0,0,0,truth-assisted greedy supported links and local timing paths; graph-legal and bank-constrained; not a global upper bound; C0 protection relaxed for headroom,True
44b6_267148e4,44b6,6bba,8.489005118999557,280,22305,279,277,275,119194,271,0,0,2,0,15112,10682,280,52,1,0,1,1,truth-assisted greedy supported links and local timing paths; graph-legal and bank-constrained; not a global upper bound; C0 protection relaxed for headroom,True
44b6_2a2eff9f,44b6,6bba,15.923595706000924,214,39990,214,210,210,199568,210,0,0,2,0,34877,24329,214,18,0,0,1,1,truth-assisted greedy supported links and local timing paths; graph-legal and bank-constrained; not a global upper bound; C0 protection relaxed for headroom,True
44b6_2f31fc2f,44b6,6bba,5.859772088000682,89,19728,89,85,85,88636,83,0,0,0,0,14187,18396,89,25,0,0,0,0,truth-assisted greedy supported links and local timing paths; graph-legal and bank-constrained; not a global upper bound; C0 protection relaxed for headroom,True
44b6_33b596bf,44b6,6bba,7.072939596000651,50,23912,50,49,49,120414,49,0,0,0,0,18767,7413,50,5,0,0,0,0,truth-assisted greedy supported links and local timing paths; graph-legal and bank-constrained; not a global upper bound; C0 protection relaxed for headroom,True
44b6_341df25f,44b6,6bba,2.921326814999702,216,8389,216,209,209,22866,209,0,0,2,0,7429,2071,216,6,0,0,1,1,truth-assisted greedy supported links and local timing paths; graph-legal and bank-constrained; not a global upper bound; C0 protection relaxed for headroom,True
44b6_3a861e03,44b6,6bba,11.284683150001001,935,36679,924,919,906,169388,906,0,0,0,0,32417,9809,935,76,11,0,0,0,truth-assisted greedy supported links and local timing paths; graph-legal and bank-constrained; not a global upper bound; C0 protection relaxed for headroom,True
44b6_3bb3690f,44b6,6bba,4.9108162359989365,400,16203,397,396,391,69747,391,6,0,0,0,13562,14486,400,36,3,0,0,0,truth-assisted greedy supported links and local timing paths; graph-legal and bank-constrained; not a global upper bound; C0 protection relaxed for headroom,True
44b6_40c45f5a,44b6,6bba,9.780599092999182,200,29929,200,198,198,156302,198,0,0,0,0,24461,18583,200,19,0,0,0,0,truth-assisted greedy supported links and local timing paths; graph-legal and bank-constrained; not a global upper bound; C0 protection relaxed for headroom,True
44b6_415c0a3a,44b6,6bba,10.58768050800063,331,34241,331,322,322,154122,322,4,0,0,0,30664,28515,331,45,0,0,0,0,truth-assisted greedy supported links and local timing paths; graph-legal and bank-constrained; not a global upper bound; C0 protection relaxed for headroom,True
44b6_53f95252,44b6,6bba,9.081953225000689,70,31473,70,68,68,128752,68,0,0,0,0,27143,17300,70,0,0,0,0,0,truth-assisted greedy supported links and local timing paths; graph-legal and bank-constrained; not a global upper bound; C0 protection relaxed for headroom,True
44b6_551a5dba,44b6,6bba,10.480391990000498,228,31654,223,224,220,160252,220,30,0,0,0,26503,37344,228,30,5,0,0,0,truth-assisted greedy supported links and local timing paths; graph-legal and bank-constrained; not a global upper bound; C0 protection relaxed for headroom,True
44b6_5740d24b,44b6,6bba,3.2743049780001456,173,11447,173,170,170,38258,170,0,0,0,0,9621,11080,173,9,0,0,0,0,truth-assisted greedy supported links and local timing paths; graph-legal and bank-constrained; not a global upper bound; C0 protection relaxed for headroom,True
44b6_587a1e22,44b6,6bba,6.726257199999964,381,18801,381,371,371,85113,371,3,0,2,0,15704,4775,381,54,0,0,1,1,truth-assisted greedy supported links and local timing paths; graph-legal and bank-constrained; not a global upper bound; C0 protection relaxed for headroom,True
44b6_5f15d135,44b6,6bba,8.302093333000812,278,21935,274,273,269,97212,269,4,0,2,0,17975,22910,278,33,4,0,1,1,truth-assisted greedy supported links and local timing paths; graph-legal and bank-constrained; not a global upper bound; C0 protection relaxed for headroom,True
44b6_668e0cc7,44b6,6bba,10.632158603999414,643,33926,642,631,630,171501,630,6,0,0,0,30401,10904,642,40,0,0,0,0,truth-assisted greedy supported links and local timing paths; graph-legal and bank-constrained; not a global upper bound; C0 protection relaxed for headroom,True
44b6_66f9292d,44b6,6bba,6.851692287000333,200,23697,200,198,198,85699,198,3,0,0,0,21597,31834,200,30,0,0,0,0,truth-assisted greedy supported links and local timing paths; graph-legal and bank-constrained; not a global upper bound; C0 protection relaxed for headroom,True
44b6_706092f0,44b6,6bba,11.210659813999882,118,29809,112,117,108,119194,108,0,0,1,0,27120,40312,117,19,5,0,1,0,truth-assisted greedy supported links and local timing paths; graph-legal and bank-constrained; not a global upper bound; C0 protection relaxed for headroom,True
44b6_71a4179f,44b6,6bba,9.50840867199986,121,31997,118,119,116,126141,116,11,0,0,0,29216,36125,121,14,3,0,0,0,truth-assisted greedy supported links and local timing paths; graph-legal and bank-constrained; not a global upper bound; C0 protection relaxed for headroom,True
44b6_74d0c52e,44b6,6bba,3.082098285000029,140,8706,140,139,139,25828,139,0,0,2,0,7386,7091,140,6,0,0,1,1,truth-assisted greedy supported links and local timing paths; graph-legal and bank-constrained; not a global upper bound; C0 protection relaxed for headroom,True
44b6_7a302da0,44b6,6bba,18.957854958000098,516,44857,516,507,507,228441,507,22,0,2,0,38006,39577,516,57,0,0,1,1,truth-assisted greedy supported links and local timing paths; graph-legal and bank-constrained; not a global upper bound; C0 protection relaxed for headroom,True
44b6_7e557709,44b6,6bba,14.5148878459986,570,45003,566,560,556,225589,556,14,0,0,0,42230,14092,570,30,4,0,0,0,truth-assisted greedy supported links and local timing paths; graph-legal and bank-constrained; not a global upper bound; C0 protection relaxed for headroom,True
44b6_808952d6,44b6,6bba,4.155098143999567,181,15095,181,179,179,45633,179,0,0,0,0,13737,6179,181,7,0,0,0,0,truth-assisted greedy supported links and local timing paths; graph-legal and bank-constrained; not a global upper bound; C0 protection relaxed for headroom,True
44b6_81c256f0,44b6,6bba,3.066003746000206,199,11284,199,197,197,31788,197,0,0,0,0,10351,2544,199,12,0,0,0,0,truth-assisted greedy supported links and local timing paths; graph-legal and bank-constrained; not a global upper bound; C0 protection relaxed for headroom,True
44b6_87bba6c4,44b6,6bba,9.614417683000283,153,29253,143,149,136,150180,133,4,0,0,0,19718,16410,152,66,9,0,0,0,truth-assisted greedy supported links and local timing paths; graph-legal and bank-constrained; not a global upper bound; C0 protection relaxed for headroom,True
44b6_8cc6506c,44b6,6bba,5.962008155998774,400,18916,398,396,394,90685,394,7,0,0,0,15367,16675,400,20,2,0,0,0,truth-assisted greedy supported links and local timing paths; graph-legal and bank-constrained; not a global upper bound; C0 protection relaxed for headroom,True
44b6_8f5ab931,44b6,6bba,9.120640105998973,616,27899,605,604,589,150488,589,5,0,0,0,22390,11271,616,82,11,0,0,0,truth-assisted greedy supported links and local timing paths; graph-legal and bank-constrained; not a global upper bound; C0 protection relaxed for headroom,True
44b6_8f9ecab4,44b6,6bba,13.373481570000877,374,41115,374,370,370,204655,370,14,0,0,0,37261,35260,374,20,0,0,0,0,truth-assisted greedy supported links and local timing paths; graph-legal and bank-constrained; not a global upper bound; C0 protection relaxed for headroom,True
44b6_90724892,44b6,6bba,6.952847631000623,105,23407,105,103,103,117958,103,3,0,0,0,19845,8492,105,11,0,0,0,0,truth-assisted greedy supported links and local timing paths; graph-legal and bank-constrained; not a global upper bound; C0 protection relaxed for headroom,True
44b6_949adeb1,44b6,6bba,13.075953632000164,388,39204,379,378,367,217167,366,7,0,0,0,30915,16861,388,64,9,0,0,0,truth-assisted greedy supported links and local timing paths; graph-legal and bank-constrained; not a global upper bound; C0 protection relaxed for headroom,True
44b6_95029e92,44b6,6bba,1.4184224759992503,200,4791,200,198,198,7311,198,0,0,0,0,4521,1302,200,2,0,0,0,0,truth-assisted greedy supported links and local timing paths; graph-legal and bank-constrained; not a global upper bound; C0 protection relaxed for headroom,True
44b6_97725144,44b6,6bba,9.60511430599945,225,33822,224,221,219,124570,219,0,0,0,0,28839,19971,225,14,1,0,0,0,truth-assisted greedy supported links and local timing paths; graph-legal and bank-constrained; not a global upper bound; C0 protection relaxed for headroom,True
44b6_996155de,44b6,6bba,3.0441793850004615,380,9281,375,377,370,19807,370,0,0,2,0,8590,4291,379,12,4,0,1,1,truth-assisted greedy supported links and local timing paths; graph-legal and bank-constrained; not a global upper bound; C0 protection relaxed for headroom,True
44b6_9be80b04,44b6,6bba,10.11872396400031,222,26099,219,220,216,113646,216,0,0,1,0,22467,34356,222,25,3,0,1,0,truth-assisted greedy supported links and local timing paths; graph-legal and bank-constrained; not a global upper bound; C0 protection relaxed for headroom,True
44b6_9bfa6a0a,44b6,6bba,12.573251608999271,264,39731,264,259,259,188526,259,2,0,0,0,36226,28005,264,18,0,0,0,0,truth-assisted greedy supported links and local timing paths; graph-legal and bank-constrained; not a global upper bound; C0 protection relaxed for headroom,True
44b6_a21120c2,44b6,6bba,9.836530347000007,296,22022,296,286,286,104712,286,0,0,4,0,19152,4041,296,30,0,0,2,2,truth-assisted greedy supported links and local timing paths; graph-legal and bank-constrained; not a global upper bound; C0 protection relaxed for headroom,True
44b6_a2bb48bb,44b6,6bba,16.130218125001193,416,46816,415,410,408,252324,408,20,0,0,0,35654,46990,416,57,1,0,0,0,truth-assisted greedy supported links and local timing paths; graph-legal and bank-constrained; not a global upper bound; C0 protection relaxed for headroom,True
44b6_aaf8b0ea,44b6,6bba,5.100491728999259,209,15427,207,206,203,47412,203,0,0,1,0,13879,10343,209,6,2,0,0,0,truth-assisted greedy supported links and local timing paths; graph-legal and bank-constrained; not a global upper bound; C0 protection relaxed for headroom,True
44b6_abf82518,44b6,6bba,8.07921100800013,96,26447,96,94,94,133474,94,0,0,0,0,23563,9765,96,0,0,0,0,0,truth-assisted greedy supported links and local timing paths; graph-legal and bank-constrained; not a global upper bound; C0 protection relaxed for headroom,True
44b6_b2c44266,44b6,6bba,11.53333547299917,170,37972,164,168,159,164050,159,0,0,0,0,34192,28575,170,27,6,0,0,0,truth-assisted greedy supported links and local timing paths; graph-legal and bank-constrained; not a global upper bound; C0 protection relaxed for headroom,True
44b6_c15fded2,44b6,6bba,5.8516165199998795,104,19539,104,102,102,88752,101,0,0,0,0,15896,5953,104,13,0,0,0,0,truth-assisted greedy supported links and local timing paths; graph-legal and bank-constrained; not a global upper bound; C0 protection relaxed for headroom,True
44b6_c50204e0,44b6,6bba,18.918443558000945,333,38081,329,325,317,200521,317,15,0,4,0,29425,32254,333,61,4,0,2,2,truth-assisted greedy supported links and local timing paths; graph-legal and bank-constrained; not a global upper bound; C0 protection relaxed for headroom,True
44b6_c771cb04,44b6,6bba,9.72817580499941,227,29877,225,223,219,151720,218,11,0,0,0,25041,36251,227,34,2,0,0,0,truth-assisted greedy supported links and local timing paths; graph-legal and bank-constrained; not a global upper bound; C0 protection relaxed for headroom,True
44b6_c8e2a523,44b6,6bba,11.312863318999007,168,28827,165,164,161,134302,160,0,0,2,0,26718,6115,167,13,2,0,1,1,truth-assisted greedy supported links and local timing paths; graph-legal and bank-constrained; not a global upper bound; C0 protection relaxed for headroom,True
44b6_c96cfa10,44b6,6bba,12.811577337000926,629,38261,617,616,601,209354,600,16,0,0,0,33410,17178,625,52,8,0,0,0,truth-assisted greedy supported links and local timing paths; graph-legal and bank-constrained; not a global upper bound; C0 protection relaxed for headroom,True
44b6_cf2536e8,44b6,6bba,6.776943995000693,76,22510,76,75,75,78786,75,0,0,0,0,20268,34394,76,2,0,0,0,0,truth-assisted greedy supported links and local timing paths; graph-legal and bank-constrained; not a global upper bound; C0 protection relaxed for headroom,True
44b6_cf8fed6b,44b6,6bba,14.36885859999893,191,41645,191,188,188,213555,188,0,0,0,0,35262,12907,191,12,0,0,0,0,truth-assisted greedy supported links and local timing paths; graph-legal and bank-constrained; not a global upper bound; C0 protection relaxed for headroom,True
44b6_d29c9ab2,44b6,6bba,11.616067347000353,1353,36511,1345,1328,1316,169685,1315,7,0,0,0,33147,6171,1353,116,8,0,0,0,truth-assisted greedy supported links and local timing paths; graph-legal and bank-constrained; not a global upper bound; C0 protection relaxed for headroom,True
44b6_d2f34f90,44b6,6bba,7.167365250999865,283,15396,280,281,278,68725,278,0,0,4,0,12132,15007,283,14,3,0,2,2,truth-assisted greedy supported links and local timing paths; graph-legal and bank-constrained; not a global upper bound; C0 protection relaxed for headroom,True
44b6_d5e7d891,44b6,6bba,23.31507312099893,906,43396,899,893,881,259517,878,38,0,4,0,33676,22327,904,107,5,0,2,2,truth-assisted greedy supported links and local timing paths; graph-legal and bank-constrained; not a global upper bound; C0 protection relaxed for headroom,True
44b6_d754aa59,44b6,6bba,1.801869707998776,72,5607,71,70,68,12206,68,0,0,2,0,4869,2584,72,11,1,0,1,1,truth-assisted greedy supported links and local timing paths; graph-legal and bank-constrained; not a global upper bound; C0 protection relaxed for headroom,True
44b6_d78e09d9,44b6,6bba,7.295750371000395,463,23584,451,451,437,117979,436,16,0,0,0,20263,5511,463,49,12,0,0,0,truth-assisted greedy supported links and local timing paths; graph-legal and bank-constrained; not a global upper bound; C0 protection relaxed for headroom,True
44b6_db3c847b,44b6,6bba,4.617538761000105,165,15572,161,162,158,64667,158,0,0,0,0,13220,6332,165,17,4,0,0,0,truth-assisted greedy supported links and local timing paths; graph-legal and bank-constrained; not a global upper bound; C0 protection relaxed for headroom,True
44b6_ddf577ad,44b6,6bba,12.76425831099914,659,38286,652,647,639,208994,638,43,0,0,0,33788,23672,659,77,7,0,0,0,truth-assisted greedy supported links and local timing paths; graph-legal and bank-constrained; not a global upper bound; C0 protection relaxed for headroom,True
44b6_deabac95,44b6,6bba,5.744559844999458,126,15694,125,124,122,65120,122,0,0,2,0,12899,4590,126,7,1,0,1,1,truth-assisted greedy supported links and local timing paths; graph-legal and bank-constrained; not a global upper bound; C0 protection relaxed for headroom,True
44b6_e28840c6,44b6,6bba,12.529161266998926,311,27352,301,309,298,116914,298,22,0,3,0,25065,40046,310,20,9,0,1,1,truth-assisted greedy supported links and local timing paths; graph-legal and bank-constrained; not a global upper bound; C0 protection relaxed for headroom,True
44b6_e29f0176,44b6,6bba,3.8976643349997175,51,13522,50,50,48,55956,48,0,0,0,0,9352,5911,51,3,1,0,0,0,truth-assisted greedy supported links and local timing paths; graph-legal and bank-constrained; not a global upper bound; C0 protection relaxed for headroom,True
44b6_e31261b4,44b6,6bba,24.06016980700042,116,66901,115,113,111,411109,110,2,0,0,0,56080,21563,116,10,1,0,0,0,truth-assisted greedy supported links and local timing paths; graph-legal and bank-constrained; not a global upper bound; C0 protection relaxed for headroom,True
44b6_e35b117d,44b6,6bba,6.083874793999712,270,19836,254,266,246,83187,246,0,0,0,0,16083,25483,270,62,16,0,0,0,truth-assisted greedy supported links and local timing paths; graph-legal and bank-constrained; not a global upper bound; C0 protection relaxed for headroom,True
44b6_e57ff5c6,44b6,6bba,5.299473487000796,193,17505,176,186,165,73997,165,5,0,0,0,12311,15557,190,50,14,0,0,0,truth-assisted greedy supported links and local timing paths; graph-legal and bank-constrained; not a global upper bound; C0 protection relaxed for headroom,True
44b6_eb2880fc,44b6,6bba,14.098289256999124,390,37271,388,379,376,183128,375,3,0,2,1,33509,17063,390,21,2,0,1,0,truth-assisted greedy supported links and local timing paths; graph-legal and bank-constrained; not a global upper bound; C0 protection relaxed for headroom,True
44b6_f28707c6,44b6,6bba,6.438380968998899,63,21689,63,61,61,102792,61,0,0,0,0,15810,6691,63,13,0,0,0,0,truth-assisted greedy supported links and local timing paths; graph-legal and bank-constrained; not a global upper bound; C0 protection relaxed for headroom,True
6bba_05b6850b,6bba,44b6,1.7684699750006985,861,6100,856,845,839,9484,838,0,0,0,0,5594,3309,860,80,4,0,0,0,truth-assisted greedy supported links and local timing paths; graph-legal and bank-constrained; not a global upper bound; C0 protection relaxed for headroom,True
6bba_05db0fb1,6bba,44b6,38.10164669999904,1229,69764,1205,1183,1153,271816,1143,28,0,6,1,58215,15676,1226,104,21,0,3,2,truth-assisted greedy supported links and local timing paths; graph-legal and bank-constrained; not a global upper bound; C0 protection relaxed for headroom,True
6bba_062c8d37,6bba,44b6,2.053452793999895,930,5894,930,898,898,9668,898,0,0,2,0,5475,2256,930,59,0,0,1,1,truth-assisted greedy supported links and local timing paths; graph-legal and bank-constrained; not a global upper bound; C0 protection relaxed for headroom,True
6bba_07477033,6bba,44b6,1.4152343620007741,613,4601,613,602,602,7353,602,0,0,0,0,4001,2407,613,31,0,0,0,0,truth-assisted greedy supported links and local timing paths; graph-legal and bank-constrained; not a global upper bound; C0 protection relaxed for headroom,True
6bba_07e24132,6bba,44b6,11.718841873000201,359,29079,332,345,313,94116,313,0,0,3,0,25175,16404,342,27,8,0,1,1,truth-assisted greedy supported links and local timing paths; graph-legal and bank-constrained; not a global upper bound; C0 protection relaxed for headroom,True
6bba_085bf656,6bba,44b6,2.798922355999821,1198,8272,1193,1168,1162,12961,1162,0,0,1,0,7729,2235,1198,29,5,0,0,0,truth-assisted greedy supported links and local timing paths; graph-legal and bank-constrained; not a global upper bound; C0 protection relaxed for headroom,True
6bba_09961292,6bba,44b6,16.750926429000174,1950,29678,1937,1871,1853,103844,1844,13,0,7,0,25229,5514,1947,114,10,0,3,3,truth-assisted greedy supported links and local timing paths; graph-legal and bank-constrained; not a global upper bound; C0 protection relaxed for headroom,True
6bba_0c7fa718,6bba,44b6,3.3468034849993273,704,12495,693,659,646,36674,644,0,0,0,0,10356,5005,701,88,8,0,0,0,truth-assisted greedy supported links and local timing paths; graph-legal and bank-constrained; not a global upper bound; C0 protection relaxed for headroom,True
6bba_0e7c0d07,6bba,44b6,6.9472152660000575,209,22250,197,198,184,67660,181,0,0,0,0,16848,9824,209,44,12,0,0,0,truth-assisted greedy supported links and local timing paths; graph-legal and bank-constrained; not a global upper bound; C0 protection relaxed for headroom,True
6bba_12665c0e,6bba,44b6,3.7824603149983886,1036,8104,1009,998,969,14700,969,0,0,5,0,7189,2081,1032,99,23,0,2,2,truth-assisted greedy supported links and local timing paths; graph-legal and bank-constrained; not a global upper bound; C0 protection relaxed for headroom,True
6bba_13f19531,6bba,44b6,1.5846616600010748,737,5718,735,704,702,8272,702,0,0,0,0,5274,1972,737,34,2,0,0,0,truth-assisted greedy supported links and local timing paths; graph-legal and bank-constrained; not a global upper bound; C0 protection relaxed for headroom,True
6bba_15403b9a,6bba,44b6,1.7128109210007096,758,6313,752,729,720,11294,720,0,0,0,0,5717,2373,757,93,5,0,0,0,truth-assisted greedy supported links and local timing paths; graph-legal and bank-constrained; not a global upper bound; C0 protection relaxed for headroom,True
6bba_1d0d8384,6bba,44b6,5.845783701999608,1438,17283,1389,1365,1312,44209,1301,17,0,2,0,14915,4975,1426,163,37,0,1,1,truth-assisted greedy supported links and local timing paths; graph-legal and bank-constrained; not a global upper bound; C0 protection relaxed for headroom,True
6bba_1ebfb80d,6bba,44b6,3.177308467998955,745,11409,727,719,700,29016,700,0,0,0,0,8840,4566,736,101,9,0,0,0,truth-assisted greedy supported links and local timing paths; graph-legal and bank-constrained; not a global upper bound; C0 protection relaxed for headroom,True
6bba_1f58c2f6,6bba,44b6,8.393201454999144,317,31909,309,299,289,97235,285,1,0,0,0,26720,12136,315,39,6,0,0,0,truth-assisted greedy supported links and local timing paths; graph-legal and bank-constrained; not a global upper bound; C0 protection relaxed for headroom,True
6bba_207c6aaf,6bba,44b6,5.746629086001121,475,17356,422,450,386,43642,377,0,0,2,0,12940,10457,447,86,25,0,1,1,truth-assisted greedy supported links and local timing paths; graph-legal and bank-constrained; not a global upper bound; C0 protection relaxed for headroom,True
6bba_20852818,6bba,44b6,4.662356347998866,952,9912,905,909,861,22153,858,0,0,3,0,9018,2381,907,64,2,0,1,1,truth-assisted greedy supported links and local timing paths; graph-legal and bank-constrained; not a global upper bound; C0 protection relaxed for headroom,True
6bba_2312ac41,6bba,44b6,4.527571500999329,1156,12337,1154,1132,1130,22416,1129,0,0,4,1,10323,3789,1156,39,2,0,2,1,truth-assisted greedy supported links and local timing paths; graph-legal and bank-constrained; not a global upper bound; C0 protection relaxed for headroom,True
6bba_23af9eeb,6bba,44b6,1.342502613000761,513,4142,513,499,499,6001,499,0,0,0,0,3851,1890,513,13,0,0,0,0,truth-assisted greedy supported links and local timing paths; graph-legal and bank-constrained; not a global upper bound; C0 protection relaxed for headroom,True
6bba_2540cd90,6bba,44b6,1.164146940000137,529,3480,529,523,523,4232,523,0,0,0,0,3381,445,529,25,0,0,0,0,truth-assisted greedy supported links and local timing paths; graph-legal and bank-constrained; not a global upper bound; C0 protection relaxed for headroom,True
6bba_2646afc7,6bba,44b6,1.5738068550017488,738,5237,726,721,704,8043,704,0,0,0,0,4797,2059,738,76,12,0,0,0,truth-assisted greedy supported links and local timing paths; graph-legal and bank-constrained; not a global upper bound; C0 protection relaxed for headroom,True
6bba_268e1230,6bba,44b6,1.7752400979989034,641,4650,624,609,584,7991,584,0,0,1,0,3766,3248,637,67,13,0,0,0,truth-assisted greedy supported links and local timing paths; graph-legal and bank-constrained; not a global upper bound; C0 protection relaxed for headroom,True
6bba_2819ca14,6bba,44b6,1.8233881400010432,986,4957,973,949,935,7717,934,0,0,2,1,4549,2003,983,118,10,0,1,0,truth-assisted greedy supported links and local timing paths; graph-legal and bank-constrained; not a global upper bound; C0 protection relaxed for headroom,True
6bba_283bf9f1,6bba,44b6,5.458722512999884,1342,21705,1320,1288,1262,47679,1260,0,0,0,0,17174,5822,1341,95,21,0,0,0,truth-assisted greedy supported links and local timing paths; graph-legal and bank-constrained; not a global upper bound; C0 protection relaxed for headroom,True
6bba_312f0dc3,6bba,44b6,2.4192491070007236,520,9545,519,500,498,18154,498,0,0,0,0,8491,3131,519,27,0,0,0,0,truth-assisted greedy supported links and local timing paths; graph-legal and bank-constrained; not a global upper bound; C0 protection relaxed for headroom,True
6bba_32db13fc,6bba,44b6,15.00789523200001,862,44036,796,811,727,139743,721,2,0,2,0,34834,16729,844,148,48,0,1,1,truth-assisted greedy supported links and local timing paths; graph-legal and bank-constrained; not a global upper bound; C0 protection relaxed for headroom,True
6bba_337b1b3a,6bba,44b6,11.124504596999031,1272,29453,1268,1213,1208,70853,1202,0,0,4,0,27844,3262,1272,39,4,0,2,2,truth-assisted greedy supported links and local timing paths; graph-legal and bank-constrained; not a global upper bound; C0 protection relaxed for headroom,True
6bba_372c8cb8,6bba,44b6,1.8155268499995145,1036,6575,1032,1007,1003,9115,1003,0,0,0,0,6094,1982,1032,20,0,0,0,0,truth-assisted greedy supported links and local timing paths; graph-legal and bank-constrained; not a global upper bound; C0 protection relaxed for headroom,True
6bba_3a1849c2,6bba,44b6,1.8626536789997772,1173,6581,1163,1142,1127,11440,1127,2,0,0,0,5700,3077,1170,53,7,0,0,0,truth-assisted greedy supported links and local timing paths; graph-legal and bank-constrained; not a global upper bound; C0 protection relaxed for headroom,True
6bba_3abfe10a,6bba,44b6,17.727107144999536,997,53153,971,935,902,174482,892,19,0,2,0,41019,22550,989,110,18,0,1,1,truth-assisted greedy supported links and local timing paths; graph-legal and bank-constrained; not a global upper bound; C0 protection relaxed for headroom,True
6bba_3c5691b6,6bba,44b6,2.4796815179997793,765,6214,764,746,744,8961,744,0,0,3,0,5701,2555,765,40,1,0,2,1,truth-assisted greedy supported links and local timing paths; graph-legal and bank-constrained; not a global upper bound; C0 protection relaxed for headroom,True
6bba_3db54e20,6bba,44b6,7.8337735120003344,502,22964,490,474,461,71238,457,0,0,2,1,16594,10365,500,87,10,0,1,0,truth-assisted greedy supported links and local timing paths; graph-legal and bank-constrained; not a global upper bound; C0 protection relaxed for headroom,True
6bba_3fda6b25,6bba,44b6,2.6919241060004424,1207,8326,1201,1179,1172,12492,1172,0,0,2,0,7828,3858,1207,62,6,0,1,1,truth-assisted greedy supported links and local timing paths; graph-legal and bank-constrained; not a global upper bound; C0 protection relaxed for headroom,True
6bba_43fea39d,6bba,44b6,1.5913738350009226,910,5381,898,880,865,8826,865,0,0,0,0,4588,3362,910,73,11,0,0,0,truth-assisted greedy supported links and local timing paths; graph-legal and bank-constrained; not a global upper bound; C0 protection relaxed for headroom,True
6bba_474be664,6bba,44b6,9.22695130700049,292,26810,262,286,253,77099,251,9,0,2,0,21477,19247,269,39,7,0,1,1,truth-assisted greedy supported links and local timing paths; graph-legal and bank-constrained; not a global upper bound; C0 protection relaxed for headroom,True
6bba_48816121,6bba,44b6,14.085609793999538,935,25184,925,918,903,55042,900,0,0,9,2,21811,7389,933,95,8,0,4,2,truth-assisted greedy supported links and local timing paths; graph-legal and bank-constrained; not a global upper bound; C0 protection relaxed for headroom,True
6bba_4aa14c89,6bba,44b6,2.011066362998463,707,7105,692,681,662,13038,661,0,0,0,0,6147,3386,706,80,14,0,0,0,truth-assisted greedy supported links and local timing paths; graph-legal and bank-constrained; not a global upper bound; C0 protection relaxed for headroom,True
6bba_4f99ce20,6bba,44b6,2.2678934289997414,1057,5382,1049,1010,1001,9431,1001,0,0,4,0,4798,2498,1056,96,7,0,2,2,truth-assisted greedy supported links and local timing paths; graph-legal and bank-constrained; not a global upper bound; C0 protection relaxed for headroom,True
6bba_4ffd3da3,6bba,44b6,8.894857197999954,706,20132,688,689,665,42013,664,0,0,6,1,15580,8812,705,107,17,0,3,2,truth-assisted greedy supported links and local timing paths; graph-legal and bank-constrained; not a global upper bound; C0 protection relaxed for headroom,True
6bba_55b7eebe,6bba,44b6,1.683861629000603,705,4569,704,688,686,6300,686,0,0,2,0,4315,1057,704,24,0,0,1,1,truth-assisted greedy supported links and local timing paths; graph-legal and bank-constrained; not a global upper bound; C0 protection relaxed for headroom,True
6bba_55c70843,6bba,44b6,10.380243855001027,490,37687,463,467,434,133927,423,14,0,0,0,28706,17936,473,73,10,0,0,0,truth-assisted greedy supported links and local timing paths; graph-legal and bank-constrained; not a global upper bound; C0 protection relaxed for headroom,True
6bba_57b7cc1e,6bba,44b6,36.720009564000065,1659,76149,1538,1592,1441,239126,1399,33,1,5,1,53608,42854,1629,403,91,0,1,1,truth-assisted greedy supported links and local timing paths; graph-legal and bank-constrained; not a global upper bound; C0 protection relaxed for headroom,True
6bba_5a4d9360,6bba,44b6,1.503671721999126,747,5550,743,722,717,9480,717,0,0,0,0,4815,1728,747,79,4,0,0,0,truth-assisted greedy supported links and local timing paths; graph-legal and bank-constrained; not a global upper bound; C0 protection relaxed for headroom,True
6bba_5b28472a,6bba,44b6,1.6834844120003254,737,5838,728,724,715,8446,715,0,0,0,0,5460,2014,735,80,7,0,0,0,truth-assisted greedy supported links and local timing paths; graph-legal and bank-constrained; not a global upper bound; C0 protection relaxed for headroom,True
6bba_5c039895,6bba,44b6,3.436551226001029,1174,7900,1172,1145,1142,11987,1141,0,0,6,0,7325,2551,1173,62,1,0,3,3,truth-assisted greedy supported links and local timing paths; graph-legal and bank-constrained; not a global upper bound; C0 protection relaxed for headroom,True
6bba_5c824876,6bba,44b6,7.8704198860014,1170,25375,1156,1130,1114,59691,1114,0,0,2,0,22723,6971,1165,75,9,0,1,1,truth-assisted greedy supported links and local timing paths; graph-legal and bank-constrained; not a global upper bound; C0 protection relaxed for headroom,True
6bba_5dfe9ad1,6bba,44b6,7.575179177001701,1542,29772,1508,1487,1451,66788,1449,2,0,0,0,27700,6130,1523,69,15,0,0,0,truth-assisted greedy supported links and local timing paths; graph-legal and bank-constrained; not a global upper bound; C0 protection relaxed for headroom,True
6bba_5f89039d,6bba,44b6,1.2805129759999545,904,4426,904,885,885,5467,885,0,0,0,0,4189,715,904,36,0,0,0,0,truth-assisted greedy supported links and local timing paths; graph-legal and bank-constrained; not a global upper bound; C0 protection relaxed for headroom,True
6bba_61dd1e0d,6bba,44b6,2.5318041520004044,558,9584,551,543,534,16973,533,0,0,0,0,8235,3152,554,34,3,0,0,0,truth-assisted greedy supported links and local timing paths; graph-legal and bank-constrained; not a global upper bound; C0 protection relaxed for headroom,True
6bba_61ecbe65,6bba,44b6,2.0072878089995356,640,5525,637,614,609,8677,609,0,0,2,0,4701,2263,637,52,0,0,1,1,truth-assisted greedy supported links and local timing paths; graph-legal and bank-constrained; not a global upper bound; C0 protection relaxed for headroom,True
6bba_6321a359,6bba,44b6,1.814979527000105,827,4557,817,798,785,6384,785,0,0,2,0,4153,2780,827,64,10,0,1,1,truth-assisted greedy supported links and local timing paths; graph-legal and bank-constrained; not a global upper bound; C0 protection relaxed for headroom,True
6bba_6479435d,6bba,44b6,6.4689018039989605,617,24338,554,580,507,67276,497,1,0,0,0,19961,13123,583,94,29,0,0,0,truth-assisted greedy supported links and local timing paths; graph-legal and bank-constrained; not a global upper bound; C0 protection relaxed for headroom,True
6bba_67ebd073,6bba,44b6,5.091000424999947,462,15831,448,438,416,41768,411,0,0,1,0,13684,9282,461,104,13,0,0,0,truth-assisted greedy supported links and local timing paths; graph-legal and bank-constrained; not a global upper bound; C0 protection relaxed for headroom,True
6bba_6ca87370,6bba,44b6,2.2113803759984876,1081,6371,1073,1052,1042,12395,1041,0,0,1,0,5364,2627,1081,86,8,0,0,0,truth-assisted greedy supported links and local timing paths; graph-legal and bank-constrained; not a global upper bound; C0 protection relaxed for headroom,True
6bba_6db0e9b4,6bba,44b6,6.770037812999362,449,25525,449,440,440,68791,440,0,0,0,0,20332,12290,449,43,0,0,0,0,truth-assisted greedy supported links and local timing paths; graph-legal and bank-constrained; not a global upper bound; C0 protection relaxed for headroom,True
6bba_6feb10f0,6bba,44b6,3.4882722570000624,1368,11830,1202,1343,1143,22765,1137,0,0,0,0,8989,6184,1234,89,32,0,0,0,truth-assisted greedy supported links and local timing paths; graph-legal and bank-constrained; not a global upper bound; C0 protection relaxed for headroom,True
6bba_6feeb0b1,6bba,44b6,1.9870146749999549,1389,6858,1374,1343,1325,12342,1325,0,0,0,0,6241,2697,1386,100,12,0,0,0,truth-assisted greedy supported links and local timing paths; graph-legal and bank-constrained; not a global upper bound; C0 protection relaxed for headroom,True
6bba_705ec2c9,6bba,44b6,2.2530022299997654,596,5896,585,562,551,10258,550,0,0,2,0,4884,4249,591,68,6,0,1,1,truth-assisted greedy supported links and local timing paths; graph-legal and bank-constrained; not a global upper bound; C0 protection relaxed for headroom,True
6bba_718b21f9,6bba,44b6,1.2122509790006006,661,4107,658,652,649,5036,649,0,0,0,0,3953,650,658,29,0,0,0,0,truth-assisted greedy supported links and local timing paths; graph-legal and bank-constrained; not a global upper bound; C0 protection relaxed for headroom,True
6bba_74686d6a,6bba,44b6,10.645313979001003,586,26522,586,576,576,66782,574,3,0,4,0,21670,11385,586,44,0,0,2,2,truth-assisted greedy supported links and local timing paths; graph-legal and bank-constrained; not a global upper bound; C0 protection relaxed for headroom,True
6bba_767a1e17,6bba,44b6,12.99882242700005,718,47923,678,658,612,159168,599,2,0,0,0,36781,22880,714,137,36,0,0,0,truth-assisted greedy supported links and local timing paths; graph-legal and bank-constrained; not a global upper bound; C0 protection relaxed for headroom,True
6bba_76db78c1,6bba,44b6,1.3128605089987104,617,4648,617,604,604,6118,604,0,0,0,0,4369,1131,617,21,0,0,0,0,truth-assisted greedy supported links and local timing paths; graph-legal and bank-constrained; not a global upper bound; C0 protection relaxed for headroom,True
6bba_784a78c9,6bba,44b6,4.244455044999995,1788,12722,1782,1739,1732,22288,1732,0,0,2,0,11394,2986,1788,48,6,0,1,1,truth-assisted greedy supported links and local timing paths; graph-legal and bank-constrained; not a global upper bound; C0 protection relaxed for headroom,True
6bba_786893ac,6bba,44b6,28.09145921900017,1465,58409,1404,1395,1312,194173,1283,49,0,3,0,46764,32874,1444,264,40,0,1,1,truth-assisted greedy supported links and local timing paths; graph-legal and bank-constrained; not a global upper bound; C0 protection relaxed for headroom,True
6bba_789f8168,6bba,44b6,2.842521594999198,713,10679,712,681,680,24640,680,2,0,0,0,9342,3851,713,72,1,0,0,0,truth-assisted greedy supported links and local timing paths; graph-legal and bank-constrained; not a global upper bound; C0 protection relaxed for headroom,True
6bba_78a7bd97,6bba,44b6,14.79648085900044,886,39035,852,832,790,130089,781,7,0,3,1,28229,17505,881,122,29,0,0,0,truth-assisted greedy supported links and local timing paths; graph-legal and bank-constrained; not a global upper bound; C0 protection relaxed for headroom,True
6bba_7af54fde,6bba,44b6,4.073004870999284,1131,10107,1106,1092,1064,19435,1062,2,0,4,1,8751,4915,1130,148,24,0,2,1,truth-assisted greedy supported links and local timing paths; graph-legal and bank-constrained; not a global upper bound; C0 protection relaxed for headroom,True
6bba_7b5d3b2c,6bba,44b6,1.5141535139991902,565,5477,560,555,550,7605,550,0,0,0,0,4983,1585,565,22,5,0,0,0,truth-assisted greedy supported links and local timing paths; graph-legal and bank-constrained; not a global upper bound; C0 protection relaxed for headroom,True
6bba_7d3058ae,6bba,44b6,3.043649892999383,1200,7460,1199,1173,1171,11642,1171,0,0,3,0,6938,2270,1200,87,1,0,2,1,truth-assisted greedy supported links and local timing paths; graph-legal and bank-constrained; not a global upper bound; C0 protection relaxed for headroom,True
6bba_7f87b3d8,6bba,44b6,4.589118588999554,1000,9372,991,934,923,22899,921,0,0,5,0,7900,5379,999,91,8,0,3,2,truth-assisted greedy supported links and local timing paths; graph-legal and bank-constrained; not a global upper bound; C0 protection relaxed for headroom,True
6bba_80d12824,6bba,44b6,2.7838208379998832,680,8424,662,654,631,16937,631,0,0,2,0,7652,3277,665,75,3,0,1,1,truth-assisted greedy supported links and local timing paths; graph-legal and bank-constrained; not a global upper bound; C0 protection relaxed for headroom,True
6bba_825bd1c6,6bba,44b6,2.002633230998981,968,6885,958,930,918,14595,914,0,0,0,0,5996,2792,959,73,1,0,0,0,truth-assisted greedy supported links and local timing paths; graph-legal and bank-constrained; not a global upper bound; C0 protection relaxed for headroom,True
6bba_87289e13,6bba,44b6,4.434553025999776,724,14017,720,699,695,35751,690,0,0,1,0,12685,2709,724,56,4,0,0,0,truth-assisted greedy supported links and local timing paths; graph-legal and bank-constrained; not a global upper bound; C0 protection relaxed for headroom,True
6bba_8b7818bf,6bba,44b6,2.349609884999154,741,5656,741,725,725,8830,725,0,0,4,0,5193,2284,741,46,0,0,2,2,truth-assisted greedy supported links and local timing paths; graph-legal and bank-constrained; not a global upper bound; C0 protection relaxed for headroom,True
6bba_907271db,6bba,44b6,2.3395614879991626,945,6861,940,921,916,10409,916,0,0,1,0,6444,2046,943,23,3,0,0,0,truth-assisted greedy supported links and local timing paths; graph-legal and bank-constrained; not a global upper bound; C0 protection relaxed for headroom,True
6bba_91951b3a,6bba,44b6,3.024450226999761,1188,11408,1185,1148,1142,20949,1142,0,0,0,0,9871,3221,1188,83,3,0,0,0,truth-assisted greedy supported links and local timing paths; graph-legal and bank-constrained; not a global upper bound; C0 protection relaxed for headroom,True
6bba_96833384,6bba,44b6,1.4498850109994237,758,4764,746,721,706,6568,706,0,0,0,0,4391,1613,754,38,8,0,0,0,truth-assisted greedy supported links and local timing paths; graph-legal and bank-constrained; not a global upper bound; C0 protection relaxed for headroom,True
6bba_969618f6,6bba,44b6,6.5977165320000495,679,15619,674,658,653,32385,653,0,0,4,0,12263,6802,679,36,5,0,1,1,truth-assisted greedy supported links and local timing paths; graph-legal and bank-constrained; not a global upper bound; C0 protection relaxed for headroom,True
6bba_971fa5e0,6bba,44b6,1.45898466700055,792,4994,792,767,767,8007,767,0,0,0,0,4547,1425,792,57,0,0,0,0,truth-assisted greedy supported links and local timing paths; graph-legal and bank-constrained; not a global upper bound; C0 protection relaxed for headroom,True
6bba_9a41d029,6bba,44b6,7.257328739999139,1401,18420,1379,1353,1325,49163,1324,0,0,4,0,15123,5433,1401,131,22,0,2,2,truth-assisted greedy supported links and local timing paths; graph-legal and bank-constrained; not a global upper bound; C0 protection relaxed for headroom,True
6bba_9e23430b,6bba,44b6,2.6592700480014173,914,7483,900,891,873,13758,869,0,0,2,0,6230,3353,904,57,4,0,1,1,truth-assisted greedy supported links and local timing paths; graph-legal and bank-constrained; not a global upper bound; C0 protection relaxed for headroom,True
6bba_a5e926bb,6bba,44b6,2.072352918999968,741,7970,739,698,695,15898,695,0,0,0,0,6893,2662,741,83,2,0,0,0,truth-assisted greedy supported links and local timing paths; graph-legal and bank-constrained; not a global upper bound; C0 protection relaxed for headroom,True
6bba_a90a0b9c,6bba,44b6,8.75033130600059,1147,31250,1025,1112,960,96729,934,18,1,0,0,27028,17213,1106,277,81,0,0,0,truth-assisted greedy supported links and local timing paths; graph-legal and bank-constrained; not a global upper bound; C0 protection relaxed for headroom,True
6bba_ab78413d,6bba,44b6,5.267176257999381,1179,13533,1049,1138,984,26271,970,4,0,3,0,10247,8121,1084,116,35,0,2,1,truth-assisted greedy supported links and local timing paths; graph-legal and bank-constrained; not a global upper bound; C0 protection relaxed for headroom,True
6bba_acd782a8,6bba,44b6,5.079918851999537,356,19831,351,330,324,50272,322,0,0,0,0,16630,5564,356,47,5,0,0,0,truth-assisted greedy supported links and local timing paths; graph-legal and bank-constrained; not a global upper bound; C0 protection relaxed for headroom,True
6bba_ae82a791,6bba,44b6,2.031650863998948,1495,7130,1492,1471,1468,11351,1467,0,0,0,0,6602,2208,1495,87,3,0,0,0,truth-assisted greedy supported links and local timing paths; graph-legal and bank-constrained; not a global upper bound; C0 protection relaxed for headroom,True
6bba_aeee7805,6bba,44b6,1.94571747199916,795,4950,792,768,764,6416,764,0,0,2,0,4641,1723,795,28,3,0,1,1,truth-assisted greedy supported links and local timing paths; graph-legal and bank-constrained; not a global upper bound; C0 protection relaxed for headroom,True
6bba_af149c94,6bba,44b6,2.3558880939999653,1350,7815,1323,1317,1285,12492,1283,0,0,0,0,7077,2411,1336,70,13,0,0,0,truth-assisted greedy supported links and local timing paths; graph-legal and bank-constrained; not a global upper bound; C0 protection relaxed for headroom,True
6bba_afb141ff,6bba,44b6,3.3813132100003713,654,5573,654,626,626,10391,625,0,0,8,1,4884,2942,654,46,0,0,3,3,truth-assisted greedy supported links and local timing paths; graph-legal and bank-constrained; not a global upper bound; C0 protection relaxed for headroom,True
6bba_b1ae37b9,6bba,44b6,6.617693741998664,612,22942,602,579,569,85778,564,6,0,0,0,17869,7550,612,59,10,0,0,0,truth-assisted greedy supported links and local timing paths; graph-legal and bank-constrained; not a global upper bound; C0 protection relaxed for headroom,True
6bba_b204cac7,6bba,44b6,2.3194741789993714,826,5391,814,811,797,7612,797,0,0,3,0,4976,1318,821,51,7,0,1,1,truth-assisted greedy supported links and local timing paths; graph-legal and bank-constrained; not a global upper bound; C0 protection relaxed for headroom,True
6bba_b329af44,6bba,44b6,22.9010796750008,1316,64929,1268,1268,1213,255185,1212,14,0,1,0,49352,20533,1311,148,43,0,0,0,truth-assisted greedy supported links and local timing paths; graph-legal and bank-constrained; not a global upper bound; C0 protection relaxed for headroom,True
6bba_b693381b,6bba,44b6,1.7388582900002802,983,6138,980,935,931,11108,931,0,0,0,0,5496,2547,983,89,3,0,0,0,truth-assisted greedy supported links and local timing paths; graph-legal and bank-constrained; not a global upper bound; C0 protection relaxed for headroom,True
6bba_bb9f20c3,6bba,44b6,10.889134864999505,1925,22931,1902,1879,1848,60743,1845,11,0,5,0,20684,4716,1920,145,17,0,2,2,truth-assisted greedy supported links and local timing paths; graph-legal and bank-constrained; not a global upper bound; C0 protection relaxed for headroom,True
6bba_bbb708ca,6bba,44b6,1.8213816750012484,892,6537,888,861,855,10768,855,0,0,0,0,5387,3856,891,59,3,0,0,0,truth-assisted greedy supported links and local timing paths; graph-legal and bank-constrained; not a global upper bound; C0 protection relaxed for headroom,True
6bba_c27cba08,6bba,44b6,1.7608602350010187,517,6388,510,493,483,10213,483,0,0,0,0,5857,2277,516,28,6,0,0,0,truth-assisted greedy supported links and local timing paths; graph-legal and bank-constrained; not a global upper bound; C0 protection relaxed for headroom,True
6bba_c328f2fd,6bba,44b6,11.787530465999225,511,31074,471,500,456,95300,449,9,0,3,2,27733,7774,477,62,6,0,1,0,truth-assisted greedy supported links and local timing paths; graph-legal and bank-constrained; not a global upper bound; C0 protection relaxed for headroom,True
6bba_c73a1d11,6bba,44b6,6.563024480999957,737,24050,644,710,593,66595,577,0,0,0,0,18490,10863,696,137,52,0,0,0,truth-assisted greedy supported links and local timing paths; graph-legal and bank-constrained; not a global upper bound; C0 protection relaxed for headroom,True
6bba_cdcfe533,6bba,44b6,14.41159111199886,1419,28332,1418,1348,1346,64389,1345,0,0,7,0,26901,3696,1419,53,1,0,4,3,truth-assisted greedy supported links and local timing paths; graph-legal and bank-constrained; not a global upper bound; C0 protection relaxed for headroom,True
6bba_cf35214c,6bba,44b6,8.779768322001473,842,35110,842,817,817,74396,816,0,0,0,0,33287,5983,842,22,0,0,0,0,truth-assisted greedy supported links and local timing paths; graph-legal and bank-constrained; not a global upper bound; C0 protection relaxed for headroom,True
6bba_cff5865f,6bba,44b6,12.045562531000542,1571,47071,1560,1501,1489,124535,1483,3,0,0,0,42224,7542,1571,84,11,0,0,0,truth-assisted greedy supported links and local timing paths; graph-legal and bank-constrained; not a global upper bound; C0 protection relaxed for headroom,True
6bba_d0fc38b5,6bba,44b6,1.613187877999735,835,5722,835,813,813,8311,813,0,0,0,0,5218,2029,835,46,0,0,0,0,truth-assisted greedy supported links and local timing paths; graph-legal and bank-constrained; not a global upper bound; C0 protection relaxed for headroom,True
6bba_d1acb6ff,6bba,44b6,5.37320823400114,681,16237,664,643,622,38242,621,0,0,2,0,11652,8243,680,94,16,0,1,1,truth-assisted greedy supported links and local timing paths; graph-legal and bank-constrained; not a global upper bound; C0 protection relaxed for headroom,True
6bba_d2b9fc0c,6bba,44b6,7.452257864000785,944,18818,944,921,921,42473,921,0,0,4,0,17824,2195,944,39,0,0,2,2,truth-assisted greedy supported links and local timing paths; graph-legal and bank-constrained; not a global upper bound; C0 protection relaxed for headroom,True
6bba_d3da753b,6bba,44b6,5.2553481760005525,887,15964,886,857,855,38555,852,0,0,2,0,14376,2999,886,58,0,0,1,1,truth-assisted greedy supported links and local timing paths; graph-legal and bank-constrained; not a global upper bound; C0 protection relaxed for headroom,True
6bba_d5eae175,6bba,44b6,1.2808605210011592,528,4129,528,519,519,5468,519,0,0,0,0,3979,770,528,27,0,0,0,0,truth-assisted greedy supported links and local timing paths; graph-legal and bank-constrained; not a global upper bound; C0 protection relaxed for headroom,True
6bba_d6ecebbb,6bba,44b6,1.711008166999818,886,6064,880,862,855,9484,854,0,0,0,0,5337,2765,884,47,4,0,0,0,truth-assisted greedy supported links and local timing paths; graph-legal and bank-constrained; not a global upper bound; C0 protection relaxed for headroom,True
6bba_d82a4fc6,6bba,44b6,7.780490937999275,545,28866,539,530,520,85271,520,12,0,0,0,25746,9123,544,55,5,0,0,0,truth-assisted greedy supported links and local timing paths; graph-legal and bank-constrained; not a global upper bound; C0 protection relaxed for headroom,True
6bba_debd7bfa,6bba,44b6,6.080624643000192,766,11795,760,729,723,27554,723,0,0,7,0,9545,4080,766,75,6,0,3,3,truth-assisted greedy supported links and local timing paths; graph-legal and bank-constrained; not a global upper bound; C0 protection relaxed for headroom,True
6bba_df673a83,6bba,44b6,10.304679987999407,668,21988,665,654,649,46174,649,2,0,6,0,17647,6198,667,43,2,0,3,2,truth-assisted greedy supported links and local timing paths; graph-legal and bank-constrained; not a global upper bound; C0 protection relaxed for headroom,True
6bba_e16ffc58,6bba,44b6,2.0731315960001666,964,5937,963,942,940,8834,940,0,0,2,0,5523,2124,964,51,1,0,1,1,truth-assisted greedy supported links and local timing paths; graph-legal and bank-constrained; not a global upper bound; C0 protection relaxed for headroom,True
6bba_e5e44988,6bba,44b6,1.4701560559988138,666,5169,659,634,625,8596,625,0,0,0,0,4652,1646,661,59,2,0,0,0,truth-assisted greedy supported links and local timing paths; graph-legal and bank-constrained; not a global upper bound; C0 protection relaxed for headroom,True
6bba_ebdf3b34,6bba,44b6,25.15356285099915,847,59543,832,803,784,204191,779,2,0,3,1,50808,13049,846,69,14,0,1,0,truth-assisted greedy supported links and local timing paths; graph-legal and bank-constrained; not a global upper bound; C0 protection relaxed for headroom,True
6bba_ebff6e76,6bba,44b6,14.112203737999153,1318,51671,1245,1264,1166,149211,1133,33,0,0,0,39626,23037,1294,291,49,0,0,0,truth-assisted greedy supported links and local timing paths; graph-legal and bank-constrained; not a global upper bound; C0 protection relaxed for headroom,True
6bba_ed9377fd,6bba,44b6,1.3107684249989688,531,4352,522,508,497,6662,497,0,0,0,0,3775,1226,529,20,7,0,0,0,truth-assisted greedy supported links and local timing paths; graph-legal and bank-constrained; not a global upper bound; C0 protection relaxed for headroom,True
6bba_edf14583,6bba,44b6,14.31786713099973,801,50946,800,760,758,180191,758,15,0,0,0,42751,18470,801,65,1,0,0,0,truth-assisted greedy supported links and local timing paths; graph-legal and bank-constrained; not a global upper bound; C0 protection relaxed for headroom,True
6bba_eebc57a5,6bba,44b6,2.3633324050006195,1026,8497,1003,989,961,14922,957,0,0,0,0,7853,2076,1016,121,13,0,0,0,truth-assisted greedy supported links and local timing paths; graph-legal and bank-constrained; not a global upper bound; C0 protection relaxed for headroom,True
6bba_ef7b4f7e,6bba,44b6,2.627657363000253,1234,5839,1219,1201,1185,8679,1185,0,0,4,0,5362,2520,1232,63,13,0,2,2,truth-assisted greedy supported links and local timing paths; graph-legal and bank-constrained; not a global upper bound; C0 protection relaxed for headroom,True
6bba_f17befbc,6bba,44b6,7.176890704000471,1078,25861,1042,1015,972,81067,960,8,0,0,0,19845,10971,1075,164,33,0,0,0,truth-assisted greedy supported links and local timing paths; graph-legal and bank-constrained; not a global upper bound; C0 protection relaxed for headroom,True
6bba_f1fde7e0,6bba,44b6,2.313539665999997,476,7985,466,446,435,20489,435,0,0,0,0,6675,6304,474,71,8,0,0,0,truth-assisted greedy supported links and local timing paths; graph-legal and bank-constrained; not a global upper bound; C0 protection relaxed for headroom,True
6bba_f20478e9,6bba,44b6,1.9443027390007046,1003,5244,994,963,950,8937,950,0,0,2,0,4662,2238,1003,105,9,0,1,1,truth-assisted greedy supported links and local timing paths; graph-legal and bank-constrained; not a global upper bound; C0 protection relaxed for headroom,True
6bba_f4ae811c,6bba,44b6,2.42104419899988,1001,9341,997,965,961,17307,961,0,0,0,0,7908,2985,1001,38,4,0,0,0,truth-assisted greedy supported links and local timing paths; graph-legal and bank-constrained; not a global upper bound; C0 protection relaxed for headroom,True
6bba_f8ffd5e7,6bba,44b6,12.687965795999844,389,31453,387,370,368,82324,366,0,0,4,0,28109,9624,389,30,2,0,2,2,truth-assisted greedy supported links and local timing paths; graph-legal and bank-constrained; not a global upper bound; C0 protection relaxed for headroom,True
6bba_fbc898dc,6bba,44b6,1.3416760159998375,655,4977,655,639,639,7309,639,0,0,0,0,4535,1814,655,23,0,0,0,0,truth-assisted greedy supported links and local timing paths; graph-legal and bank-constrained; not a global upper bound; C0 protection relaxed for headroom,True
6bba_fc516dc6,6bba,44b6,1.9173877270004596,788,6975,781,762,752,13470,751,0,0,0,0,6315,2199,787,74,6,0,0,0,truth-assisted greedy supported links and local timing paths; graph-legal and bank-constrained; not a global upper bound; C0 protection relaxed for headroom,True
6bba_fc5f39dc,6bba,44b6,6.8546362570014026,471,17688,449,458,431,38127,431,0,0,3,0,14338,5598,465,48,16,0,1,1,truth-assisted greedy supported links and local timing paths; graph-legal and bank-constrained; not a global upper bound; C0 protection relaxed for headroom,True
6bba_fc83837d,6bba,44b6,3.4168951170013315,957,12254,910,923,866,29234,860,3,0,0,0,8915,7936,946,148,36,0,0,0,truth-assisted greedy supported links and local timing paths; graph-legal and bank-constrained; not a global upper bound; C0 protection relaxed for headroom,True
6bba_fe670320,6bba,44b6,3.9350920489996497,716,9874,710,680,675,24626,674,0,0,3,0,8289,3467,716,62,6,0,1,1,truth-assisted greedy supported links and local timing paths; graph-legal and bank-constrained; not a global upper bound; C0 protection relaxed for headroom,True
