dataset,embryo,bucket,events
44b6_0113de3b,44b6,C0_official_recovered,0
44b6_0113de3b,44b6,available_unselected_evidence,0
44b6_0113de3b,44b6,conflict_or_protection_loss,0
44b6_0113de3b,44b6,insufficient_candidates,0
44b6_0113de3b,44b6,missing_daughter,0
44b6_0113de3b,44b6,missing_downstream_path,0
44b6_0113de3b,44b6,missing_parent,0
44b6_0113de3b,44b6,unsupported_HOCT_score,0
44b6_0113de3b,44b6,wrong_timing,0
44b6_0b24845f,44b6,C0_official_recovered,0
44b6_0b24845f,44b6,available_unselected_evidence,0
44b6_0b24845f,44b6,conflict_or_protection_loss,0
44b6_0b24845f,44b6,insufficient_candidates,0
44b6_0b24845f,44b6,missing_daughter,0
44b6_0b24845f,44b6,missing_downstream_path,0
44b6_0b24845f,44b6,missing_parent,0
44b6_0b24845f,44b6,unsupported_HOCT_score,0
44b6_0b24845f,44b6,wrong_timing,0
44b6_0c582fdc,44b6,C0_official_recovered,0
44b6_0c582fdc,44b6,available_unselected_evidence,0
44b6_0c582fdc,44b6,conflict_or_protection_loss,0
44b6_0c582fdc,44b6,insufficient_candidates,0
44b6_0c582fdc,44b6,missing_daughter,0
44b6_0c582fdc,44b6,missing_downstream_path,0
44b6_0c582fdc,44b6,missing_parent,0
44b6_0c582fdc,44b6,unsupported_HOCT_score,0
44b6_0c582fdc,44b6,wrong_timing,0
44b6_0db75fae,44b6,C0_official_recovered,0
44b6_0db75fae,44b6,available_unselected_evidence,0
44b6_0db75fae,44b6,conflict_or_protection_loss,0
44b6_0db75fae,44b6,insufficient_candidates,0
44b6_0db75fae,44b6,missing_daughter,0
44b6_0db75fae,44b6,missing_downstream_path,0
44b6_0db75fae,44b6,missing_parent,0
44b6_0db75fae,44b6,unsupported_HOCT_score,0
44b6_0db75fae,44b6,wrong_timing,0
44b6_12dfb391,44b6,C0_official_recovered,0
44b6_12dfb391,44b6,available_unselected_evidence,1
44b6_12dfb391,44b6,conflict_or_protection_loss,0
44b6_12dfb391,44b6,insufficient_candidates,0
44b6_12dfb391,44b6,missing_daughter,0
44b6_12dfb391,44b6,missing_downstream_path,0
44b6_12dfb391,44b6,missing_parent,0
44b6_12dfb391,44b6,unsupported_HOCT_score,0
44b6_12dfb391,44b6,wrong_timing,0
44b6_144b256d,44b6,C0_official_recovered,0
44b6_144b256d,44b6,available_unselected_evidence,0
44b6_144b256d,44b6,conflict_or_protection_loss,0
44b6_144b256d,44b6,insufficient_candidates,0
44b6_144b256d,44b6,missing_daughter,0
44b6_144b256d,44b6,missing_downstream_path,0
44b6_144b256d,44b6,missing_parent,0
44b6_144b256d,44b6,unsupported_HOCT_score,0
44b6_144b256d,44b6,wrong_timing,0
44b6_1574802b,44b6,C0_official_recovered,0
44b6_1574802b,44b6,available_unselected_evidence,0
44b6_1574802b,44b6,conflict_or_protection_loss,0
44b6_1574802b,44b6,insufficient_candidates,0
44b6_1574802b,44b6,missing_daughter,0
44b6_1574802b,44b6,missing_downstream_path,0
44b6_1574802b,44b6,missing_parent,0
44b6_1574802b,44b6,unsupported_HOCT_score,0
44b6_1574802b,44b6,wrong_timing,0
44b6_18ced818,44b6,C0_official_recovered,0
44b6_18ced818,44b6,available_unselected_evidence,0
44b6_18ced818,44b6,conflict_or_protection_loss,0
44b6_18ced818,44b6,insufficient_candidates,0
44b6_18ced818,44b6,missing_daughter,0
44b6_18ced818,44b6,missing_downstream_path,0
44b6_18ced818,44b6,missing_parent,0
44b6_18ced818,44b6,unsupported_HOCT_score,0
44b6_18ced818,44b6,wrong_timing,0
44b6_1d530831,44b6,C0_official_recovered,0
44b6_1d530831,44b6,available_unselected_evidence,0
44b6_1d530831,44b6,conflict_or_protection_loss,0
44b6_1d530831,44b6,insufficient_candidates,0
44b6_1d530831,44b6,missing_daughter,0
44b6_1d530831,44b6,missing_downstream_path,0
44b6_1d530831,44b6,missing_parent,0
44b6_1d530831,44b6,unsupported_HOCT_score,0
44b6_1d530831,44b6,wrong_timing,0
44b6_24264f12,44b6,C0_official_recovered,0
44b6_24264f12,44b6,available_unselected_evidence,0
44b6_24264f12,44b6,conflict_or_protection_loss,0
44b6_24264f12,44b6,insufficient_candidates,0
44b6_24264f12,44b6,missing_daughter,0
44b6_24264f12,44b6,missing_downstream_path,0
44b6_24264f12,44b6,missing_parent,0
44b6_24264f12,44b6,unsupported_HOCT_score,0
44b6_24264f12,44b6,wrong_timing,0
44b6_267148e4,44b6,C0_official_recovered,1
44b6_267148e4,44b6,available_unselected_evidence,0
44b6_267148e4,44b6,conflict_or_protection_loss,0
44b6_267148e4,44b6,insufficient_candidates,0
44b6_267148e4,44b6,missing_daughter,0
44b6_267148e4,44b6,missing_downstream_path,0
44b6_267148e4,44b6,missing_parent,0
44b6_267148e4,44b6,unsupported_HOCT_score,0
44b6_267148e4,44b6,wrong_timing,0
44b6_2a2eff9f,44b6,C0_official_recovered,0
44b6_2a2eff9f,44b6,available_unselected_evidence,1
44b6_2a2eff9f,44b6,conflict_or_protection_loss,0
44b6_2a2eff9f,44b6,insufficient_candidates,0
44b6_2a2eff9f,44b6,missing_daughter,0
44b6_2a2eff9f,44b6,missing_downstream_path,0
44b6_2a2eff9f,44b6,missing_parent,0
44b6_2a2eff9f,44b6,unsupported_HOCT_score,0
44b6_2a2eff9f,44b6,wrong_timing,0
44b6_2f31fc2f,44b6,C0_official_recovered,0
44b6_2f31fc2f,44b6,available_unselected_evidence,0
44b6_2f31fc2f,44b6,conflict_or_protection_loss,0
44b6_2f31fc2f,44b6,insufficient_candidates,0
44b6_2f31fc2f,44b6,missing_daughter,0
44b6_2f31fc2f,44b6,missing_downstream_path,0
44b6_2f31fc2f,44b6,missing_parent,0
44b6_2f31fc2f,44b6,unsupported_HOCT_score,0
44b6_2f31fc2f,44b6,wrong_timing,0
44b6_33b596bf,44b6,C0_official_recovered,0
44b6_33b596bf,44b6,available_unselected_evidence,0
44b6_33b596bf,44b6,conflict_or_protection_loss,0
44b6_33b596bf,44b6,insufficient_candidates,0
44b6_33b596bf,44b6,missing_daughter,0
44b6_33b596bf,44b6,missing_downstream_path,0
44b6_33b596bf,44b6,missing_parent,0
44b6_33b596bf,44b6,unsupported_HOCT_score,0
44b6_33b596bf,44b6,wrong_timing,0
44b6_341df25f,44b6,C0_official_recovered,0
44b6_341df25f,44b6,available_unselected_evidence,1
44b6_341df25f,44b6,conflict_or_protection_loss,0
44b6_341df25f,44b6,insufficient_candidates,0
44b6_341df25f,44b6,missing_daughter,0
44b6_341df25f,44b6,missing_downstream_path,0
44b6_341df25f,44b6,missing_parent,0
44b6_341df25f,44b6,unsupported_HOCT_score,0
44b6_341df25f,44b6,wrong_timing,0
44b6_3a861e03,44b6,C0_official_recovered,0
44b6_3a861e03,44b6,available_unselected_evidence,0
44b6_3a861e03,44b6,conflict_or_protection_loss,0
44b6_3a861e03,44b6,insufficient_candidates,0
44b6_3a861e03,44b6,missing_daughter,0
44b6_3a861e03,44b6,missing_downstream_path,0
44b6_3a861e03,44b6,missing_parent,0
44b6_3a861e03,44b6,unsupported_HOCT_score,0
44b6_3a861e03,44b6,wrong_timing,0
44b6_3bb3690f,44b6,C0_official_recovered,0
44b6_3bb3690f,44b6,available_unselected_evidence,0
44b6_3bb3690f,44b6,conflict_or_protection_loss,0
44b6_3bb3690f,44b6,insufficient_candidates,0
44b6_3bb3690f,44b6,missing_daughter,0
44b6_3bb3690f,44b6,missing_downstream_path,0
44b6_3bb3690f,44b6,missing_parent,0
44b6_3bb3690f,44b6,unsupported_HOCT_score,0
44b6_3bb3690f,44b6,wrong_timing,0
44b6_40c45f5a,44b6,C0_official_recovered,0
44b6_40c45f5a,44b6,available_unselected_evidence,0
44b6_40c45f5a,44b6,conflict_or_protection_loss,0
44b6_40c45f5a,44b6,insufficient_candidates,0
44b6_40c45f5a,44b6,missing_daughter,0
44b6_40c45f5a,44b6,missing_downstream_path,0
44b6_40c45f5a,44b6,missing_parent,0
44b6_40c45f5a,44b6,unsupported_HOCT_score,0
44b6_40c45f5a,44b6,wrong_timing,0
44b6_415c0a3a,44b6,C0_official_recovered,0
44b6_415c0a3a,44b6,available_unselected_evidence,0
44b6_415c0a3a,44b6,conflict_or_protection_loss,0
44b6_415c0a3a,44b6,insufficient_candidates,0
44b6_415c0a3a,44b6,missing_daughter,0
44b6_415c0a3a,44b6,missing_downstream_path,0
44b6_415c0a3a,44b6,missing_parent,0
44b6_415c0a3a,44b6,unsupported_HOCT_score,0
44b6_415c0a3a,44b6,wrong_timing,0
44b6_53f95252,44b6,C0_official_recovered,0
44b6_53f95252,44b6,available_unselected_evidence,0
44b6_53f95252,44b6,conflict_or_protection_loss,0
44b6_53f95252,44b6,insufficient_candidates,0
44b6_53f95252,44b6,missing_daughter,0
44b6_53f95252,44b6,missing_downstream_path,0
44b6_53f95252,44b6,missing_parent,0
44b6_53f95252,44b6,unsupported_HOCT_score,0
44b6_53f95252,44b6,wrong_timing,0
44b6_551a5dba,44b6,C0_official_recovered,0
44b6_551a5dba,44b6,available_unselected_evidence,0
44b6_551a5dba,44b6,conflict_or_protection_loss,0
44b6_551a5dba,44b6,insufficient_candidates,0
44b6_551a5dba,44b6,missing_daughter,0
44b6_551a5dba,44b6,missing_downstream_path,0
44b6_551a5dba,44b6,missing_parent,0
44b6_551a5dba,44b6,unsupported_HOCT_score,0
44b6_551a5dba,44b6,wrong_timing,0
44b6_5740d24b,44b6,C0_official_recovered,0
44b6_5740d24b,44b6,available_unselected_evidence,0
44b6_5740d24b,44b6,conflict_or_protection_loss,0
44b6_5740d24b,44b6,insufficient_candidates,0
44b6_5740d24b,44b6,missing_daughter,0
44b6_5740d24b,44b6,missing_downstream_path,0
44b6_5740d24b,44b6,missing_parent,0
44b6_5740d24b,44b6,unsupported_HOCT_score,0
44b6_5740d24b,44b6,wrong_timing,0
44b6_587a1e22,44b6,C0_official_recovered,1
44b6_587a1e22,44b6,available_unselected_evidence,0
44b6_587a1e22,44b6,conflict_or_protection_loss,0
44b6_587a1e22,44b6,insufficient_candidates,0
44b6_587a1e22,44b6,missing_daughter,0
44b6_587a1e22,44b6,missing_downstream_path,0
44b6_587a1e22,44b6,missing_parent,0
44b6_587a1e22,44b6,unsupported_HOCT_score,0
44b6_587a1e22,44b6,wrong_timing,0
44b6_5f15d135,44b6,C0_official_recovered,0
44b6_5f15d135,44b6,available_unselected_evidence,1
44b6_5f15d135,44b6,conflict_or_protection_loss,0
44b6_5f15d135,44b6,insufficient_candidates,0
44b6_5f15d135,44b6,missing_daughter,0
44b6_5f15d135,44b6,missing_downstream_path,0
44b6_5f15d135,44b6,missing_parent,0
44b6_5f15d135,44b6,unsupported_HOCT_score,0
44b6_5f15d135,44b6,wrong_timing,0
44b6_668e0cc7,44b6,C0_official_recovered,0
44b6_668e0cc7,44b6,available_unselected_evidence,0
44b6_668e0cc7,44b6,conflict_or_protection_loss,0
44b6_668e0cc7,44b6,insufficient_candidates,0
44b6_668e0cc7,44b6,missing_daughter,0
44b6_668e0cc7,44b6,missing_downstream_path,0
44b6_668e0cc7,44b6,missing_parent,0
44b6_668e0cc7,44b6,unsupported_HOCT_score,0
44b6_668e0cc7,44b6,wrong_timing,0
44b6_66f9292d,44b6,C0_official_recovered,0
44b6_66f9292d,44b6,available_unselected_evidence,0
44b6_66f9292d,44b6,conflict_or_protection_loss,0
44b6_66f9292d,44b6,insufficient_candidates,0
44b6_66f9292d,44b6,missing_daughter,0
44b6_66f9292d,44b6,missing_downstream_path,0
44b6_66f9292d,44b6,missing_parent,0
44b6_66f9292d,44b6,unsupported_HOCT_score,0
44b6_66f9292d,44b6,wrong_timing,0
44b6_706092f0,44b6,C0_official_recovered,0
44b6_706092f0,44b6,available_unselected_evidence,1
44b6_706092f0,44b6,conflict_or_protection_loss,0
44b6_706092f0,44b6,insufficient_candidates,0
44b6_706092f0,44b6,missing_daughter,0
44b6_706092f0,44b6,missing_downstream_path,0
44b6_706092f0,44b6,missing_parent,0
44b6_706092f0,44b6,unsupported_HOCT_score,0
44b6_706092f0,44b6,wrong_timing,0
44b6_71a4179f,44b6,C0_official_recovered,0
44b6_71a4179f,44b6,available_unselected_evidence,0
44b6_71a4179f,44b6,conflict_or_protection_loss,0
44b6_71a4179f,44b6,insufficient_candidates,0
44b6_71a4179f,44b6,missing_daughter,0
44b6_71a4179f,44b6,missing_downstream_path,0
44b6_71a4179f,44b6,missing_parent,0
44b6_71a4179f,44b6,unsupported_HOCT_score,0
44b6_71a4179f,44b6,wrong_timing,0
44b6_74d0c52e,44b6,C0_official_recovered,0
44b6_74d0c52e,44b6,available_unselected_evidence,1
44b6_74d0c52e,44b6,conflict_or_protection_loss,0
44b6_74d0c52e,44b6,insufficient_candidates,0
44b6_74d0c52e,44b6,missing_daughter,0
44b6_74d0c52e,44b6,missing_downstream_path,0
44b6_74d0c52e,44b6,missing_parent,0
44b6_74d0c52e,44b6,unsupported_HOCT_score,0
44b6_74d0c52e,44b6,wrong_timing,0
44b6_7a302da0,44b6,C0_official_recovered,0
44b6_7a302da0,44b6,available_unselected_evidence,1
44b6_7a302da0,44b6,conflict_or_protection_loss,0
44b6_7a302da0,44b6,insufficient_candidates,0
44b6_7a302da0,44b6,missing_daughter,0
44b6_7a302da0,44b6,missing_downstream_path,0
44b6_7a302da0,44b6,missing_parent,0
44b6_7a302da0,44b6,unsupported_HOCT_score,0
44b6_7a302da0,44b6,wrong_timing,0
44b6_7e557709,44b6,C0_official_recovered,0
44b6_7e557709,44b6,available_unselected_evidence,0
44b6_7e557709,44b6,conflict_or_protection_loss,0
44b6_7e557709,44b6,insufficient_candidates,0
44b6_7e557709,44b6,missing_daughter,0
44b6_7e557709,44b6,missing_downstream_path,0
44b6_7e557709,44b6,missing_parent,0
44b6_7e557709,44b6,unsupported_HOCT_score,0
44b6_7e557709,44b6,wrong_timing,0
44b6_808952d6,44b6,C0_official_recovered,0
44b6_808952d6,44b6,available_unselected_evidence,0
44b6_808952d6,44b6,conflict_or_protection_loss,0
44b6_808952d6,44b6,insufficient_candidates,0
44b6_808952d6,44b6,missing_daughter,0
44b6_808952d6,44b6,missing_downstream_path,0
44b6_808952d6,44b6,missing_parent,0
44b6_808952d6,44b6,unsupported_HOCT_score,0
44b6_808952d6,44b6,wrong_timing,0
44b6_81c256f0,44b6,C0_official_recovered,0
44b6_81c256f0,44b6,available_unselected_evidence,0
44b6_81c256f0,44b6,conflict_or_protection_loss,0
44b6_81c256f0,44b6,insufficient_candidates,0
44b6_81c256f0,44b6,missing_daughter,0
44b6_81c256f0,44b6,missing_downstream_path,0
44b6_81c256f0,44b6,missing_parent,0
44b6_81c256f0,44b6,unsupported_HOCT_score,0
44b6_81c256f0,44b6,wrong_timing,0
44b6_87bba6c4,44b6,C0_official_recovered,0
44b6_87bba6c4,44b6,available_unselected_evidence,0
44b6_87bba6c4,44b6,conflict_or_protection_loss,0
44b6_87bba6c4,44b6,insufficient_candidates,0
44b6_87bba6c4,44b6,missing_daughter,0
44b6_87bba6c4,44b6,missing_downstream_path,0
44b6_87bba6c4,44b6,missing_parent,0
44b6_87bba6c4,44b6,unsupported_HOCT_score,0
44b6_87bba6c4,44b6,wrong_timing,0
44b6_8cc6506c,44b6,C0_official_recovered,0
44b6_8cc6506c,44b6,available_unselected_evidence,0
44b6_8cc6506c,44b6,conflict_or_protection_loss,0
44b6_8cc6506c,44b6,insufficient_candidates,0
44b6_8cc6506c,44b6,missing_daughter,0
44b6_8cc6506c,44b6,missing_downstream_path,0
44b6_8cc6506c,44b6,missing_parent,0
44b6_8cc6506c,44b6,unsupported_HOCT_score,0
44b6_8cc6506c,44b6,wrong_timing,0
44b6_8f5ab931,44b6,C0_official_recovered,0
44b6_8f5ab931,44b6,available_unselected_evidence,0
44b6_8f5ab931,44b6,conflict_or_protection_loss,0
44b6_8f5ab931,44b6,insufficient_candidates,0
44b6_8f5ab931,44b6,missing_daughter,0
44b6_8f5ab931,44b6,missing_downstream_path,0
44b6_8f5ab931,44b6,missing_parent,0
44b6_8f5ab931,44b6,unsupported_HOCT_score,0
44b6_8f5ab931,44b6,wrong_timing,0
44b6_8f9ecab4,44b6,C0_official_recovered,0
44b6_8f9ecab4,44b6,available_unselected_evidence,0
44b6_8f9ecab4,44b6,conflict_or_protection_loss,0
44b6_8f9ecab4,44b6,insufficient_candidates,0
44b6_8f9ecab4,44b6,missing_daughter,0
44b6_8f9ecab4,44b6,missing_downstream_path,0
44b6_8f9ecab4,44b6,missing_parent,0
44b6_8f9ecab4,44b6,unsupported_HOCT_score,0
44b6_8f9ecab4,44b6,wrong_timing,0
44b6_90724892,44b6,C0_official_recovered,0
44b6_90724892,44b6,available_unselected_evidence,0
44b6_90724892,44b6,conflict_or_protection_loss,0
44b6_90724892,44b6,insufficient_candidates,0
44b6_90724892,44b6,missing_daughter,0
44b6_90724892,44b6,missing_downstream_path,0
44b6_90724892,44b6,missing_parent,0
44b6_90724892,44b6,unsupported_HOCT_score,0
44b6_90724892,44b6,wrong_timing,0
44b6_949adeb1,44b6,C0_official_recovered,0
44b6_949adeb1,44b6,available_unselected_evidence,0
44b6_949adeb1,44b6,conflict_or_protection_loss,0
44b6_949adeb1,44b6,insufficient_candidates,0
44b6_949adeb1,44b6,missing_daughter,0
44b6_949adeb1,44b6,missing_downstream_path,0
44b6_949adeb1,44b6,missing_parent,0
44b6_949adeb1,44b6,unsupported_HOCT_score,0
44b6_949adeb1,44b6,wrong_timing,0
44b6_95029e92,44b6,C0_official_recovered,0
44b6_95029e92,44b6,available_unselected_evidence,0
44b6_95029e92,44b6,conflict_or_protection_loss,0
44b6_95029e92,44b6,insufficient_candidates,0
44b6_95029e92,44b6,missing_daughter,0
44b6_95029e92,44b6,missing_downstream_path,0
44b6_95029e92,44b6,missing_parent,0
44b6_95029e92,44b6,unsupported_HOCT_score,0
44b6_95029e92,44b6,wrong_timing,0
44b6_97725144,44b6,C0_official_recovered,0
44b6_97725144,44b6,available_unselected_evidence,0
44b6_97725144,44b6,conflict_or_protection_loss,0
44b6_97725144,44b6,insufficient_candidates,0
44b6_97725144,44b6,missing_daughter,0
44b6_97725144,44b6,missing_downstream_path,0
44b6_97725144,44b6,missing_parent,0
44b6_97725144,44b6,unsupported_HOCT_score,0
44b6_97725144,44b6,wrong_timing,0
44b6_996155de,44b6,C0_official_recovered,1
44b6_996155de,44b6,available_unselected_evidence,0
44b6_996155de,44b6,conflict_or_protection_loss,0
44b6_996155de,44b6,insufficient_candidates,0
44b6_996155de,44b6,missing_daughter,0
44b6_996155de,44b6,missing_downstream_path,0
44b6_996155de,44b6,missing_parent,0
44b6_996155de,44b6,unsupported_HOCT_score,0
44b6_996155de,44b6,wrong_timing,0
44b6_9be80b04,44b6,C0_official_recovered,0
44b6_9be80b04,44b6,available_unselected_evidence,1
44b6_9be80b04,44b6,conflict_or_protection_loss,0
44b6_9be80b04,44b6,insufficient_candidates,0
44b6_9be80b04,44b6,missing_daughter,0
44b6_9be80b04,44b6,missing_downstream_path,0
44b6_9be80b04,44b6,missing_parent,0
44b6_9be80b04,44b6,unsupported_HOCT_score,0
44b6_9be80b04,44b6,wrong_timing,0
44b6_9bfa6a0a,44b6,C0_official_recovered,0
44b6_9bfa6a0a,44b6,available_unselected_evidence,0
44b6_9bfa6a0a,44b6,conflict_or_protection_loss,0
44b6_9bfa6a0a,44b6,insufficient_candidates,0
44b6_9bfa6a0a,44b6,missing_daughter,0
44b6_9bfa6a0a,44b6,missing_downstream_path,0
44b6_9bfa6a0a,44b6,missing_parent,0
44b6_9bfa6a0a,44b6,unsupported_HOCT_score,0
44b6_9bfa6a0a,44b6,wrong_timing,0
44b6_a21120c2,44b6,C0_official_recovered,1
44b6_a21120c2,44b6,available_unselected_evidence,1
44b6_a21120c2,44b6,conflict_or_protection_loss,0
44b6_a21120c2,44b6,insufficient_candidates,0
44b6_a21120c2,44b6,missing_daughter,0
44b6_a21120c2,44b6,missing_downstream_path,0
44b6_a21120c2,44b6,missing_parent,0
44b6_a21120c2,44b6,unsupported_HOCT_score,0
44b6_a21120c2,44b6,wrong_timing,0
44b6_a2bb48bb,44b6,C0_official_recovered,0
44b6_a2bb48bb,44b6,available_unselected_evidence,0
44b6_a2bb48bb,44b6,conflict_or_protection_loss,0
44b6_a2bb48bb,44b6,insufficient_candidates,0
44b6_a2bb48bb,44b6,missing_daughter,0
44b6_a2bb48bb,44b6,missing_downstream_path,0
44b6_a2bb48bb,44b6,missing_parent,0
44b6_a2bb48bb,44b6,unsupported_HOCT_score,0
44b6_a2bb48bb,44b6,wrong_timing,0
44b6_aaf8b0ea,44b6,C0_official_recovered,0
44b6_aaf8b0ea,44b6,available_unselected_evidence,0
44b6_aaf8b0ea,44b6,conflict_or_protection_loss,0
44b6_aaf8b0ea,44b6,insufficient_candidates,0
44b6_aaf8b0ea,44b6,missing_daughter,1
44b6_aaf8b0ea,44b6,missing_downstream_path,0
44b6_aaf8b0ea,44b6,missing_parent,0
44b6_aaf8b0ea,44b6,unsupported_HOCT_score,0
44b6_aaf8b0ea,44b6,wrong_timing,0
44b6_abf82518,44b6,C0_official_recovered,0
44b6_abf82518,44b6,available_unselected_evidence,0
44b6_abf82518,44b6,conflict_or_protection_loss,0
44b6_abf82518,44b6,insufficient_candidates,0
44b6_abf82518,44b6,missing_daughter,0
44b6_abf82518,44b6,missing_downstream_path,0
44b6_abf82518,44b6,missing_parent,0
44b6_abf82518,44b6,unsupported_HOCT_score,0
44b6_abf82518,44b6,wrong_timing,0
44b6_b2c44266,44b6,C0_official_recovered,0
44b6_b2c44266,44b6,available_unselected_evidence,0
44b6_b2c44266,44b6,conflict_or_protection_loss,0
44b6_b2c44266,44b6,insufficient_candidates,0
44b6_b2c44266,44b6,missing_daughter,0
44b6_b2c44266,44b6,missing_downstream_path,0
44b6_b2c44266,44b6,missing_parent,0
44b6_b2c44266,44b6,unsupported_HOCT_score,0
44b6_b2c44266,44b6,wrong_timing,0
44b6_c15fded2,44b6,C0_official_recovered,0
44b6_c15fded2,44b6,available_unselected_evidence,0
44b6_c15fded2,44b6,conflict_or_protection_loss,0
44b6_c15fded2,44b6,insufficient_candidates,0
44b6_c15fded2,44b6,missing_daughter,0
44b6_c15fded2,44b6,missing_downstream_path,0
44b6_c15fded2,44b6,missing_parent,0
44b6_c15fded2,44b6,unsupported_HOCT_score,0
44b6_c15fded2,44b6,wrong_timing,0
44b6_c50204e0,44b6,C0_official_recovered,1
44b6_c50204e0,44b6,available_unselected_evidence,1
44b6_c50204e0,44b6,conflict_or_protection_loss,0
44b6_c50204e0,44b6,insufficient_candidates,0
44b6_c50204e0,44b6,missing_daughter,0
44b6_c50204e0,44b6,missing_downstream_path,0
44b6_c50204e0,44b6,missing_parent,0
44b6_c50204e0,44b6,unsupported_HOCT_score,0
44b6_c50204e0,44b6,wrong_timing,0
44b6_c771cb04,44b6,C0_official_recovered,0
44b6_c771cb04,44b6,available_unselected_evidence,0
44b6_c771cb04,44b6,conflict_or_protection_loss,0
44b6_c771cb04,44b6,insufficient_candidates,0
44b6_c771cb04,44b6,missing_daughter,0
44b6_c771cb04,44b6,missing_downstream_path,0
44b6_c771cb04,44b6,missing_parent,0
44b6_c771cb04,44b6,unsupported_HOCT_score,0
44b6_c771cb04,44b6,wrong_timing,0
44b6_c8e2a523,44b6,C0_official_recovered,0
44b6_c8e2a523,44b6,available_unselected_evidence,1
44b6_c8e2a523,44b6,conflict_or_protection_loss,0
44b6_c8e2a523,44b6,insufficient_candidates,0
44b6_c8e2a523,44b6,missing_daughter,0
44b6_c8e2a523,44b6,missing_downstream_path,0
44b6_c8e2a523,44b6,missing_parent,0
44b6_c8e2a523,44b6,unsupported_HOCT_score,0
44b6_c8e2a523,44b6,wrong_timing,0
44b6_c96cfa10,44b6,C0_official_recovered,0
44b6_c96cfa10,44b6,available_unselected_evidence,0
44b6_c96cfa10,44b6,conflict_or_protection_loss,0
44b6_c96cfa10,44b6,insufficient_candidates,0
44b6_c96cfa10,44b6,missing_daughter,0
44b6_c96cfa10,44b6,missing_downstream_path,0
44b6_c96cfa10,44b6,missing_parent,0
44b6_c96cfa10,44b6,unsupported_HOCT_score,0
44b6_c96cfa10,44b6,wrong_timing,0
44b6_cf2536e8,44b6,C0_official_recovered,0
44b6_cf2536e8,44b6,available_unselected_evidence,0
44b6_cf2536e8,44b6,conflict_or_protection_loss,0
44b6_cf2536e8,44b6,insufficient_candidates,0
44b6_cf2536e8,44b6,missing_daughter,0
44b6_cf2536e8,44b6,missing_downstream_path,0
44b6_cf2536e8,44b6,missing_parent,0
44b6_cf2536e8,44b6,unsupported_HOCT_score,0
44b6_cf2536e8,44b6,wrong_timing,0
44b6_cf8fed6b,44b6,C0_official_recovered,0
44b6_cf8fed6b,44b6,available_unselected_evidence,0
44b6_cf8fed6b,44b6,conflict_or_protection_loss,0
44b6_cf8fed6b,44b6,insufficient_candidates,0
44b6_cf8fed6b,44b6,missing_daughter,0
44b6_cf8fed6b,44b6,missing_downstream_path,0
44b6_cf8fed6b,44b6,missing_parent,0
44b6_cf8fed6b,44b6,unsupported_HOCT_score,0
44b6_cf8fed6b,44b6,wrong_timing,0
44b6_d29c9ab2,44b6,C0_official_recovered,0
44b6_d29c9ab2,44b6,available_unselected_evidence,0
44b6_d29c9ab2,44b6,conflict_or_protection_loss,0
44b6_d29c9ab2,44b6,insufficient_candidates,0
44b6_d29c9ab2,44b6,missing_daughter,0
44b6_d29c9ab2,44b6,missing_downstream_path,0
44b6_d29c9ab2,44b6,missing_parent,0
44b6_d29c9ab2,44b6,unsupported_HOCT_score,0
44b6_d29c9ab2,44b6,wrong_timing,0
44b6_d2f34f90,44b6,C0_official_recovered,0
44b6_d2f34f90,44b6,available_unselected_evidence,1
44b6_d2f34f90,44b6,conflict_or_protection_loss,0
44b6_d2f34f90,44b6,insufficient_candidates,0
44b6_d2f34f90,44b6,missing_daughter,0
44b6_d2f34f90,44b6,missing_downstream_path,0
44b6_d2f34f90,44b6,missing_parent,0
44b6_d2f34f90,44b6,unsupported_HOCT_score,1
44b6_d2f34f90,44b6,wrong_timing,0
44b6_d5e7d891,44b6,C0_official_recovered,0
44b6_d5e7d891,44b6,available_unselected_evidence,2
44b6_d5e7d891,44b6,conflict_or_protection_loss,0
44b6_d5e7d891,44b6,insufficient_candidates,0
44b6_d5e7d891,44b6,missing_daughter,0
44b6_d5e7d891,44b6,missing_downstream_path,0
44b6_d5e7d891,44b6,missing_parent,0
44b6_d5e7d891,44b6,unsupported_HOCT_score,0
44b6_d5e7d891,44b6,wrong_timing,0
44b6_d754aa59,44b6,C0_official_recovered,1
44b6_d754aa59,44b6,available_unselected_evidence,0
44b6_d754aa59,44b6,conflict_or_protection_loss,0
44b6_d754aa59,44b6,insufficient_candidates,0
44b6_d754aa59,44b6,missing_daughter,0
44b6_d754aa59,44b6,missing_downstream_path,0
44b6_d754aa59,44b6,missing_parent,0
44b6_d754aa59,44b6,unsupported_HOCT_score,0
44b6_d754aa59,44b6,wrong_timing,0
44b6_d78e09d9,44b6,C0_official_recovered,0
44b6_d78e09d9,44b6,available_unselected_evidence,0
44b6_d78e09d9,44b6,conflict_or_protection_loss,0
44b6_d78e09d9,44b6,insufficient_candidates,0
44b6_d78e09d9,44b6,missing_daughter,0
44b6_d78e09d9,44b6,missing_downstream_path,0
44b6_d78e09d9,44b6,missing_parent,0
44b6_d78e09d9,44b6,unsupported_HOCT_score,0
44b6_d78e09d9,44b6,wrong_timing,0
44b6_db3c847b,44b6,C0_official_recovered,0
44b6_db3c847b,44b6,available_unselected_evidence,0
44b6_db3c847b,44b6,conflict_or_protection_loss,0
44b6_db3c847b,44b6,insufficient_candidates,0
44b6_db3c847b,44b6,missing_daughter,0
44b6_db3c847b,44b6,missing_downstream_path,0
44b6_db3c847b,44b6,missing_parent,0
44b6_db3c847b,44b6,unsupported_HOCT_score,0
44b6_db3c847b,44b6,wrong_timing,0
44b6_ddf577ad,44b6,C0_official_recovered,0
44b6_ddf577ad,44b6,available_unselected_evidence,0
44b6_ddf577ad,44b6,conflict_or_protection_loss,0
44b6_ddf577ad,44b6,insufficient_candidates,0
44b6_ddf577ad,44b6,missing_daughter,0
44b6_ddf577ad,44b6,missing_downstream_path,0
44b6_ddf577ad,44b6,missing_parent,0
44b6_ddf577ad,44b6,unsupported_HOCT_score,0
44b6_ddf577ad,44b6,wrong_timing,0
44b6_deabac95,44b6,C0_official_recovered,1
44b6_deabac95,44b6,available_unselected_evidence,0
44b6_deabac95,44b6,conflict_or_protection_loss,0
44b6_deabac95,44b6,insufficient_candidates,0
44b6_deabac95,44b6,missing_daughter,0
44b6_deabac95,44b6,missing_downstream_path,0
44b6_deabac95,44b6,missing_parent,0
44b6_deabac95,44b6,unsupported_HOCT_score,0
44b6_deabac95,44b6,wrong_timing,0
44b6_e28840c6,44b6,C0_official_recovered,0
44b6_e28840c6,44b6,available_unselected_evidence,1
44b6_e28840c6,44b6,conflict_or_protection_loss,0
44b6_e28840c6,44b6,insufficient_candidates,0
44b6_e28840c6,44b6,missing_daughter,1
44b6_e28840c6,44b6,missing_downstream_path,0
44b6_e28840c6,44b6,missing_parent,0
44b6_e28840c6,44b6,unsupported_HOCT_score,0
44b6_e28840c6,44b6,wrong_timing,0
44b6_e29f0176,44b6,C0_official_recovered,0
44b6_e29f0176,44b6,available_unselected_evidence,0
44b6_e29f0176,44b6,conflict_or_protection_loss,0
44b6_e29f0176,44b6,insufficient_candidates,0
44b6_e29f0176,44b6,missing_daughter,0
44b6_e29f0176,44b6,missing_downstream_path,0
44b6_e29f0176,44b6,missing_parent,0
44b6_e29f0176,44b6,unsupported_HOCT_score,0
44b6_e29f0176,44b6,wrong_timing,0
44b6_e31261b4,44b6,C0_official_recovered,0
44b6_e31261b4,44b6,available_unselected_evidence,0
44b6_e31261b4,44b6,conflict_or_protection_loss,0
44b6_e31261b4,44b6,insufficient_candidates,0
44b6_e31261b4,44b6,missing_daughter,0
44b6_e31261b4,44b6,missing_downstream_path,0
44b6_e31261b4,44b6,missing_parent,0
44b6_e31261b4,44b6,unsupported_HOCT_score,0
44b6_e31261b4,44b6,wrong_timing,0
44b6_e35b117d,44b6,C0_official_recovered,0
44b6_e35b117d,44b6,available_unselected_evidence,0
44b6_e35b117d,44b6,conflict_or_protection_loss,0
44b6_e35b117d,44b6,insufficient_candidates,0
44b6_e35b117d,44b6,missing_daughter,0
44b6_e35b117d,44b6,missing_downstream_path,0
44b6_e35b117d,44b6,missing_parent,0
44b6_e35b117d,44b6,unsupported_HOCT_score,0
44b6_e35b117d,44b6,wrong_timing,0
44b6_e57ff5c6,44b6,C0_official_recovered,0
44b6_e57ff5c6,44b6,available_unselected_evidence,0
44b6_e57ff5c6,44b6,conflict_or_protection_loss,0
44b6_e57ff5c6,44b6,insufficient_candidates,0
44b6_e57ff5c6,44b6,missing_daughter,0
44b6_e57ff5c6,44b6,missing_downstream_path,0
44b6_e57ff5c6,44b6,missing_parent,0
44b6_e57ff5c6,44b6,unsupported_HOCT_score,0
44b6_e57ff5c6,44b6,wrong_timing,0
44b6_eb2880fc,44b6,C0_official_recovered,0
44b6_eb2880fc,44b6,available_unselected_evidence,1
44b6_eb2880fc,44b6,conflict_or_protection_loss,0
44b6_eb2880fc,44b6,insufficient_candidates,0
44b6_eb2880fc,44b6,missing_daughter,0
44b6_eb2880fc,44b6,missing_downstream_path,0
44b6_eb2880fc,44b6,missing_parent,0
44b6_eb2880fc,44b6,unsupported_HOCT_score,0
44b6_eb2880fc,44b6,wrong_timing,0
44b6_f28707c6,44b6,C0_official_recovered,0
44b6_f28707c6,44b6,available_unselected_evidence,0
44b6_f28707c6,44b6,conflict_or_protection_loss,0
44b6_f28707c6,44b6,insufficient_candidates,0
44b6_f28707c6,44b6,missing_daughter,0
44b6_f28707c6,44b6,missing_downstream_path,0
44b6_f28707c6,44b6,missing_parent,0
44b6_f28707c6,44b6,unsupported_HOCT_score,0
44b6_f28707c6,44b6,wrong_timing,0
6bba_05b6850b,6bba,C0_official_recovered,0
6bba_05b6850b,6bba,available_unselected_evidence,0
6bba_05b6850b,6bba,conflict_or_protection_loss,0
6bba_05b6850b,6bba,insufficient_candidates,0
6bba_05b6850b,6bba,missing_daughter,0
6bba_05b6850b,6bba,missing_downstream_path,0
6bba_05b6850b,6bba,missing_parent,0
6bba_05b6850b,6bba,unsupported_HOCT_score,0
6bba_05b6850b,6bba,wrong_timing,0
6bba_05db0fb1,6bba,C0_official_recovered,0
6bba_05db0fb1,6bba,available_unselected_evidence,2
6bba_05db0fb1,6bba,conflict_or_protection_loss,0
6bba_05db0fb1,6bba,insufficient_candidates,0
6bba_05db0fb1,6bba,missing_daughter,0
6bba_05db0fb1,6bba,missing_downstream_path,0
6bba_05db0fb1,6bba,missing_parent,0
6bba_05db0fb1,6bba,unsupported_HOCT_score,1
6bba_05db0fb1,6bba,wrong_timing,0
6bba_062c8d37,6bba,C0_official_recovered,1
6bba_062c8d37,6bba,available_unselected_evidence,0
6bba_062c8d37,6bba,conflict_or_protection_loss,0
6bba_062c8d37,6bba,insufficient_candidates,0
6bba_062c8d37,6bba,missing_daughter,0
6bba_062c8d37,6bba,missing_downstream_path,0
6bba_062c8d37,6bba,missing_parent,0
6bba_062c8d37,6bba,unsupported_HOCT_score,0
6bba_062c8d37,6bba,wrong_timing,0
6bba_07477033,6bba,C0_official_recovered,0
6bba_07477033,6bba,available_unselected_evidence,0
6bba_07477033,6bba,conflict_or_protection_loss,0
6bba_07477033,6bba,insufficient_candidates,0
6bba_07477033,6bba,missing_daughter,0
6bba_07477033,6bba,missing_downstream_path,0
6bba_07477033,6bba,missing_parent,0
6bba_07477033,6bba,unsupported_HOCT_score,0
6bba_07477033,6bba,wrong_timing,0
6bba_07e24132,6bba,C0_official_recovered,0
6bba_07e24132,6bba,available_unselected_evidence,1
6bba_07e24132,6bba,conflict_or_protection_loss,0
6bba_07e24132,6bba,insufficient_candidates,0
6bba_07e24132,6bba,missing_daughter,1
6bba_07e24132,6bba,missing_downstream_path,0
6bba_07e24132,6bba,missing_parent,0
6bba_07e24132,6bba,unsupported_HOCT_score,0
6bba_07e24132,6bba,wrong_timing,0
6bba_085bf656,6bba,C0_official_recovered,0
6bba_085bf656,6bba,available_unselected_evidence,0
6bba_085bf656,6bba,conflict_or_protection_loss,0
6bba_085bf656,6bba,insufficient_candidates,0
6bba_085bf656,6bba,missing_daughter,1
6bba_085bf656,6bba,missing_downstream_path,0
6bba_085bf656,6bba,missing_parent,0
6bba_085bf656,6bba,unsupported_HOCT_score,0
6bba_085bf656,6bba,wrong_timing,0
6bba_09961292,6bba,C0_official_recovered,1
6bba_09961292,6bba,available_unselected_evidence,2
6bba_09961292,6bba,conflict_or_protection_loss,0
6bba_09961292,6bba,insufficient_candidates,0
6bba_09961292,6bba,missing_daughter,0
6bba_09961292,6bba,missing_downstream_path,1
6bba_09961292,6bba,missing_parent,0
6bba_09961292,6bba,unsupported_HOCT_score,0
6bba_09961292,6bba,wrong_timing,0
6bba_0c7fa718,6bba,C0_official_recovered,0
6bba_0c7fa718,6bba,available_unselected_evidence,0
6bba_0c7fa718,6bba,conflict_or_protection_loss,0
6bba_0c7fa718,6bba,insufficient_candidates,0
6bba_0c7fa718,6bba,missing_daughter,0
6bba_0c7fa718,6bba,missing_downstream_path,0
6bba_0c7fa718,6bba,missing_parent,0
6bba_0c7fa718,6bba,unsupported_HOCT_score,0
6bba_0c7fa718,6bba,wrong_timing,0
6bba_0e7c0d07,6bba,C0_official_recovered,0
6bba_0e7c0d07,6bba,available_unselected_evidence,0
6bba_0e7c0d07,6bba,conflict_or_protection_loss,0
6bba_0e7c0d07,6bba,insufficient_candidates,0
6bba_0e7c0d07,6bba,missing_daughter,1
6bba_0e7c0d07,6bba,missing_downstream_path,0
6bba_0e7c0d07,6bba,missing_parent,0
6bba_0e7c0d07,6bba,unsupported_HOCT_score,0
6bba_0e7c0d07,6bba,wrong_timing,0
6bba_12665c0e,6bba,C0_official_recovered,0
6bba_12665c0e,6bba,available_unselected_evidence,2
6bba_12665c0e,6bba,conflict_or_protection_loss,0
6bba_12665c0e,6bba,insufficient_candidates,0
6bba_12665c0e,6bba,missing_daughter,1
6bba_12665c0e,6bba,missing_downstream_path,0
6bba_12665c0e,6bba,missing_parent,0
6bba_12665c0e,6bba,unsupported_HOCT_score,0
6bba_12665c0e,6bba,wrong_timing,0
6bba_13f19531,6bba,C0_official_recovered,0
6bba_13f19531,6bba,available_unselected_evidence,0
6bba_13f19531,6bba,conflict_or_protection_loss,0
6bba_13f19531,6bba,insufficient_candidates,0
6bba_13f19531,6bba,missing_daughter,0
6bba_13f19531,6bba,missing_downstream_path,0
6bba_13f19531,6bba,missing_parent,0
6bba_13f19531,6bba,unsupported_HOCT_score,0
6bba_13f19531,6bba,wrong_timing,0
6bba_15403b9a,6bba,C0_official_recovered,0
6bba_15403b9a,6bba,available_unselected_evidence,0
6bba_15403b9a,6bba,conflict_or_protection_loss,0
6bba_15403b9a,6bba,insufficient_candidates,0
6bba_15403b9a,6bba,missing_daughter,0
6bba_15403b9a,6bba,missing_downstream_path,0
6bba_15403b9a,6bba,missing_parent,0
6bba_15403b9a,6bba,unsupported_HOCT_score,0
6bba_15403b9a,6bba,wrong_timing,0
6bba_1d0d8384,6bba,C0_official_recovered,0
6bba_1d0d8384,6bba,available_unselected_evidence,1
6bba_1d0d8384,6bba,conflict_or_protection_loss,0
6bba_1d0d8384,6bba,insufficient_candidates,0
6bba_1d0d8384,6bba,missing_daughter,0
6bba_1d0d8384,6bba,missing_downstream_path,0
6bba_1d0d8384,6bba,missing_parent,0
6bba_1d0d8384,6bba,unsupported_HOCT_score,0
6bba_1d0d8384,6bba,wrong_timing,0
6bba_1ebfb80d,6bba,C0_official_recovered,0
6bba_1ebfb80d,6bba,available_unselected_evidence,0
6bba_1ebfb80d,6bba,conflict_or_protection_loss,0
6bba_1ebfb80d,6bba,insufficient_candidates,0
6bba_1ebfb80d,6bba,missing_daughter,0
6bba_1ebfb80d,6bba,missing_downstream_path,0
6bba_1ebfb80d,6bba,missing_parent,0
6bba_1ebfb80d,6bba,unsupported_HOCT_score,0
6bba_1ebfb80d,6bba,wrong_timing,0
6bba_1f58c2f6,6bba,C0_official_recovered,0
6bba_1f58c2f6,6bba,available_unselected_evidence,0
6bba_1f58c2f6,6bba,conflict_or_protection_loss,0
6bba_1f58c2f6,6bba,insufficient_candidates,0
6bba_1f58c2f6,6bba,missing_daughter,0
6bba_1f58c2f6,6bba,missing_downstream_path,0
6bba_1f58c2f6,6bba,missing_parent,0
6bba_1f58c2f6,6bba,unsupported_HOCT_score,0
6bba_1f58c2f6,6bba,wrong_timing,0
6bba_207c6aaf,6bba,C0_official_recovered,0
6bba_207c6aaf,6bba,available_unselected_evidence,1
6bba_207c6aaf,6bba,conflict_or_protection_loss,0
6bba_207c6aaf,6bba,insufficient_candidates,0
6bba_207c6aaf,6bba,missing_daughter,0
6bba_207c6aaf,6bba,missing_downstream_path,0
6bba_207c6aaf,6bba,missing_parent,0
6bba_207c6aaf,6bba,unsupported_HOCT_score,0
6bba_207c6aaf,6bba,wrong_timing,0
6bba_20852818,6bba,C0_official_recovered,0
6bba_20852818,6bba,available_unselected_evidence,0
6bba_20852818,6bba,conflict_or_protection_loss,0
6bba_20852818,6bba,insufficient_candidates,0
6bba_20852818,6bba,missing_daughter,0
6bba_20852818,6bba,missing_downstream_path,1
6bba_20852818,6bba,missing_parent,1
6bba_20852818,6bba,unsupported_HOCT_score,1
6bba_20852818,6bba,wrong_timing,0
6bba_2312ac41,6bba,C0_official_recovered,2
6bba_2312ac41,6bba,available_unselected_evidence,0
6bba_2312ac41,6bba,conflict_or_protection_loss,0
6bba_2312ac41,6bba,insufficient_candidates,0
6bba_2312ac41,6bba,missing_daughter,0
6bba_2312ac41,6bba,missing_downstream_path,0
6bba_2312ac41,6bba,missing_parent,0
6bba_2312ac41,6bba,unsupported_HOCT_score,0
6bba_2312ac41,6bba,wrong_timing,0
6bba_23af9eeb,6bba,C0_official_recovered,0
6bba_23af9eeb,6bba,available_unselected_evidence,0
6bba_23af9eeb,6bba,conflict_or_protection_loss,0
6bba_23af9eeb,6bba,insufficient_candidates,0
6bba_23af9eeb,6bba,missing_daughter,0
6bba_23af9eeb,6bba,missing_downstream_path,0
6bba_23af9eeb,6bba,missing_parent,0
6bba_23af9eeb,6bba,unsupported_HOCT_score,0
6bba_23af9eeb,6bba,wrong_timing,0
6bba_2540cd90,6bba,C0_official_recovered,0
6bba_2540cd90,6bba,available_unselected_evidence,0
6bba_2540cd90,6bba,conflict_or_protection_loss,0
6bba_2540cd90,6bba,insufficient_candidates,0
6bba_2540cd90,6bba,missing_daughter,0
6bba_2540cd90,6bba,missing_downstream_path,0
6bba_2540cd90,6bba,missing_parent,0
6bba_2540cd90,6bba,unsupported_HOCT_score,0
6bba_2540cd90,6bba,wrong_timing,0
6bba_2646afc7,6bba,C0_official_recovered,0
6bba_2646afc7,6bba,available_unselected_evidence,0
6bba_2646afc7,6bba,conflict_or_protection_loss,0
6bba_2646afc7,6bba,insufficient_candidates,0
6bba_2646afc7,6bba,missing_daughter,0
6bba_2646afc7,6bba,missing_downstream_path,0
6bba_2646afc7,6bba,missing_parent,0
6bba_2646afc7,6bba,unsupported_HOCT_score,0
6bba_2646afc7,6bba,wrong_timing,0
6bba_268e1230,6bba,C0_official_recovered,0
6bba_268e1230,6bba,available_unselected_evidence,0
6bba_268e1230,6bba,conflict_or_protection_loss,0
6bba_268e1230,6bba,insufficient_candidates,0
6bba_268e1230,6bba,missing_daughter,1
6bba_268e1230,6bba,missing_downstream_path,0
6bba_268e1230,6bba,missing_parent,0
6bba_268e1230,6bba,unsupported_HOCT_score,0
6bba_268e1230,6bba,wrong_timing,0
6bba_2819ca14,6bba,C0_official_recovered,0
6bba_2819ca14,6bba,available_unselected_evidence,0
6bba_2819ca14,6bba,conflict_or_protection_loss,0
6bba_2819ca14,6bba,insufficient_candidates,0
6bba_2819ca14,6bba,missing_daughter,0
6bba_2819ca14,6bba,missing_downstream_path,0
6bba_2819ca14,6bba,missing_parent,0
6bba_2819ca14,6bba,unsupported_HOCT_score,1
6bba_2819ca14,6bba,wrong_timing,0
6bba_283bf9f1,6bba,C0_official_recovered,0
6bba_283bf9f1,6bba,available_unselected_evidence,0
6bba_283bf9f1,6bba,conflict_or_protection_loss,0
6bba_283bf9f1,6bba,insufficient_candidates,0
6bba_283bf9f1,6bba,missing_daughter,0
6bba_283bf9f1,6bba,missing_downstream_path,0
6bba_283bf9f1,6bba,missing_parent,0
6bba_283bf9f1,6bba,unsupported_HOCT_score,0
6bba_283bf9f1,6bba,wrong_timing,0
6bba_312f0dc3,6bba,C0_official_recovered,0
6bba_312f0dc3,6bba,available_unselected_evidence,0
6bba_312f0dc3,6bba,conflict_or_protection_loss,0
6bba_312f0dc3,6bba,insufficient_candidates,0
6bba_312f0dc3,6bba,missing_daughter,0
6bba_312f0dc3,6bba,missing_downstream_path,0
6bba_312f0dc3,6bba,missing_parent,0
6bba_312f0dc3,6bba,unsupported_HOCT_score,0
6bba_312f0dc3,6bba,wrong_timing,0
6bba_32db13fc,6bba,C0_official_recovered,0
6bba_32db13fc,6bba,available_unselected_evidence,1
6bba_32db13fc,6bba,conflict_or_protection_loss,0
6bba_32db13fc,6bba,insufficient_candidates,0
6bba_32db13fc,6bba,missing_daughter,0
6bba_32db13fc,6bba,missing_downstream_path,0
6bba_32db13fc,6bba,missing_parent,0
6bba_32db13fc,6bba,unsupported_HOCT_score,0
6bba_32db13fc,6bba,wrong_timing,0
6bba_337b1b3a,6bba,C0_official_recovered,1
6bba_337b1b3a,6bba,available_unselected_evidence,1
6bba_337b1b3a,6bba,conflict_or_protection_loss,0
6bba_337b1b3a,6bba,insufficient_candidates,0
6bba_337b1b3a,6bba,missing_daughter,0
6bba_337b1b3a,6bba,missing_downstream_path,0
6bba_337b1b3a,6bba,missing_parent,0
6bba_337b1b3a,6bba,unsupported_HOCT_score,0
6bba_337b1b3a,6bba,wrong_timing,0
6bba_372c8cb8,6bba,C0_official_recovered,0
6bba_372c8cb8,6bba,available_unselected_evidence,0
6bba_372c8cb8,6bba,conflict_or_protection_loss,0
6bba_372c8cb8,6bba,insufficient_candidates,0
6bba_372c8cb8,6bba,missing_daughter,0
6bba_372c8cb8,6bba,missing_downstream_path,0
6bba_372c8cb8,6bba,missing_parent,0
6bba_372c8cb8,6bba,unsupported_HOCT_score,0
6bba_372c8cb8,6bba,wrong_timing,0
6bba_3a1849c2,6bba,C0_official_recovered,0
6bba_3a1849c2,6bba,available_unselected_evidence,0
6bba_3a1849c2,6bba,conflict_or_protection_loss,0
6bba_3a1849c2,6bba,insufficient_candidates,0
6bba_3a1849c2,6bba,missing_daughter,0
6bba_3a1849c2,6bba,missing_downstream_path,0
6bba_3a1849c2,6bba,missing_parent,0
6bba_3a1849c2,6bba,unsupported_HOCT_score,0
6bba_3a1849c2,6bba,wrong_timing,0
6bba_3abfe10a,6bba,C0_official_recovered,1
6bba_3abfe10a,6bba,available_unselected_evidence,0
6bba_3abfe10a,6bba,conflict_or_protection_loss,0
6bba_3abfe10a,6bba,insufficient_candidates,0
6bba_3abfe10a,6bba,missing_daughter,0
6bba_3abfe10a,6bba,missing_downstream_path,0
6bba_3abfe10a,6bba,missing_parent,0
6bba_3abfe10a,6bba,unsupported_HOCT_score,0
6bba_3abfe10a,6bba,wrong_timing,0
6bba_3c5691b6,6bba,C0_official_recovered,1
6bba_3c5691b6,6bba,available_unselected_evidence,1
6bba_3c5691b6,6bba,conflict_or_protection_loss,0
6bba_3c5691b6,6bba,insufficient_candidates,0
6bba_3c5691b6,6bba,missing_daughter,0
6bba_3c5691b6,6bba,missing_downstream_path,0
6bba_3c5691b6,6bba,missing_parent,0
6bba_3c5691b6,6bba,unsupported_HOCT_score,0
6bba_3c5691b6,6bba,wrong_timing,0
6bba_3db54e20,6bba,C0_official_recovered,0
6bba_3db54e20,6bba,available_unselected_evidence,1
6bba_3db54e20,6bba,conflict_or_protection_loss,0
6bba_3db54e20,6bba,insufficient_candidates,0
6bba_3db54e20,6bba,missing_daughter,0
6bba_3db54e20,6bba,missing_downstream_path,0
6bba_3db54e20,6bba,missing_parent,0
6bba_3db54e20,6bba,unsupported_HOCT_score,0
6bba_3db54e20,6bba,wrong_timing,0
6bba_3fda6b25,6bba,C0_official_recovered,1
6bba_3fda6b25,6bba,available_unselected_evidence,0
6bba_3fda6b25,6bba,conflict_or_protection_loss,0
6bba_3fda6b25,6bba,insufficient_candidates,0
6bba_3fda6b25,6bba,missing_daughter,0
6bba_3fda6b25,6bba,missing_downstream_path,0
6bba_3fda6b25,6bba,missing_parent,0
6bba_3fda6b25,6bba,unsupported_HOCT_score,0
6bba_3fda6b25,6bba,wrong_timing,0
6bba_43fea39d,6bba,C0_official_recovered,0
6bba_43fea39d,6bba,available_unselected_evidence,0
6bba_43fea39d,6bba,conflict_or_protection_loss,0
6bba_43fea39d,6bba,insufficient_candidates,0
6bba_43fea39d,6bba,missing_daughter,0
6bba_43fea39d,6bba,missing_downstream_path,0
6bba_43fea39d,6bba,missing_parent,0
6bba_43fea39d,6bba,unsupported_HOCT_score,0
6bba_43fea39d,6bba,wrong_timing,0
6bba_474be664,6bba,C0_official_recovered,0
6bba_474be664,6bba,available_unselected_evidence,1
6bba_474be664,6bba,conflict_or_protection_loss,0
6bba_474be664,6bba,insufficient_candidates,0
6bba_474be664,6bba,missing_daughter,0
6bba_474be664,6bba,missing_downstream_path,0
6bba_474be664,6bba,missing_parent,0
6bba_474be664,6bba,unsupported_HOCT_score,0
6bba_474be664,6bba,wrong_timing,0
6bba_48816121,6bba,C0_official_recovered,0
6bba_48816121,6bba,available_unselected_evidence,3
6bba_48816121,6bba,conflict_or_protection_loss,0
6bba_48816121,6bba,insufficient_candidates,1
6bba_48816121,6bba,missing_daughter,0
6bba_48816121,6bba,missing_downstream_path,0
6bba_48816121,6bba,missing_parent,0
6bba_48816121,6bba,unsupported_HOCT_score,1
6bba_48816121,6bba,wrong_timing,0
6bba_4aa14c89,6bba,C0_official_recovered,0
6bba_4aa14c89,6bba,available_unselected_evidence,0
6bba_4aa14c89,6bba,conflict_or_protection_loss,0
6bba_4aa14c89,6bba,insufficient_candidates,0
6bba_4aa14c89,6bba,missing_daughter,0
6bba_4aa14c89,6bba,missing_downstream_path,0
6bba_4aa14c89,6bba,missing_parent,0
6bba_4aa14c89,6bba,unsupported_HOCT_score,0
6bba_4aa14c89,6bba,wrong_timing,0
6bba_4f99ce20,6bba,C0_official_recovered,1
6bba_4f99ce20,6bba,available_unselected_evidence,1
6bba_4f99ce20,6bba,conflict_or_protection_loss,0
6bba_4f99ce20,6bba,insufficient_candidates,0
6bba_4f99ce20,6bba,missing_daughter,0
6bba_4f99ce20,6bba,missing_downstream_path,0
6bba_4f99ce20,6bba,missing_parent,0
6bba_4f99ce20,6bba,unsupported_HOCT_score,0
6bba_4f99ce20,6bba,wrong_timing,0
6bba_4ffd3da3,6bba,C0_official_recovered,1
6bba_4ffd3da3,6bba,available_unselected_evidence,1
6bba_4ffd3da3,6bba,conflict_or_protection_loss,0
6bba_4ffd3da3,6bba,insufficient_candidates,0
6bba_4ffd3da3,6bba,missing_daughter,0
6bba_4ffd3da3,6bba,missing_downstream_path,0
6bba_4ffd3da3,6bba,missing_parent,0
6bba_4ffd3da3,6bba,unsupported_HOCT_score,1
6bba_4ffd3da3,6bba,wrong_timing,0
6bba_55b7eebe,6bba,C0_official_recovered,0
6bba_55b7eebe,6bba,available_unselected_evidence,1
6bba_55b7eebe,6bba,conflict_or_protection_loss,0
6bba_55b7eebe,6bba,insufficient_candidates,0
6bba_55b7eebe,6bba,missing_daughter,0
6bba_55b7eebe,6bba,missing_downstream_path,0
6bba_55b7eebe,6bba,missing_parent,0
6bba_55b7eebe,6bba,unsupported_HOCT_score,0
6bba_55b7eebe,6bba,wrong_timing,0
6bba_55c70843,6bba,C0_official_recovered,0
6bba_55c70843,6bba,available_unselected_evidence,0
6bba_55c70843,6bba,conflict_or_protection_loss,0
6bba_55c70843,6bba,insufficient_candidates,0
6bba_55c70843,6bba,missing_daughter,0
6bba_55c70843,6bba,missing_downstream_path,0
6bba_55c70843,6bba,missing_parent,0
6bba_55c70843,6bba,unsupported_HOCT_score,0
6bba_55c70843,6bba,wrong_timing,0
6bba_57b7cc1e,6bba,C0_official_recovered,0
6bba_57b7cc1e,6bba,available_unselected_evidence,0
6bba_57b7cc1e,6bba,conflict_or_protection_loss,0
6bba_57b7cc1e,6bba,insufficient_candidates,1
6bba_57b7cc1e,6bba,missing_daughter,1
6bba_57b7cc1e,6bba,missing_downstream_path,0
6bba_57b7cc1e,6bba,missing_parent,0
6bba_57b7cc1e,6bba,unsupported_HOCT_score,1
6bba_57b7cc1e,6bba,wrong_timing,0
6bba_5a4d9360,6bba,C0_official_recovered,0
6bba_5a4d9360,6bba,available_unselected_evidence,0
6bba_5a4d9360,6bba,conflict_or_protection_loss,0
6bba_5a4d9360,6bba,insufficient_candidates,0
6bba_5a4d9360,6bba,missing_daughter,0
6bba_5a4d9360,6bba,missing_downstream_path,0
6bba_5a4d9360,6bba,missing_parent,0
6bba_5a4d9360,6bba,unsupported_HOCT_score,0
6bba_5a4d9360,6bba,wrong_timing,0
6bba_5b28472a,6bba,C0_official_recovered,0
6bba_5b28472a,6bba,available_unselected_evidence,0
6bba_5b28472a,6bba,conflict_or_protection_loss,0
6bba_5b28472a,6bba,insufficient_candidates,0
6bba_5b28472a,6bba,missing_daughter,0
6bba_5b28472a,6bba,missing_downstream_path,0
6bba_5b28472a,6bba,missing_parent,0
6bba_5b28472a,6bba,unsupported_HOCT_score,0
6bba_5b28472a,6bba,wrong_timing,0
6bba_5c039895,6bba,C0_official_recovered,3
6bba_5c039895,6bba,available_unselected_evidence,0
6bba_5c039895,6bba,conflict_or_protection_loss,0
6bba_5c039895,6bba,insufficient_candidates,0
6bba_5c039895,6bba,missing_daughter,0
6bba_5c039895,6bba,missing_downstream_path,0
6bba_5c039895,6bba,missing_parent,0
6bba_5c039895,6bba,unsupported_HOCT_score,0
6bba_5c039895,6bba,wrong_timing,0
6bba_5c824876,6bba,C0_official_recovered,1
6bba_5c824876,6bba,available_unselected_evidence,0
6bba_5c824876,6bba,conflict_or_protection_loss,0
6bba_5c824876,6bba,insufficient_candidates,0
6bba_5c824876,6bba,missing_daughter,0
6bba_5c824876,6bba,missing_downstream_path,0
6bba_5c824876,6bba,missing_parent,0
6bba_5c824876,6bba,unsupported_HOCT_score,0
6bba_5c824876,6bba,wrong_timing,0
6bba_5dfe9ad1,6bba,C0_official_recovered,0
6bba_5dfe9ad1,6bba,available_unselected_evidence,0
6bba_5dfe9ad1,6bba,conflict_or_protection_loss,0
6bba_5dfe9ad1,6bba,insufficient_candidates,0
6bba_5dfe9ad1,6bba,missing_daughter,0
6bba_5dfe9ad1,6bba,missing_downstream_path,0
6bba_5dfe9ad1,6bba,missing_parent,0
6bba_5dfe9ad1,6bba,unsupported_HOCT_score,0
6bba_5dfe9ad1,6bba,wrong_timing,0
6bba_5f89039d,6bba,C0_official_recovered,0
6bba_5f89039d,6bba,available_unselected_evidence,0
6bba_5f89039d,6bba,conflict_or_protection_loss,0
6bba_5f89039d,6bba,insufficient_candidates,0
6bba_5f89039d,6bba,missing_daughter,0
6bba_5f89039d,6bba,missing_downstream_path,0
6bba_5f89039d,6bba,missing_parent,0
6bba_5f89039d,6bba,unsupported_HOCT_score,0
6bba_5f89039d,6bba,wrong_timing,0
6bba_61dd1e0d,6bba,C0_official_recovered,0
6bba_61dd1e0d,6bba,available_unselected_evidence,0
6bba_61dd1e0d,6bba,conflict_or_protection_loss,0
6bba_61dd1e0d,6bba,insufficient_candidates,0
6bba_61dd1e0d,6bba,missing_daughter,0
6bba_61dd1e0d,6bba,missing_downstream_path,0
6bba_61dd1e0d,6bba,missing_parent,0
6bba_61dd1e0d,6bba,unsupported_HOCT_score,0
6bba_61dd1e0d,6bba,wrong_timing,0
6bba_61ecbe65,6bba,C0_official_recovered,0
6bba_61ecbe65,6bba,available_unselected_evidence,1
6bba_61ecbe65,6bba,conflict_or_protection_loss,0
6bba_61ecbe65,6bba,insufficient_candidates,0
6bba_61ecbe65,6bba,missing_daughter,0
6bba_61ecbe65,6bba,missing_downstream_path,0
6bba_61ecbe65,6bba,missing_parent,0
6bba_61ecbe65,6bba,unsupported_HOCT_score,0
6bba_61ecbe65,6bba,wrong_timing,0
6bba_6321a359,6bba,C0_official_recovered,0
6bba_6321a359,6bba,available_unselected_evidence,1
6bba_6321a359,6bba,conflict_or_protection_loss,0
6bba_6321a359,6bba,insufficient_candidates,0
6bba_6321a359,6bba,missing_daughter,0
6bba_6321a359,6bba,missing_downstream_path,0
6bba_6321a359,6bba,missing_parent,0
6bba_6321a359,6bba,unsupported_HOCT_score,0
6bba_6321a359,6bba,wrong_timing,0
6bba_6479435d,6bba,C0_official_recovered,0
6bba_6479435d,6bba,available_unselected_evidence,0
6bba_6479435d,6bba,conflict_or_protection_loss,0
6bba_6479435d,6bba,insufficient_candidates,0
6bba_6479435d,6bba,missing_daughter,0
6bba_6479435d,6bba,missing_downstream_path,0
6bba_6479435d,6bba,missing_parent,0
6bba_6479435d,6bba,unsupported_HOCT_score,0
6bba_6479435d,6bba,wrong_timing,0
6bba_67ebd073,6bba,C0_official_recovered,0
6bba_67ebd073,6bba,available_unselected_evidence,0
6bba_67ebd073,6bba,conflict_or_protection_loss,0
6bba_67ebd073,6bba,insufficient_candidates,0
6bba_67ebd073,6bba,missing_daughter,1
6bba_67ebd073,6bba,missing_downstream_path,0
6bba_67ebd073,6bba,missing_parent,0
6bba_67ebd073,6bba,unsupported_HOCT_score,0
6bba_67ebd073,6bba,wrong_timing,0
6bba_6ca87370,6bba,C0_official_recovered,0
6bba_6ca87370,6bba,available_unselected_evidence,0
6bba_6ca87370,6bba,conflict_or_protection_loss,0
6bba_6ca87370,6bba,insufficient_candidates,0
6bba_6ca87370,6bba,missing_daughter,1
6bba_6ca87370,6bba,missing_downstream_path,0
6bba_6ca87370,6bba,missing_parent,0
6bba_6ca87370,6bba,unsupported_HOCT_score,0
6bba_6ca87370,6bba,wrong_timing,0
6bba_6db0e9b4,6bba,C0_official_recovered,0
6bba_6db0e9b4,6bba,available_unselected_evidence,0
6bba_6db0e9b4,6bba,conflict_or_protection_loss,0
6bba_6db0e9b4,6bba,insufficient_candidates,0
6bba_6db0e9b4,6bba,missing_daughter,0
6bba_6db0e9b4,6bba,missing_downstream_path,0
6bba_6db0e9b4,6bba,missing_parent,0
6bba_6db0e9b4,6bba,unsupported_HOCT_score,0
6bba_6db0e9b4,6bba,wrong_timing,0
6bba_6feb10f0,6bba,C0_official_recovered,0
6bba_6feb10f0,6bba,available_unselected_evidence,0
6bba_6feb10f0,6bba,conflict_or_protection_loss,0
6bba_6feb10f0,6bba,insufficient_candidates,0
6bba_6feb10f0,6bba,missing_daughter,0
6bba_6feb10f0,6bba,missing_downstream_path,0
6bba_6feb10f0,6bba,missing_parent,0
6bba_6feb10f0,6bba,unsupported_HOCT_score,0
6bba_6feb10f0,6bba,wrong_timing,0
6bba_6feeb0b1,6bba,C0_official_recovered,0
6bba_6feeb0b1,6bba,available_unselected_evidence,0
6bba_6feeb0b1,6bba,conflict_or_protection_loss,0
6bba_6feeb0b1,6bba,insufficient_candidates,0
6bba_6feeb0b1,6bba,missing_daughter,0
6bba_6feeb0b1,6bba,missing_downstream_path,0
6bba_6feeb0b1,6bba,missing_parent,0
6bba_6feeb0b1,6bba,unsupported_HOCT_score,0
6bba_6feeb0b1,6bba,wrong_timing,0
6bba_705ec2c9,6bba,C0_official_recovered,0
6bba_705ec2c9,6bba,available_unselected_evidence,1
6bba_705ec2c9,6bba,conflict_or_protection_loss,0
6bba_705ec2c9,6bba,insufficient_candidates,0
6bba_705ec2c9,6bba,missing_daughter,0
6bba_705ec2c9,6bba,missing_downstream_path,0
6bba_705ec2c9,6bba,missing_parent,0
6bba_705ec2c9,6bba,unsupported_HOCT_score,0
6bba_705ec2c9,6bba,wrong_timing,0
6bba_718b21f9,6bba,C0_official_recovered,0
6bba_718b21f9,6bba,available_unselected_evidence,0
6bba_718b21f9,6bba,conflict_or_protection_loss,0
6bba_718b21f9,6bba,insufficient_candidates,0
6bba_718b21f9,6bba,missing_daughter,0
6bba_718b21f9,6bba,missing_downstream_path,0
6bba_718b21f9,6bba,missing_parent,0
6bba_718b21f9,6bba,unsupported_HOCT_score,0
6bba_718b21f9,6bba,wrong_timing,0
6bba_74686d6a,6bba,C0_official_recovered,0
6bba_74686d6a,6bba,available_unselected_evidence,1
6bba_74686d6a,6bba,conflict_or_protection_loss,0
6bba_74686d6a,6bba,insufficient_candidates,0
6bba_74686d6a,6bba,missing_daughter,0
6bba_74686d6a,6bba,missing_downstream_path,0
6bba_74686d6a,6bba,missing_parent,0
6bba_74686d6a,6bba,unsupported_HOCT_score,1
6bba_74686d6a,6bba,wrong_timing,0
6bba_767a1e17,6bba,C0_official_recovered,0
6bba_767a1e17,6bba,available_unselected_evidence,0
6bba_767a1e17,6bba,conflict_or_protection_loss,0
6bba_767a1e17,6bba,insufficient_candidates,0
6bba_767a1e17,6bba,missing_daughter,0
6bba_767a1e17,6bba,missing_downstream_path,0
6bba_767a1e17,6bba,missing_parent,0
6bba_767a1e17,6bba,unsupported_HOCT_score,0
6bba_767a1e17,6bba,wrong_timing,0
6bba_76db78c1,6bba,C0_official_recovered,0
6bba_76db78c1,6bba,available_unselected_evidence,0
6bba_76db78c1,6bba,conflict_or_protection_loss,0
6bba_76db78c1,6bba,insufficient_candidates,0
6bba_76db78c1,6bba,missing_daughter,0
6bba_76db78c1,6bba,missing_downstream_path,0
6bba_76db78c1,6bba,missing_parent,0
6bba_76db78c1,6bba,unsupported_HOCT_score,0
6bba_76db78c1,6bba,wrong_timing,0
6bba_784a78c9,6bba,C0_official_recovered,0
6bba_784a78c9,6bba,available_unselected_evidence,0
6bba_784a78c9,6bba,conflict_or_protection_loss,0
6bba_784a78c9,6bba,insufficient_candidates,0
6bba_784a78c9,6bba,missing_daughter,0
6bba_784a78c9,6bba,missing_downstream_path,0
6bba_784a78c9,6bba,missing_parent,0
6bba_784a78c9,6bba,unsupported_HOCT_score,1
6bba_784a78c9,6bba,wrong_timing,0
6bba_786893ac,6bba,C0_official_recovered,0
6bba_786893ac,6bba,available_unselected_evidence,1
6bba_786893ac,6bba,conflict_or_protection_loss,0
6bba_786893ac,6bba,insufficient_candidates,0
6bba_786893ac,6bba,missing_daughter,0
6bba_786893ac,6bba,missing_downstream_path,1
6bba_786893ac,6bba,missing_parent,1
6bba_786893ac,6bba,unsupported_HOCT_score,0
6bba_786893ac,6bba,wrong_timing,0
6bba_789f8168,6bba,C0_official_recovered,0
6bba_789f8168,6bba,available_unselected_evidence,0
6bba_789f8168,6bba,conflict_or_protection_loss,0
6bba_789f8168,6bba,insufficient_candidates,0
6bba_789f8168,6bba,missing_daughter,0
6bba_789f8168,6bba,missing_downstream_path,0
6bba_789f8168,6bba,missing_parent,0
6bba_789f8168,6bba,unsupported_HOCT_score,0
6bba_789f8168,6bba,wrong_timing,0
6bba_78a7bd97,6bba,C0_official_recovered,0
6bba_78a7bd97,6bba,available_unselected_evidence,0
6bba_78a7bd97,6bba,conflict_or_protection_loss,0
6bba_78a7bd97,6bba,insufficient_candidates,1
6bba_78a7bd97,6bba,missing_daughter,1
6bba_78a7bd97,6bba,missing_downstream_path,0
6bba_78a7bd97,6bba,missing_parent,0
6bba_78a7bd97,6bba,unsupported_HOCT_score,0
6bba_78a7bd97,6bba,wrong_timing,0
6bba_7af54fde,6bba,C0_official_recovered,0
6bba_7af54fde,6bba,available_unselected_evidence,2
6bba_7af54fde,6bba,conflict_or_protection_loss,0
6bba_7af54fde,6bba,insufficient_candidates,0
6bba_7af54fde,6bba,missing_daughter,0
6bba_7af54fde,6bba,missing_downstream_path,0
6bba_7af54fde,6bba,missing_parent,0
6bba_7af54fde,6bba,unsupported_HOCT_score,0
6bba_7af54fde,6bba,wrong_timing,0
6bba_7b5d3b2c,6bba,C0_official_recovered,0
6bba_7b5d3b2c,6bba,available_unselected_evidence,0
6bba_7b5d3b2c,6bba,conflict_or_protection_loss,0
6bba_7b5d3b2c,6bba,insufficient_candidates,0
6bba_7b5d3b2c,6bba,missing_daughter,0
6bba_7b5d3b2c,6bba,missing_downstream_path,0
6bba_7b5d3b2c,6bba,missing_parent,0
6bba_7b5d3b2c,6bba,unsupported_HOCT_score,0
6bba_7b5d3b2c,6bba,wrong_timing,0
6bba_7d3058ae,6bba,C0_official_recovered,0
6bba_7d3058ae,6bba,available_unselected_evidence,2
6bba_7d3058ae,6bba,conflict_or_protection_loss,0
6bba_7d3058ae,6bba,insufficient_candidates,0
6bba_7d3058ae,6bba,missing_daughter,0
6bba_7d3058ae,6bba,missing_downstream_path,0
6bba_7d3058ae,6bba,missing_parent,0
6bba_7d3058ae,6bba,unsupported_HOCT_score,0
6bba_7d3058ae,6bba,wrong_timing,0
6bba_7f87b3d8,6bba,C0_official_recovered,0
6bba_7f87b3d8,6bba,available_unselected_evidence,2
6bba_7f87b3d8,6bba,conflict_or_protection_loss,0
6bba_7f87b3d8,6bba,insufficient_candidates,0
6bba_7f87b3d8,6bba,missing_daughter,0
6bba_7f87b3d8,6bba,missing_downstream_path,0
6bba_7f87b3d8,6bba,missing_parent,0
6bba_7f87b3d8,6bba,unsupported_HOCT_score,1
6bba_7f87b3d8,6bba,wrong_timing,0
6bba_80d12824,6bba,C0_official_recovered,1
6bba_80d12824,6bba,available_unselected_evidence,0
6bba_80d12824,6bba,conflict_or_protection_loss,0
6bba_80d12824,6bba,insufficient_candidates,0
6bba_80d12824,6bba,missing_daughter,0
6bba_80d12824,6bba,missing_downstream_path,0
6bba_80d12824,6bba,missing_parent,0
6bba_80d12824,6bba,unsupported_HOCT_score,0
6bba_80d12824,6bba,wrong_timing,0
6bba_825bd1c6,6bba,C0_official_recovered,0
6bba_825bd1c6,6bba,available_unselected_evidence,0
6bba_825bd1c6,6bba,conflict_or_protection_loss,0
6bba_825bd1c6,6bba,insufficient_candidates,0
6bba_825bd1c6,6bba,missing_daughter,0
6bba_825bd1c6,6bba,missing_downstream_path,0
6bba_825bd1c6,6bba,missing_parent,0
6bba_825bd1c6,6bba,unsupported_HOCT_score,0
6bba_825bd1c6,6bba,wrong_timing,0
6bba_87289e13,6bba,C0_official_recovered,0
6bba_87289e13,6bba,available_unselected_evidence,0
6bba_87289e13,6bba,conflict_or_protection_loss,0
6bba_87289e13,6bba,insufficient_candidates,0
6bba_87289e13,6bba,missing_daughter,1
6bba_87289e13,6bba,missing_downstream_path,0
6bba_87289e13,6bba,missing_parent,0
6bba_87289e13,6bba,unsupported_HOCT_score,0
6bba_87289e13,6bba,wrong_timing,0
6bba_8b7818bf,6bba,C0_official_recovered,1
6bba_8b7818bf,6bba,available_unselected_evidence,1
6bba_8b7818bf,6bba,conflict_or_protection_loss,0
6bba_8b7818bf,6bba,insufficient_candidates,0
6bba_8b7818bf,6bba,missing_daughter,0
6bba_8b7818bf,6bba,missing_downstream_path,0
6bba_8b7818bf,6bba,missing_parent,0
6bba_8b7818bf,6bba,unsupported_HOCT_score,0
6bba_8b7818bf,6bba,wrong_timing,0
6bba_907271db,6bba,C0_official_recovered,0
6bba_907271db,6bba,available_unselected_evidence,0
6bba_907271db,6bba,conflict_or_protection_loss,0
6bba_907271db,6bba,insufficient_candidates,0
6bba_907271db,6bba,missing_daughter,1
6bba_907271db,6bba,missing_downstream_path,0
6bba_907271db,6bba,missing_parent,0
6bba_907271db,6bba,unsupported_HOCT_score,0
6bba_907271db,6bba,wrong_timing,0
6bba_91951b3a,6bba,C0_official_recovered,0
6bba_91951b3a,6bba,available_unselected_evidence,0
6bba_91951b3a,6bba,conflict_or_protection_loss,0
6bba_91951b3a,6bba,insufficient_candidates,0
6bba_91951b3a,6bba,missing_daughter,0
6bba_91951b3a,6bba,missing_downstream_path,0
6bba_91951b3a,6bba,missing_parent,0
6bba_91951b3a,6bba,unsupported_HOCT_score,0
6bba_91951b3a,6bba,wrong_timing,0
6bba_96833384,6bba,C0_official_recovered,0
6bba_96833384,6bba,available_unselected_evidence,0
6bba_96833384,6bba,conflict_or_protection_loss,0
6bba_96833384,6bba,insufficient_candidates,0
6bba_96833384,6bba,missing_daughter,0
6bba_96833384,6bba,missing_downstream_path,0
6bba_96833384,6bba,missing_parent,0
6bba_96833384,6bba,unsupported_HOCT_score,0
6bba_96833384,6bba,wrong_timing,0
6bba_969618f6,6bba,C0_official_recovered,0
6bba_969618f6,6bba,available_unselected_evidence,1
6bba_969618f6,6bba,conflict_or_protection_loss,0
6bba_969618f6,6bba,insufficient_candidates,0
6bba_969618f6,6bba,missing_daughter,2
6bba_969618f6,6bba,missing_downstream_path,0
6bba_969618f6,6bba,missing_parent,0
6bba_969618f6,6bba,unsupported_HOCT_score,0
6bba_969618f6,6bba,wrong_timing,0
6bba_971fa5e0,6bba,C0_official_recovered,0
6bba_971fa5e0,6bba,available_unselected_evidence,0
6bba_971fa5e0,6bba,conflict_or_protection_loss,0
6bba_971fa5e0,6bba,insufficient_candidates,0
6bba_971fa5e0,6bba,missing_daughter,0
6bba_971fa5e0,6bba,missing_downstream_path,0
6bba_971fa5e0,6bba,missing_parent,0
6bba_971fa5e0,6bba,unsupported_HOCT_score,0
6bba_971fa5e0,6bba,wrong_timing,0
6bba_9a41d029,6bba,C0_official_recovered,1
6bba_9a41d029,6bba,available_unselected_evidence,1
6bba_9a41d029,6bba,conflict_or_protection_loss,0
6bba_9a41d029,6bba,insufficient_candidates,0
6bba_9a41d029,6bba,missing_daughter,0
6bba_9a41d029,6bba,missing_downstream_path,0
6bba_9a41d029,6bba,missing_parent,0
6bba_9a41d029,6bba,unsupported_HOCT_score,0
6bba_9a41d029,6bba,wrong_timing,0
6bba_9e23430b,6bba,C0_official_recovered,0
6bba_9e23430b,6bba,available_unselected_evidence,1
6bba_9e23430b,6bba,conflict_or_protection_loss,0
6bba_9e23430b,6bba,insufficient_candidates,0
6bba_9e23430b,6bba,missing_daughter,0
6bba_9e23430b,6bba,missing_downstream_path,0
6bba_9e23430b,6bba,missing_parent,0
6bba_9e23430b,6bba,unsupported_HOCT_score,0
6bba_9e23430b,6bba,wrong_timing,0
6bba_a5e926bb,6bba,C0_official_recovered,0
6bba_a5e926bb,6bba,available_unselected_evidence,0
6bba_a5e926bb,6bba,conflict_or_protection_loss,0
6bba_a5e926bb,6bba,insufficient_candidates,0
6bba_a5e926bb,6bba,missing_daughter,0
6bba_a5e926bb,6bba,missing_downstream_path,0
6bba_a5e926bb,6bba,missing_parent,0
6bba_a5e926bb,6bba,unsupported_HOCT_score,0
6bba_a5e926bb,6bba,wrong_timing,0
6bba_a90a0b9c,6bba,C0_official_recovered,0
6bba_a90a0b9c,6bba,available_unselected_evidence,0
6bba_a90a0b9c,6bba,conflict_or_protection_loss,0
6bba_a90a0b9c,6bba,insufficient_candidates,0
6bba_a90a0b9c,6bba,missing_daughter,0
6bba_a90a0b9c,6bba,missing_downstream_path,0
6bba_a90a0b9c,6bba,missing_parent,0
6bba_a90a0b9c,6bba,unsupported_HOCT_score,0
6bba_a90a0b9c,6bba,wrong_timing,0
6bba_ab78413d,6bba,C0_official_recovered,0
6bba_ab78413d,6bba,available_unselected_evidence,1
6bba_ab78413d,6bba,conflict_or_protection_loss,0
6bba_ab78413d,6bba,insufficient_candidates,0
6bba_ab78413d,6bba,missing_daughter,0
6bba_ab78413d,6bba,missing_downstream_path,0
6bba_ab78413d,6bba,missing_parent,0
6bba_ab78413d,6bba,unsupported_HOCT_score,1
6bba_ab78413d,6bba,wrong_timing,0
6bba_acd782a8,6bba,C0_official_recovered,0
6bba_acd782a8,6bba,available_unselected_evidence,0
6bba_acd782a8,6bba,conflict_or_protection_loss,0
6bba_acd782a8,6bba,insufficient_candidates,0
6bba_acd782a8,6bba,missing_daughter,0
6bba_acd782a8,6bba,missing_downstream_path,0
6bba_acd782a8,6bba,missing_parent,0
6bba_acd782a8,6bba,unsupported_HOCT_score,0
6bba_acd782a8,6bba,wrong_timing,0
6bba_ae82a791,6bba,C0_official_recovered,0
6bba_ae82a791,6bba,available_unselected_evidence,0
6bba_ae82a791,6bba,conflict_or_protection_loss,0
6bba_ae82a791,6bba,insufficient_candidates,0
6bba_ae82a791,6bba,missing_daughter,0
6bba_ae82a791,6bba,missing_downstream_path,0
6bba_ae82a791,6bba,missing_parent,0
6bba_ae82a791,6bba,unsupported_HOCT_score,0
6bba_ae82a791,6bba,wrong_timing,0
6bba_aeee7805,6bba,C0_official_recovered,0
6bba_aeee7805,6bba,available_unselected_evidence,1
6bba_aeee7805,6bba,conflict_or_protection_loss,0
6bba_aeee7805,6bba,insufficient_candidates,0
6bba_aeee7805,6bba,missing_daughter,0
6bba_aeee7805,6bba,missing_downstream_path,0
6bba_aeee7805,6bba,missing_parent,0
6bba_aeee7805,6bba,unsupported_HOCT_score,0
6bba_aeee7805,6bba,wrong_timing,0
6bba_af149c94,6bba,C0_official_recovered,0
6bba_af149c94,6bba,available_unselected_evidence,0
6bba_af149c94,6bba,conflict_or_protection_loss,0
6bba_af149c94,6bba,insufficient_candidates,0
6bba_af149c94,6bba,missing_daughter,0
6bba_af149c94,6bba,missing_downstream_path,0
6bba_af149c94,6bba,missing_parent,0
6bba_af149c94,6bba,unsupported_HOCT_score,0
6bba_af149c94,6bba,wrong_timing,0
6bba_afb141ff,6bba,C0_official_recovered,1
6bba_afb141ff,6bba,available_unselected_evidence,0
6bba_afb141ff,6bba,conflict_or_protection_loss,0
6bba_afb141ff,6bba,insufficient_candidates,1
6bba_afb141ff,6bba,missing_daughter,0
6bba_afb141ff,6bba,missing_downstream_path,0
6bba_afb141ff,6bba,missing_parent,0
6bba_afb141ff,6bba,unsupported_HOCT_score,2
6bba_afb141ff,6bba,wrong_timing,0
6bba_b1ae37b9,6bba,C0_official_recovered,0
6bba_b1ae37b9,6bba,available_unselected_evidence,0
6bba_b1ae37b9,6bba,conflict_or_protection_loss,0
6bba_b1ae37b9,6bba,insufficient_candidates,0
6bba_b1ae37b9,6bba,missing_daughter,0
6bba_b1ae37b9,6bba,missing_downstream_path,0
6bba_b1ae37b9,6bba,missing_parent,0
6bba_b1ae37b9,6bba,unsupported_HOCT_score,0
6bba_b1ae37b9,6bba,wrong_timing,0
6bba_b204cac7,6bba,C0_official_recovered,0
6bba_b204cac7,6bba,available_unselected_evidence,0
6bba_b204cac7,6bba,conflict_or_protection_loss,0
6bba_b204cac7,6bba,insufficient_candidates,0
6bba_b204cac7,6bba,missing_daughter,1
6bba_b204cac7,6bba,missing_downstream_path,0
6bba_b204cac7,6bba,missing_parent,0
6bba_b204cac7,6bba,unsupported_HOCT_score,1
6bba_b204cac7,6bba,wrong_timing,0
6bba_b329af44,6bba,C0_official_recovered,0
6bba_b329af44,6bba,available_unselected_evidence,0
6bba_b329af44,6bba,conflict_or_protection_loss,0
6bba_b329af44,6bba,insufficient_candidates,0
6bba_b329af44,6bba,missing_daughter,1
6bba_b329af44,6bba,missing_downstream_path,0
6bba_b329af44,6bba,missing_parent,0
6bba_b329af44,6bba,unsupported_HOCT_score,0
6bba_b329af44,6bba,wrong_timing,0
6bba_b693381b,6bba,C0_official_recovered,0
6bba_b693381b,6bba,available_unselected_evidence,0
6bba_b693381b,6bba,conflict_or_protection_loss,0
6bba_b693381b,6bba,insufficient_candidates,0
6bba_b693381b,6bba,missing_daughter,0
6bba_b693381b,6bba,missing_downstream_path,0
6bba_b693381b,6bba,missing_parent,0
6bba_b693381b,6bba,unsupported_HOCT_score,0
6bba_b693381b,6bba,wrong_timing,0
6bba_bb9f20c3,6bba,C0_official_recovered,0
6bba_bb9f20c3,6bba,available_unselected_evidence,2
6bba_bb9f20c3,6bba,conflict_or_protection_loss,0
6bba_bb9f20c3,6bba,insufficient_candidates,0
6bba_bb9f20c3,6bba,missing_daughter,0
6bba_bb9f20c3,6bba,missing_downstream_path,1
6bba_bb9f20c3,6bba,missing_parent,0
6bba_bb9f20c3,6bba,unsupported_HOCT_score,0
6bba_bb9f20c3,6bba,wrong_timing,0
6bba_bbb708ca,6bba,C0_official_recovered,0
6bba_bbb708ca,6bba,available_unselected_evidence,0
6bba_bbb708ca,6bba,conflict_or_protection_loss,0
6bba_bbb708ca,6bba,insufficient_candidates,0
6bba_bbb708ca,6bba,missing_daughter,0
6bba_bbb708ca,6bba,missing_downstream_path,0
6bba_bbb708ca,6bba,missing_parent,0
6bba_bbb708ca,6bba,unsupported_HOCT_score,0
6bba_bbb708ca,6bba,wrong_timing,0
6bba_c27cba08,6bba,C0_official_recovered,0
6bba_c27cba08,6bba,available_unselected_evidence,0
6bba_c27cba08,6bba,conflict_or_protection_loss,0
6bba_c27cba08,6bba,insufficient_candidates,0
6bba_c27cba08,6bba,missing_daughter,0
6bba_c27cba08,6bba,missing_downstream_path,0
6bba_c27cba08,6bba,missing_parent,0
6bba_c27cba08,6bba,unsupported_HOCT_score,0
6bba_c27cba08,6bba,wrong_timing,0
6bba_c328f2fd,6bba,C0_official_recovered,0
6bba_c328f2fd,6bba,available_unselected_evidence,1
6bba_c328f2fd,6bba,conflict_or_protection_loss,0
6bba_c328f2fd,6bba,insufficient_candidates,0
6bba_c328f2fd,6bba,missing_daughter,1
6bba_c328f2fd,6bba,missing_downstream_path,0
6bba_c328f2fd,6bba,missing_parent,0
6bba_c328f2fd,6bba,unsupported_HOCT_score,0
6bba_c328f2fd,6bba,wrong_timing,0
6bba_c73a1d11,6bba,C0_official_recovered,0
6bba_c73a1d11,6bba,available_unselected_evidence,0
6bba_c73a1d11,6bba,conflict_or_protection_loss,0
6bba_c73a1d11,6bba,insufficient_candidates,0
6bba_c73a1d11,6bba,missing_daughter,0
6bba_c73a1d11,6bba,missing_downstream_path,0
6bba_c73a1d11,6bba,missing_parent,0
6bba_c73a1d11,6bba,unsupported_HOCT_score,0
6bba_c73a1d11,6bba,wrong_timing,0
6bba_cdcfe533,6bba,C0_official_recovered,1
6bba_cdcfe533,6bba,available_unselected_evidence,3
6bba_cdcfe533,6bba,conflict_or_protection_loss,0
6bba_cdcfe533,6bba,insufficient_candidates,0
6bba_cdcfe533,6bba,missing_daughter,0
6bba_cdcfe533,6bba,missing_downstream_path,0
6bba_cdcfe533,6bba,missing_parent,0
6bba_cdcfe533,6bba,unsupported_HOCT_score,0
6bba_cdcfe533,6bba,wrong_timing,0
6bba_cf35214c,6bba,C0_official_recovered,0
6bba_cf35214c,6bba,available_unselected_evidence,0
6bba_cf35214c,6bba,conflict_or_protection_loss,0
6bba_cf35214c,6bba,insufficient_candidates,0
6bba_cf35214c,6bba,missing_daughter,0
6bba_cf35214c,6bba,missing_downstream_path,0
6bba_cf35214c,6bba,missing_parent,0
6bba_cf35214c,6bba,unsupported_HOCT_score,0
6bba_cf35214c,6bba,wrong_timing,0
6bba_cff5865f,6bba,C0_official_recovered,0
6bba_cff5865f,6bba,available_unselected_evidence,0
6bba_cff5865f,6bba,conflict_or_protection_loss,0
6bba_cff5865f,6bba,insufficient_candidates,0
6bba_cff5865f,6bba,missing_daughter,0
6bba_cff5865f,6bba,missing_downstream_path,0
6bba_cff5865f,6bba,missing_parent,0
6bba_cff5865f,6bba,unsupported_HOCT_score,0
6bba_cff5865f,6bba,wrong_timing,0
6bba_d0fc38b5,6bba,C0_official_recovered,0
6bba_d0fc38b5,6bba,available_unselected_evidence,0
6bba_d0fc38b5,6bba,conflict_or_protection_loss,0
6bba_d0fc38b5,6bba,insufficient_candidates,0
6bba_d0fc38b5,6bba,missing_daughter,0
6bba_d0fc38b5,6bba,missing_downstream_path,0
6bba_d0fc38b5,6bba,missing_parent,0
6bba_d0fc38b5,6bba,unsupported_HOCT_score,0
6bba_d0fc38b5,6bba,wrong_timing,0
6bba_d1acb6ff,6bba,C0_official_recovered,0
6bba_d1acb6ff,6bba,available_unselected_evidence,0
6bba_d1acb6ff,6bba,conflict_or_protection_loss,0
6bba_d1acb6ff,6bba,insufficient_candidates,0
6bba_d1acb6ff,6bba,missing_daughter,0
6bba_d1acb6ff,6bba,missing_downstream_path,0
6bba_d1acb6ff,6bba,missing_parent,0
6bba_d1acb6ff,6bba,unsupported_HOCT_score,1
6bba_d1acb6ff,6bba,wrong_timing,0
6bba_d2b9fc0c,6bba,C0_official_recovered,0
6bba_d2b9fc0c,6bba,available_unselected_evidence,2
6bba_d2b9fc0c,6bba,conflict_or_protection_loss,0
6bba_d2b9fc0c,6bba,insufficient_candidates,0
6bba_d2b9fc0c,6bba,missing_daughter,0
6bba_d2b9fc0c,6bba,missing_downstream_path,0
6bba_d2b9fc0c,6bba,missing_parent,0
6bba_d2b9fc0c,6bba,unsupported_HOCT_score,0
6bba_d2b9fc0c,6bba,wrong_timing,0
6bba_d3da753b,6bba,C0_official_recovered,0
6bba_d3da753b,6bba,available_unselected_evidence,1
6bba_d3da753b,6bba,conflict_or_protection_loss,0
6bba_d3da753b,6bba,insufficient_candidates,0
6bba_d3da753b,6bba,missing_daughter,0
6bba_d3da753b,6bba,missing_downstream_path,0
6bba_d3da753b,6bba,missing_parent,0
6bba_d3da753b,6bba,unsupported_HOCT_score,0
6bba_d3da753b,6bba,wrong_timing,0
6bba_d5eae175,6bba,C0_official_recovered,0
6bba_d5eae175,6bba,available_unselected_evidence,0
6bba_d5eae175,6bba,conflict_or_protection_loss,0
6bba_d5eae175,6bba,insufficient_candidates,0
6bba_d5eae175,6bba,missing_daughter,0
6bba_d5eae175,6bba,missing_downstream_path,0
6bba_d5eae175,6bba,missing_parent,0
6bba_d5eae175,6bba,unsupported_HOCT_score,0
6bba_d5eae175,6bba,wrong_timing,0
6bba_d6ecebbb,6bba,C0_official_recovered,0
6bba_d6ecebbb,6bba,available_unselected_evidence,0
6bba_d6ecebbb,6bba,conflict_or_protection_loss,0
6bba_d6ecebbb,6bba,insufficient_candidates,0
6bba_d6ecebbb,6bba,missing_daughter,0
6bba_d6ecebbb,6bba,missing_downstream_path,0
6bba_d6ecebbb,6bba,missing_parent,0
6bba_d6ecebbb,6bba,unsupported_HOCT_score,0
6bba_d6ecebbb,6bba,wrong_timing,0
6bba_d82a4fc6,6bba,C0_official_recovered,0
6bba_d82a4fc6,6bba,available_unselected_evidence,0
6bba_d82a4fc6,6bba,conflict_or_protection_loss,0
6bba_d82a4fc6,6bba,insufficient_candidates,0
6bba_d82a4fc6,6bba,missing_daughter,0
6bba_d82a4fc6,6bba,missing_downstream_path,0
6bba_d82a4fc6,6bba,missing_parent,0
6bba_d82a4fc6,6bba,unsupported_HOCT_score,0
6bba_d82a4fc6,6bba,wrong_timing,0
6bba_debd7bfa,6bba,C0_official_recovered,1
6bba_debd7bfa,6bba,available_unselected_evidence,2
6bba_debd7bfa,6bba,conflict_or_protection_loss,0
6bba_debd7bfa,6bba,insufficient_candidates,0
6bba_debd7bfa,6bba,missing_daughter,1
6bba_debd7bfa,6bba,missing_downstream_path,0
6bba_debd7bfa,6bba,missing_parent,0
6bba_debd7bfa,6bba,unsupported_HOCT_score,0
6bba_debd7bfa,6bba,wrong_timing,0
6bba_df673a83,6bba,C0_official_recovered,2
6bba_df673a83,6bba,available_unselected_evidence,0
6bba_df673a83,6bba,conflict_or_protection_loss,0
6bba_df673a83,6bba,insufficient_candidates,0
6bba_df673a83,6bba,missing_daughter,1
6bba_df673a83,6bba,missing_downstream_path,0
6bba_df673a83,6bba,missing_parent,0
6bba_df673a83,6bba,unsupported_HOCT_score,1
6bba_df673a83,6bba,wrong_timing,0
6bba_e16ffc58,6bba,C0_official_recovered,0
6bba_e16ffc58,6bba,available_unselected_evidence,1
6bba_e16ffc58,6bba,conflict_or_protection_loss,0
6bba_e16ffc58,6bba,insufficient_candidates,0
6bba_e16ffc58,6bba,missing_daughter,0
6bba_e16ffc58,6bba,missing_downstream_path,0
6bba_e16ffc58,6bba,missing_parent,0
6bba_e16ffc58,6bba,unsupported_HOCT_score,0
6bba_e16ffc58,6bba,wrong_timing,0
6bba_e5e44988,6bba,C0_official_recovered,0
6bba_e5e44988,6bba,available_unselected_evidence,0
6bba_e5e44988,6bba,conflict_or_protection_loss,0
6bba_e5e44988,6bba,insufficient_candidates,0
6bba_e5e44988,6bba,missing_daughter,0
6bba_e5e44988,6bba,missing_downstream_path,0
6bba_e5e44988,6bba,missing_parent,0
6bba_e5e44988,6bba,unsupported_HOCT_score,0
6bba_e5e44988,6bba,wrong_timing,0
6bba_ebdf3b34,6bba,C0_official_recovered,0
6bba_ebdf3b34,6bba,available_unselected_evidence,0
6bba_ebdf3b34,6bba,conflict_or_protection_loss,0
6bba_ebdf3b34,6bba,insufficient_candidates,0
6bba_ebdf3b34,6bba,missing_daughter,0
6bba_ebdf3b34,6bba,missing_downstream_path,1
6bba_ebdf3b34,6bba,missing_parent,0
6bba_ebdf3b34,6bba,unsupported_HOCT_score,1
6bba_ebdf3b34,6bba,wrong_timing,0
6bba_ebff6e76,6bba,C0_official_recovered,0
6bba_ebff6e76,6bba,available_unselected_evidence,0
6bba_ebff6e76,6bba,conflict_or_protection_loss,0
6bba_ebff6e76,6bba,insufficient_candidates,0
6bba_ebff6e76,6bba,missing_daughter,0
6bba_ebff6e76,6bba,missing_downstream_path,0
6bba_ebff6e76,6bba,missing_parent,0
6bba_ebff6e76,6bba,unsupported_HOCT_score,0
6bba_ebff6e76,6bba,wrong_timing,0
6bba_ed9377fd,6bba,C0_official_recovered,0
6bba_ed9377fd,6bba,available_unselected_evidence,0
6bba_ed9377fd,6bba,conflict_or_protection_loss,0
6bba_ed9377fd,6bba,insufficient_candidates,0
6bba_ed9377fd,6bba,missing_daughter,0
6bba_ed9377fd,6bba,missing_downstream_path,0
6bba_ed9377fd,6bba,missing_parent,0
6bba_ed9377fd,6bba,unsupported_HOCT_score,0
6bba_ed9377fd,6bba,wrong_timing,0
6bba_edf14583,6bba,C0_official_recovered,0
6bba_edf14583,6bba,available_unselected_evidence,0
6bba_edf14583,6bba,conflict_or_protection_loss,0
6bba_edf14583,6bba,insufficient_candidates,0
6bba_edf14583,6bba,missing_daughter,0
6bba_edf14583,6bba,missing_downstream_path,0
6bba_edf14583,6bba,missing_parent,0
6bba_edf14583,6bba,unsupported_HOCT_score,0
6bba_edf14583,6bba,wrong_timing,0
6bba_eebc57a5,6bba,C0_official_recovered,0
6bba_eebc57a5,6bba,available_unselected_evidence,0
6bba_eebc57a5,6bba,conflict_or_protection_loss,0
6bba_eebc57a5,6bba,insufficient_candidates,0
6bba_eebc57a5,6bba,missing_daughter,0
6bba_eebc57a5,6bba,missing_downstream_path,0
6bba_eebc57a5,6bba,missing_parent,0
6bba_eebc57a5,6bba,unsupported_HOCT_score,0
6bba_eebc57a5,6bba,wrong_timing,0
6bba_ef7b4f7e,6bba,C0_official_recovered,0
6bba_ef7b4f7e,6bba,available_unselected_evidence,2
6bba_ef7b4f7e,6bba,conflict_or_protection_loss,0
6bba_ef7b4f7e,6bba,insufficient_candidates,0
6bba_ef7b4f7e,6bba,missing_daughter,0
6bba_ef7b4f7e,6bba,missing_downstream_path,0
6bba_ef7b4f7e,6bba,missing_parent,0
6bba_ef7b4f7e,6bba,unsupported_HOCT_score,0
6bba_ef7b4f7e,6bba,wrong_timing,0
6bba_f17befbc,6bba,C0_official_recovered,0
6bba_f17befbc,6bba,available_unselected_evidence,0
6bba_f17befbc,6bba,conflict_or_protection_loss,0
6bba_f17befbc,6bba,insufficient_candidates,0
6bba_f17befbc,6bba,missing_daughter,0
6bba_f17befbc,6bba,missing_downstream_path,0
6bba_f17befbc,6bba,missing_parent,0
6bba_f17befbc,6bba,unsupported_HOCT_score,0
6bba_f17befbc,6bba,wrong_timing,0
6bba_f1fde7e0,6bba,C0_official_recovered,0
6bba_f1fde7e0,6bba,available_unselected_evidence,0
6bba_f1fde7e0,6bba,conflict_or_protection_loss,0
6bba_f1fde7e0,6bba,insufficient_candidates,0
6bba_f1fde7e0,6bba,missing_daughter,0
6bba_f1fde7e0,6bba,missing_downstream_path,0
6bba_f1fde7e0,6bba,missing_parent,0
6bba_f1fde7e0,6bba,unsupported_HOCT_score,0
6bba_f1fde7e0,6bba,wrong_timing,0
6bba_f20478e9,6bba,C0_official_recovered,0
6bba_f20478e9,6bba,available_unselected_evidence,1
6bba_f20478e9,6bba,conflict_or_protection_loss,0
6bba_f20478e9,6bba,insufficient_candidates,0
6bba_f20478e9,6bba,missing_daughter,0
6bba_f20478e9,6bba,missing_downstream_path,0
6bba_f20478e9,6bba,missing_parent,0
6bba_f20478e9,6bba,unsupported_HOCT_score,0
6bba_f20478e9,6bba,wrong_timing,0
6bba_f4ae811c,6bba,C0_official_recovered,0
6bba_f4ae811c,6bba,available_unselected_evidence,0
6bba_f4ae811c,6bba,conflict_or_protection_loss,0
6bba_f4ae811c,6bba,insufficient_candidates,0
6bba_f4ae811c,6bba,missing_daughter,0
6bba_f4ae811c,6bba,missing_downstream_path,0
6bba_f4ae811c,6bba,missing_parent,0
6bba_f4ae811c,6bba,unsupported_HOCT_score,0
6bba_f4ae811c,6bba,wrong_timing,0
6bba_f8ffd5e7,6bba,C0_official_recovered,0
6bba_f8ffd5e7,6bba,available_unselected_evidence,2
6bba_f8ffd5e7,6bba,conflict_or_protection_loss,0
6bba_f8ffd5e7,6bba,insufficient_candidates,0
6bba_f8ffd5e7,6bba,missing_daughter,0
6bba_f8ffd5e7,6bba,missing_downstream_path,0
6bba_f8ffd5e7,6bba,missing_parent,0
6bba_f8ffd5e7,6bba,unsupported_HOCT_score,0
6bba_f8ffd5e7,6bba,wrong_timing,0
6bba_fbc898dc,6bba,C0_official_recovered,0
6bba_fbc898dc,6bba,available_unselected_evidence,0
6bba_fbc898dc,6bba,conflict_or_protection_loss,0
6bba_fbc898dc,6bba,insufficient_candidates,0
6bba_fbc898dc,6bba,missing_daughter,0
6bba_fbc898dc,6bba,missing_downstream_path,0
6bba_fbc898dc,6bba,missing_parent,0
6bba_fbc898dc,6bba,unsupported_HOCT_score,0
6bba_fbc898dc,6bba,wrong_timing,0
6bba_fc516dc6,6bba,C0_official_recovered,0
6bba_fc516dc6,6bba,available_unselected_evidence,0
6bba_fc516dc6,6bba,conflict_or_protection_loss,0
6bba_fc516dc6,6bba,insufficient_candidates,0
6bba_fc516dc6,6bba,missing_daughter,0
6bba_fc516dc6,6bba,missing_downstream_path,0
6bba_fc516dc6,6bba,missing_parent,0
6bba_fc516dc6,6bba,unsupported_HOCT_score,0
6bba_fc516dc6,6bba,wrong_timing,0
6bba_fc5f39dc,6bba,C0_official_recovered,0
6bba_fc5f39dc,6bba,available_unselected_evidence,1
6bba_fc5f39dc,6bba,conflict_or_protection_loss,0
6bba_fc5f39dc,6bba,insufficient_candidates,0
6bba_fc5f39dc,6bba,missing_daughter,1
6bba_fc5f39dc,6bba,missing_downstream_path,0
6bba_fc5f39dc,6bba,missing_parent,0
6bba_fc5f39dc,6bba,unsupported_HOCT_score,0
6bba_fc5f39dc,6bba,wrong_timing,0
6bba_fc83837d,6bba,C0_official_recovered,0
6bba_fc83837d,6bba,available_unselected_evidence,0
6bba_fc83837d,6bba,conflict_or_protection_loss,0
6bba_fc83837d,6bba,insufficient_candidates,0
6bba_fc83837d,6bba,missing_daughter,0
6bba_fc83837d,6bba,missing_downstream_path,0
6bba_fc83837d,6bba,missing_parent,0
6bba_fc83837d,6bba,unsupported_HOCT_score,0
6bba_fc83837d,6bba,wrong_timing,0
6bba_fe670320,6bba,C0_official_recovered,0
6bba_fe670320,6bba,available_unselected_evidence,0
6bba_fe670320,6bba,conflict_or_protection_loss,0
6bba_fe670320,6bba,insufficient_candidates,0
6bba_fe670320,6bba,missing_daughter,1
6bba_fe670320,6bba,missing_downstream_path,0
6bba_fe670320,6bba,missing_parent,0
6bba_fe670320,6bba,unsupported_HOCT_score,1
6bba_fe670320,6bba,wrong_timing,0
