key,source,family,seed,tiny,step,loss,seconds,gradient_norm,seen_rows,seen_windows,seen_positives,gpu_gib,rss_gib
44b6_H1_20260910,44b6,H1,20260910,False,1,6.732249736785889,0.24386746110394597,110.91693878173828,8192.0,,,,
44b6_H1_20260910,44b6,H1,20260910,False,101,0.20676320791244507,0.41318396385759115,13.971344947814941,43185.0,,,,
44b6_H1_20260910,44b6,H1,20260910,False,201,0.15132220089435577,0.6231263042427599,17.545984268188477,43185.0,,,,
44b6_H1_20260910,44b6,H1,20260910,False,301,0.131717711687088,0.8246333273127675,28.913719177246094,43185.0,,,,
44b6_H1_20260910,44b6,H1,20260910,False,401,0.12988783419132233,1.0356377381831408,18.37241554260254,43185.0,,,,
44b6_H1_20260910,44b6,H1,20260910,False,501,0.14615972340106964,1.234316268004477,2.295708656311035,43185.0,,,,
44b6_H1_20260910,44b6,H1,20260910,False,601,0.12366873025894165,1.4277076940052211,9.44951343536377,43185.0,,,,
44b6_H1_20260910,44b6,H1,20260910,False,701,0.12214569002389908,1.625395115930587,11.12159252166748,43185.0,,,,
44b6_H1_20260910,44b6,H1,20260910,False,801,0.12099044024944305,1.8326839283108711,5.885349750518799,43185.0,,,,
44b6_H1_20260910,44b6,H1,20260910,False,901,0.12224891036748886,2.041406352072954,3.9296791553497314,43185.0,,,,
44b6_H1_20260910,44b6,H1,20260910,False,1001,0.11986250430345535,2.239365281071514,3.4191091060638428,43185.0,,,,
44b6_H1_20260910,44b6,H1,20260910,False,1101,0.11888691037893295,2.4353984841145575,15.758652687072754,43185.0,,,,
44b6_H1_20260910,44b6,H1,20260910,False,1201,0.1187618225812912,2.6325804609805346,4.357154369354248,43185.0,,,,
44b6_H1_20260910,44b6,H1,20260910,False,1301,0.11925292015075684,2.829266002867371,22.274646759033203,43185.0,,,,
44b6_H1_20260910,44b6,H1,20260910,False,1401,0.12307330965995789,3.0272788838483393,9.247912406921387,43185.0,,,,
44b6_H1_20260910,44b6,H1,20260910,False,1501,0.12050867080688477,3.234943156130612,2.3022518157958984,43185.0,,,,
44b6_H1_20260910,44b6,H1,20260910,False,1601,0.12039415538311005,3.4435109649784863,4.789985656738281,43185.0,,,,
44b6_H1_20260910,44b6,H1,20260910,False,1701,0.11752273887395859,3.640155605971813,8.262978553771973,43185.0,,,,
44b6_H1_20260910,44b6,H1,20260910,False,1801,0.11620273441076279,3.83749553700909,16.9796199798584,43185.0,,,,
44b6_H1_20260910,44b6,H1,20260910,False,1901,0.11750920861959457,4.034770706202835,4.771211624145508,43185.0,,,,
44b6_H1_20260910,44b6,H1,20260910,False,2000,0.12172449380159378,4.232531329151243,10.560111045837402,43185.0,,,,
44b6_N1_20260910_tiny,44b6,N1,20260910,True,1,0.047762016765773296,0.7111134273000062,1.2991116046905518,,4.0,4.0,0.09747934341430664,1.5763168334960938
44b6_N1_20260910_tiny,44b6,N1,20260910,True,21,0.00026603815058479086,11.473990330006927,0.00894294772297144,,4.0,4.0,0.1018056869506836,1.5772933959960938
44b6_N1_20260910_tiny,44b6,N1,20260910,True,41,8.976043682196178e-05,21.390339794103056,0.0028180379886180162,,4.0,4.0,0.1018056869506836,1.5772933959960938
44b6_N1_20260910_tiny,44b6,N1,20260910,True,61,6.013922393321991e-05,31.299978937022388,0.0018566292710602283,,4.0,4.0,0.1018056869506836,1.5772933959960938
44b6_N1_20260910_tiny,44b6,N1,20260910,True,81,4.8159357902477495e-05,41.26506465720013,0.0014875439228489995,,4.0,4.0,0.1018056869506836,1.5772933959960938
44b6_N1_20260910_tiny,44b6,N1,20260910,True,100,4.058991271449486e-05,50.4472996792756,0.0012613008730113506,,4.0,4.0,0.1018056869506836,1.5772933959960938
44b6_N2_20260910_tiny,44b6,N2,20260910,True,1,0.0477457451634109,2.8585489909164608,1.659674882888794,,4.0,4.0,2.804476737976074,1.8630790710449219
44b6_N2_20260910_tiny,44b6,N2,20260910,True,21,0.00021913175805821083,15.806600744836032,0.007401108276098967,,4.0,4.0,2.8192296028137207,1.8679618835449219
44b6_N2_20260910_tiny,44b6,N2,20260910,True,41,9.758492342371028e-05,28.79305524379015,0.0020563218276947737,,4.0,4.0,2.8192296028137207,1.8679618835449219
44b6_N2_20260910_tiny,44b6,N2,20260910,True,61,7.694031955907121e-05,41.64128601877019,0.0012518034782260656,,4.0,4.0,2.8192296028137207,1.8679618835449219
44b6_N2_20260910_tiny,44b6,N2,20260910,True,81,6.784526431147242e-05,54.35815912485123,0.000962737191002816,,4.0,4.0,2.8192296028137207,1.8679618835449219
44b6_N2_20260910_tiny,44b6,N2,20260910,True,100,6.18043850408867e-05,66.48331454768777,0.0008025110582821071,,4.0,4.0,2.8192296028137207,1.8679618835449219
44b6_N1_20260910,44b6,N1,20260910,False,1,0.18380574509501457,2.439017385710031,2.212839126586914,,4.0,22.0,0.1252603530883789,1.725738525390625
44b6_N1_20260910,44b6,N1,20260910,False,21,0.04617099021561444,9.697895106859505,0.6545457243919373,,84.0,509.0,0.13373517990112305,1.727691650390625
44b6_N1_20260910,44b6,N1,20260910,False,41,0.0018225216772407293,17.41473615495488,0.050416480749845505,,164.0,670.0,0.13373517990112305,1.746246337890625
44b6_N1_20260910,44b6,N1,20260910,False,61,0.0015113279805518687,25.164941153954715,0.04434525594115257,,244.0,829.0,0.13373517990112305,1.746246337890625
44b6_N1_20260910,44b6,N1,20260910,False,81,0.5902763744816184,35.5226491978392,2.7151734828948975,,324.0,1292.0,0.13373517990112305,1.7765426635742188
44b6_N1_20260910,44b6,N1,20260910,False,101,0.045540524704847485,47.76059560663998,0.8807806372642517,,404.0,1600.0,0.13373517990112305,1.7804298400878906
44b6_N1_20260910,44b6,N1,20260910,False,121,0.012519834446720779,59.17433108994737,0.3104119896888733,,484.0,1768.0,0.13373517990112305,1.7804298400878906
44b6_N1_20260910,44b6,N1,20260910,False,141,0.036659535340731964,70.07197953760624,1.2677559852600098,,564.0,1888.0,0.13373517990112305,1.7825736999511719
44b6_N1_20260910,44b6,N1,20260910,False,161,0.019062235194724053,80.04598062578589,0.41382211446762085,,644.0,2049.0,0.13373517990112305,1.7855033874511719
44b6_N1_20260910,44b6,N1,20260910,False,181,0.00033381008688593283,88.03043948486447,0.00663995323702693,,724.0,2265.0,0.13373517990112305,1.7855033874511719
44b6_N1_20260910,44b6,N1,20260910,False,201,0.001947841898072511,96.44384480873123,0.058174289762973785,,804.0,2431.0,0.13373517990112305,1.7855033874511719
44b6_N1_20260910,44b6,N1,20260910,False,221,0.0004996864008717239,104.72321441490203,0.012692552991211414,,884.0,2639.0,0.13373517990112305,1.7855033874511719
44b6_N1_20260910,44b6,N1,20260910,False,241,0.26196900953073055,114.28966708900407,2.161404609680176,,964.0,3038.0,0.13373517990112305,1.7855033874511719
44b6_N1_20260910,44b6,N1,20260910,False,261,0.03241130581591278,122.3814496928826,0.8466140627861023,,1044.0,3441.0,0.13373517990112305,1.7855033874511719
44b6_N1_20260910,44b6,N1,20260910,False,281,0.008908842180971988,129.78468668460846,0.2819211483001709,,1124.0,3691.0,0.13373517990112305,1.7855033874511719
44b6_N1_20260910,44b6,N1,20260910,False,301,0.0036382729304023087,139.4492097827606,0.08474218845367432,,1204.0,3820.0,0.13373517990112305,1.7855033874511719
44b6_N1_20260910,44b6,N1,20260910,False,321,0.3078340705251321,151.2993587506935,2.0764567852020264,,1284.0,4050.0,0.13936185836791992,1.7855033874511719
44b6_N1_20260910,44b6,N1,20260910,False,341,0.00027693134325090796,159.98453140398487,0.0074293483048677444,,1364.0,4378.0,0.13936710357666016,1.7855033874511719
44b6_N1_20260910,44b6,N1,20260910,False,361,0.07340383168775588,171.08670693496242,2.2715539932250977,,1444.0,4542.0,0.13936710357666016,1.7855033874511719
44b6_N1_20260910,44b6,N1,20260910,False,381,0.0027313896571286023,183.15233667194843,0.09882239252328873,,1524.0,4797.0,0.13936710357666016,1.7855033874511719
44b6_N1_20260910,44b6,N1,20260910,False,401,0.006692761468002573,194.90711634699255,0.16768865287303925,,1604.0,4924.0,0.13936710357666016,1.7855033874511719
44b6_N1_20260910,44b6,N1,20260910,False,421,0.0011313927097944543,203.0226277699694,0.025999171659350395,,1684.0,5340.0,0.13936710357666016,1.7902565002441406
44b6_N1_20260910,44b6,N1,20260910,False,441,0.664356519235298,210.42344663478434,5.104693412780762,,1764.0,5883.0,0.13936710357666016,1.7902565002441406
44b6_N1_20260910,44b6,N1,20260910,False,461,0.0019090905116172507,221.37964367168024,0.05670538917183876,,1844.0,6184.0,0.13936710357666016,1.7902565002441406
44b6_N1_20260910,44b6,N1,20260910,False,481,0.1566969621926546,231.58943041367456,3.564100503921509,,1924.0,6303.0,0.13936710357666016,1.7941627502441406
44b6_N1_20260910,44b6,N1,20260910,False,501,0.05460957624018192,241.3138895817101,1.227325439453125,,2004.0,6405.0,0.13936710357666016,1.7941627502441406
44b6_N1_20260910,44b6,N1,20260910,False,521,0.17568289954215288,252.8840641300194,3.1036694049835205,,2084.0,6578.0,0.13936710357666016,1.7941627502441406
44b6_N1_20260910,44b6,N1,20260910,False,541,0.007503289147280157,263.855467453599,0.17828063666820526,,2164.0,6797.0,0.13936710357666016,1.7941627502441406
44b6_N1_20260910,44b6,N1,20260910,False,561,0.001005856363917701,274.534046609886,0.025707485154271126,,2244.0,7017.0,0.13936710357666016,1.7941627502441406
44b6_N1_20260910,44b6,N1,20260910,False,581,0.011106137273600325,284.5311967818998,0.2188350409269333,,2324.0,7263.0,0.13936710357666016,1.8037300109863281
44b6_N1_20260910,44b6,N1,20260910,False,601,0.009584632047335617,292.3076445199549,0.21986037492752075,,2404.0,7561.0,0.13936710357666016,1.8037300109863281
44b6_N1_20260910,44b6,N1,20260910,False,621,0.004024024063255638,300.0163289969787,0.11343588680028915,,2484.0,7857.0,0.13936710357666016,1.8037300109863281
44b6_N1_20260910,44b6,N1,20260910,False,641,0.003317747061373666,307.7751128477976,0.10076375305652618,,2564.0,8060.0,0.13936710357666016,1.8037300109863281
44b6_N1_20260910,44b6,N1,20260910,False,661,0.00017693366316962056,315.44463521800935,0.00512174516916275,,2644.0,8197.0,0.13936710357666016,1.8037300109863281
44b6_N1_20260910,44b6,N1,20260910,False,681,0.001665148593019694,322.8742369445972,0.032750751823186874,,2724.0,8554.0,0.13936710357666016,1.8037300109863281
44b6_N1_20260910,44b6,N1,20260910,False,701,0.013394752517342567,331.7555076419376,0.4738370180130005,,2804.0,9226.0,0.13936710357666016,1.8037300109863281
44b6_N1_20260910,44b6,N1,20260910,False,721,0.0038329937087837607,339.93193539977074,0.11849890649318695,,2884.0,9491.0,0.13936710357666016,1.8037300109863281
44b6_N1_20260910,44b6,N1,20260910,False,741,0.0017023978580255061,349.4329991796985,0.04342774674296379,,2964.0,9652.0,0.14647817611694336,1.8037300109863281
44b6_N1_20260910,44b6,N1,20260910,False,761,0.01733087922912091,359.0858158119954,0.3841518461704254,,3044.0,9937.0,0.14647817611694336,1.8037300109863281
44b6_N1_20260910,44b6,N1,20260910,False,781,0.01665077987127006,368.8486036336981,0.5427637100219727,,3124.0,10204.0,0.14647817611694336,1.8037300109863281
44b6_N1_20260910,44b6,N1,20260910,False,801,0.016816507893963717,378.1178236878477,0.5514124035835266,,3204.0,10412.0,0.14647817611694336,1.8037300109863281
44b6_N1_20260910,44b6,N1,20260910,False,821,0.020591205175151117,388.62393680075184,0.5239419341087341,,3284.0,10543.0,0.14647817611694336,1.8037300109863281
44b6_N1_20260910,44b6,N1,20260910,False,841,0.02413242496550083,398.92370925005525,0.5668137073516846,,3364.0,10679.0,0.14647817611694336,1.8037300109863281
44b6_N1_20260910,44b6,N1,20260910,False,861,0.03427873889449984,409.64391898177564,1.2114835977554321,,3444.0,10814.0,0.14647817611694336,1.8037300109863281
44b6_N1_20260910,44b6,N1,20260910,False,881,0.04900516103953123,418.9702045810409,0.8328012228012085,,3524.0,11247.0,0.14647817611694336,1.8037300109863281
44b6_N1_20260910,44b6,N1,20260910,False,901,0.21261599031277,427.76953500602394,4.8807196617126465,,3604.0,11756.0,0.17589855194091797,1.8311119079589844
44b6_N1_20260910,44b6,N1,20260910,False,921,0.006846178788691759,437.09938342589885,0.15755634009838104,,3684.0,11854.0,0.17589855194091797,1.8311119079589844
44b6_N1_20260910,44b6,N1,20260910,False,941,0.14418667345307767,445.44619826972485,2.1624879837036133,,3764.0,12186.0,0.17589855194091797,1.8311119079589844
44b6_N1_20260910,44b6,N1,20260910,False,961,0.021853430313058197,455.343510678038,0.4703074097633362,,3844.0,12364.0,0.17589855194091797,1.8311119079589844
44b6_N1_20260910,44b6,N1,20260910,False,981,0.002021451640757732,466.82378824800253,0.07151343673467636,,3924.0,12501.0,0.17589855194091797,1.8311119079589844
44b6_N1_20260910,44b6,N1,20260910,False,1001,0.008941720938310027,477.2723647118546,0.21831370890140533,,4004.0,12639.0,0.17589855194091797,1.8311119079589844
44b6_N1_20260910,44b6,N1,20260910,False,1021,0.013307905988767743,487.23015074571595,0.34118756651878357,,4084.0,12995.0,0.17589855194091797,1.8311119079589844
44b6_N1_20260910,44b6,N1,20260910,False,1041,0.0010776940907817334,495.194075929001,0.028072481974959373,,4164.0,13183.0,0.17589855194091797,1.8311119079589844
44b6_N1_20260910,44b6,N1,20260910,False,1061,0.0013183869159547612,504.03798723965883,0.03496571257710457,,4244.0,13311.0,0.17589855194091797,1.8311119079589844
44b6_N1_20260910,44b6,N1,20260910,False,1081,0.05301541544031352,513.3713698680513,1.4403107166290283,,4324.0,13760.0,0.17589855194091797,1.8311119079589844
44b6_N1_20260910,44b6,N1,20260910,False,1101,0.3159391136141494,520.9721202519722,1.4362741708755493,,4404.0,14765.0,0.17589855194091797,1.8311119079589844
44b6_N1_20260910,44b6,N1,20260910,False,1121,0.036063730192836374,528.7558572338894,0.6481007933616638,,4484.0,15182.0,0.17589855194091797,1.8311119079589844
44b6_N1_20260910,44b6,N1,20260910,False,1141,0.0009305230341851711,536.640414100606,0.026687130331993103,,4564.0,15389.0,0.17589855194091797,1.8311119079589844
44b6_N1_20260910,44b6,N1,20260910,False,1161,0.01378401585679967,544.3629012680613,0.41821494698524475,,4644.0,15645.0,0.17589855194091797,1.8311119079589844
44b6_N1_20260910,44b6,N1,20260910,False,1181,0.1695626522123348,551.9349981527776,4.376499652862549,,4724.0,15856.0,0.17589855194091797,1.8311119079589844
44b6_N1_20260910,44b6,N1,20260910,False,1201,0.4380829934962094,559.6023405450396,2.870875120162964,,4804.0,16013.0,0.17589855194091797,1.8311119079589844
44b6_N1_20260910,44b6,N1,20260910,False,1221,0.0014704256755067036,571.0330933989026,0.05189157649874687,,4884.0,16109.0,0.17589855194091797,1.8311119079589844
44b6_N1_20260910,44b6,N1,20260910,False,1241,0.521358375903219,581.9487104699947,3.707639455795288,,4964.0,16215.0,0.17589855194091797,1.8311119079589844
44b6_N1_20260910,44b6,N1,20260910,False,1261,0.014204552964656614,593.3692454677075,0.4165409207344055,,5044.0,16358.0,0.17589855194091797,1.8311119079589844
44b6_N1_20260910,44b6,N1,20260910,False,1281,0.005683971845428459,602.9554651728831,0.20470580458641052,,5124.0,16448.0,0.17589855194091797,1.8311119079589844
44b6_N1_20260910,44b6,N1,20260910,False,1301,0.0012176953750895336,610.0324158440344,0.032727595418691635,,5204.0,16692.0,0.17589855194091797,1.8311119079589844
44b6_N1_20260910,44b6,N1,20260910,False,1321,0.0017363028600811958,619.2778777317144,0.047789108008146286,,5284.0,16922.0,0.17589855194091797,1.8311119079589844
44b6_N1_20260910,44b6,N1,20260910,False,1341,0.05800341791473329,629.2369840918109,2.4243524074554443,,5364.0,17061.0,0.17589855194091797,1.8311119079589844
44b6_N1_20260910,44b6,N1,20260910,False,1361,0.011710889200912789,636.6923040677793,0.48568353056907654,,5444.0,17250.0,0.17589855194091797,1.8311119079589844
44b6_N1_20260910,44b6,N1,20260910,False,1381,0.00027035572566092014,643.1624730830081,0.006397128105163574,,5524.0,17512.0,0.17589855194091797,1.8311119079589844
44b6_N1_20260910,44b6,N1,20260910,False,1401,0.004755416419357061,651.0489889718592,0.1189073994755745,,5604.0,17647.0,0.17589855194091797,1.8311119079589844
44b6_N1_20260910,44b6,N1,20260910,False,1421,1.3782810757256811,660.0214136159047,5.5323405265808105,,5684.0,17857.0,0.17589855194091797,1.8311119079589844
44b6_N1_20260910,44b6,N1,20260910,False,1441,0.0001894967608677689,668.5712055950426,0.0036568434443324804,,5764.0,18045.0,0.17589855194091797,1.8311119079589844
44b6_N1_20260910,44b6,N1,20260910,False,1461,0.04923500944278203,678.8379455287941,1.4883198738098145,,5844.0,18176.0,0.17589855194091797,1.8311119079589844
44b6_N1_20260910,44b6,N1,20260910,False,1481,0.0018037934278254397,687.9020783249289,0.06126968562602997,,5924.0,18278.0,0.17589855194091797,1.8311119079589844
44b6_N1_20260910,44b6,N1,20260910,False,1501,0.003167993185343221,696.7059035706334,0.0611710362136364,,6004.0,18743.0,0.17589855194091797,1.8311119079589844
44b6_N1_20260910,44b6,N1,20260910,False,1521,0.0015819762265891768,704.3856511707418,0.04396097734570503,,6084.0,19100.0,0.17589855194091797,1.8311119079589844
44b6_N1_20260910,44b6,N1,20260910,False,1541,0.0004154337657382712,712.8501249947585,0.003580851713195443,,6164.0,19248.0,0.17589855194091797,1.8311119079589844
44b6_N1_20260910,44b6,N1,20260910,False,1561,0.011360705480910838,721.134000514634,0.25659722089767456,,6244.0,19419.0,0.17589855194091797,1.8311119079589844
44b6_N1_20260910,44b6,N1,20260910,False,1581,0.005595434093265794,727.8672027387656,0.15067070722579956,,6294.0,19530.0,0.17589855194091797,1.8311119079589844
44b6_N1_20260910,44b6,N1,20260910,False,1601,0.0029277675348566845,736.6798721649684,0.08127449452877045,,6294.0,19530.0,0.17589855194091797,1.8311119079589844
44b6_N1_20260910,44b6,N1,20260910,False,1621,0.001631722945603542,747.393059622962,0.03743181750178337,,6294.0,19530.0,0.17589855194091797,1.8311119079589844
44b6_N1_20260910,44b6,N1,20260910,False,1641,0.0005975200765533373,757.0514571047388,0.0122291911393404,,6294.0,19530.0,0.17589855194091797,1.8311119079589844
44b6_N1_20260910,44b6,N1,20260910,False,1661,0.00463033709092997,768.9080458488315,0.0910504013299942,,6294.0,19530.0,0.17589855194091797,1.8311119079589844
44b6_N1_20260910,44b6,N1,20260910,False,1681,0.0009468554781051353,779.7201621648856,0.03157360479235649,,6294.0,19530.0,0.17589855194091797,1.8311119079589844
44b6_N1_20260910,44b6,N1,20260910,False,1701,0.0002722490062296856,789.9401417379268,0.001171977142803371,,6294.0,19530.0,0.17589855194091797,1.8311119079589844
44b6_N1_20260910,44b6,N1,20260910,False,1721,0.03640959458425641,799.5554758426733,1.8898729085922241,,6294.0,19530.0,0.17589855194091797,1.8311119079589844
44b6_N1_20260910,44b6,N1,20260910,False,1741,0.0031534734735032544,810.6271394947544,0.09758277982473373,,6294.0,19530.0,0.17589855194091797,1.8311119079589844
44b6_N1_20260910,44b6,N1,20260910,False,1761,0.043325892940629274,817.7307981536724,1.0729387998580933,,6294.0,19530.0,0.17589855194091797,1.8311119079589844
44b6_N1_20260910,44b6,N1,20260910,False,1781,0.0014508402382489294,825.0788114536554,0.05151023715734482,,6294.0,19530.0,0.17589855194091797,1.8311119079589844
44b6_N1_20260910,44b6,N1,20260910,False,1801,0.00048434095515403897,834.2871489529498,0.0110130300745368,,6294.0,19530.0,0.17589855194091797,1.8311119079589844
44b6_N1_20260910,44b6,N1,20260910,False,1821,0.0031920125475153327,841.4940212988295,0.10681755840778351,,6294.0,19530.0,0.17589855194091797,1.8311119079589844
44b6_N1_20260910,44b6,N1,20260910,False,1841,0.0010115456825587898,847.1968580079265,0.026339031755924225,,6294.0,19530.0,0.17589855194091797,1.8311119079589844
44b6_N1_20260910,44b6,N1,20260910,False,1861,0.0003135482438665349,853.4664930719882,0.006115972064435482,,6294.0,19530.0,0.17589855194091797,1.8311119079589844
44b6_N1_20260910,44b6,N1,20260910,False,1881,0.010305063333362341,860.7631775997579,0.31165337562561035,,6294.0,19530.0,0.17589855194091797,1.8311119079589844
44b6_N1_20260910,44b6,N1,20260910,False,1901,0.007170828408561647,869.8381818947382,0.1746099889278412,,6294.0,19530.0,0.17589855194091797,1.8311119079589844
44b6_N1_20260910,44b6,N1,20260910,False,1921,0.003682097012642771,878.358076792676,0.07719305157661438,,6294.0,19530.0,0.17589855194091797,1.8311119079589844
44b6_N1_20260910,44b6,N1,20260910,False,1941,0.5814625411294401,887.5809100228362,2.468905210494995,,6294.0,19530.0,0.17589855194091797,1.8311119079589844
44b6_N1_20260910,44b6,N1,20260910,False,1961,0.00439436751184985,897.4268630929291,0.15266114473342896,,6294.0,19530.0,0.17589855194091797,1.8311119079589844
44b6_N1_20260910,44b6,N1,20260910,False,1981,0.0030868467001710087,908.084120427724,0.07173541188240051,,6294.0,19530.0,0.17589855194091797,1.8311119079589844
44b6_N1_20260910,44b6,N1,20260910,False,2001,0.00015978640476532746,909.1397120317238,0.002648045076057315,,6294.0,19530.0,0.10442686080932617,1.7091903686523438
44b6_N1_20260910,44b6,N1,20260910,False,2021,0.28863416286185384,919.1058944717238,1.0993468761444092,,6294.0,19530.0,0.11799907684326172,1.7375106811523438
44b6_N1_20260910,44b6,N1,20260910,False,2041,0.004379785139462911,929.852361920724,0.1290808618068695,,6294.0,19530.0,0.1184840202331543,1.7385902404785156
44b6_N1_20260910,44b6,N1,20260910,False,2061,0.0003036797916138312,937.8137017297236,0.009078067727386951,,6294.0,19530.0,0.1184840202331543,1.7385902404785156
44b6_N1_20260910,44b6,N1,20260910,False,2081,0.0033002851414494216,945.4300951357236,0.08103157579898834,,6294.0,19530.0,0.13352060317993164,1.7655487060546875
44b6_N1_20260910,44b6,N1,20260910,False,2101,0.0007841085534892045,956.7162697437238,0.02487911283969879,,6294.0,19530.0,0.13414669036865234,1.7655487060546875
44b6_N1_20260910,44b6,N1,20260910,False,2121,0.0007053186491248198,968.9513243897236,0.03327002003788948,,6294.0,19530.0,0.13414669036865234,1.7816123962402344
44b6_N1_20260910,44b6,N1,20260910,False,2141,0.00025207881844835356,979.7989604227237,0.0007931573200039566,,6294.0,19530.0,0.13414669036865234,1.7816123962402344
44b6_N1_20260910,44b6,N1,20260910,False,2161,0.0015544092893833295,991.1075745537237,0.0418873131275177,,6294.0,19530.0,0.13414669036865234,1.7816123962402344
44b6_N1_20260910,44b6,N1,20260910,False,2181,0.00027700706232280936,1003.3337676147239,0.009723872877657413,,6294.0,19530.0,0.13414669036865234,1.7816123962402344
44b6_N1_20260910,44b6,N1,20260910,False,2201,0.0007015150331426412,1015.1059834317239,0.019258972257375717,,6294.0,19530.0,0.13414669036865234,1.7816123962402344
44b6_N1_20260910,44b6,N1,20260910,False,2221,0.07340383756672964,1026.1733809917237,1.571766972541809,,6294.0,19530.0,0.13414669036865234,1.7816123962402344
44b6_N1_20260910,44b6,N1,20260910,False,2241,0.0012866335528087802,1036.3190699857237,0.037519700825214386,,6294.0,19530.0,0.13414669036865234,1.7816123962402344
44b6_N1_20260910,44b6,N1,20260910,False,2261,0.0004134211558266543,1046.6357056037236,0.013475961051881313,,6294.0,19530.0,0.13414669036865234,1.7816123962402344
44b6_N1_20260910,44b6,N1,20260910,False,2281,0.01765218609943986,1058.6475455517239,0.49132221937179565,,6294.0,19530.0,0.13414669036865234,1.7816123962402344
44b6_N1_20260910,44b6,N1,20260910,False,2301,0.0007976780470926315,1069.8559542607236,0.02054714970290661,,6294.0,19530.0,0.13414669036865234,1.7816123962402344
44b6_N1_20260910,44b6,N1,20260910,False,2321,1.0552336361579364,1081.1368986857237,10.81054973602295,,6294.0,19530.0,0.13414669036865234,1.7816123962402344
44b6_N1_20260910,44b6,N1,20260910,False,2341,0.00915028143208474,1092.602081686724,0.42132583260536194,,6294.0,19530.0,0.13414669036865234,1.7816123962402344
44b6_N1_20260910,44b6,N1,20260910,False,2361,0.004628431284800172,1104.349119000724,0.1719767153263092,,6294.0,19530.0,0.13414669036865234,1.7816123962402344
44b6_N1_20260910,44b6,N1,20260910,False,2381,0.00667516584508121,1115.5292415477238,0.18336191773414612,,6294.0,19530.0,0.13414669036865234,1.7816123962402344
44b6_N1_20260910,44b6,N1,20260910,False,2401,0.0007538235367974266,1126.1170444657237,0.023058248683810234,,6294.0,19530.0,0.13414669036865234,1.7816123962402344
44b6_N1_20260910,44b6,N1,20260910,False,2421,0.06787438550963998,1137.6417054967237,0.9018451571464539,,6294.0,19530.0,0.13414669036865234,1.7816123962402344
44b6_N1_20260910,44b6,N1,20260910,False,2441,0.006364125583786517,1148.790007863724,0.2121381163597107,,6294.0,19530.0,0.13414669036865234,1.7816123962402344
44b6_N1_20260910,44b6,N1,20260910,False,2461,0.001427535797120072,1160.4101398967236,0.047530390322208405,,6294.0,19530.0,0.13414669036865234,1.7816123962402344
44b6_N1_20260910,44b6,N1,20260910,False,2481,0.00028132977968198247,1171.3092506437238,0.0074564069509506226,,6294.0,19530.0,0.13414669036865234,1.7816123962402344
44b6_N1_20260910,44b6,N1,20260910,False,2501,0.22093539670458995,1180.9351758797238,1.3119707107543945,,6294.0,19530.0,0.13414669036865234,1.7816123962402344
44b6_N1_20260910,44b6,N1,20260910,False,2521,0.01029895051033236,1192.2653691567239,0.2910061478614807,,6294.0,19530.0,0.13414669036865234,1.7837944030761719
44b6_N1_20260910,44b6,N1,20260910,False,2541,0.021077890181913972,1203.110984984724,0.5847232937812805,,6294.0,19530.0,0.13414669036865234,1.7837944030761719
44b6_N1_20260910,44b6,N1,20260910,False,2561,0.004346077883383259,1213.3452958957237,0.14037777483463287,,6294.0,19530.0,0.13414669036865234,1.7884292602539062
44b6_N1_20260910,44b6,N1,20260910,False,2581,0.0015729670703876764,1223.8493463157238,0.0438096709549427,,6294.0,19530.0,0.13414669036865234,1.7884292602539062
44b6_N1_20260910,44b6,N1,20260910,False,2601,0.28010343594360165,1234.775846780724,3.0808064937591553,,6294.0,19530.0,0.13414669036865234,1.7884292602539062
44b6_N1_20260910,44b6,N1,20260910,False,2621,0.0002824112234520726,1245.0986631297237,0.004002350848168135,,6294.0,19530.0,0.13414669036865234,1.7884292602539062
44b6_N1_20260910,44b6,N1,20260910,False,2641,0.014647717238403857,1254.1892600057236,0.33217376470565796,,6294.0,19530.0,0.13414669036865234,1.7990341186523438
44b6_N1_20260910,44b6,N1,20260910,False,2661,2.554445826273877,1261.9780210167237,19.464502334594727,,6294.0,19530.0,0.13641738891601562,1.7990341186523438
44b6_N1_20260910,44b6,N1,20260910,False,2681,0.018681427696719766,1272.6140743747237,0.45121997594833374,,6294.0,19530.0,0.17494678497314453,1.8228912353515625
44b6_N1_20260910,44b6,N1,20260910,False,2701,0.003739353269338608,1280.9643326997239,0.08579861372709274,,6294.0,19530.0,0.17510366439819336,1.8228912353515625
44b6_N1_20260910,44b6,N1,20260910,False,2721,0.014007534249685705,1291.762380401724,0.32410481572151184,,6294.0,19530.0,0.17510366439819336,1.8228912353515625
44b6_N1_20260910,44b6,N1,20260910,False,2741,0.00014784400264034048,1302.7602917537238,0.0024137680884450674,,6294.0,19530.0,0.17510366439819336,1.8228912353515625
44b6_N1_20260910,44b6,N1,20260910,False,2761,0.00018940277368528768,1313.4555729597237,0.000563961686566472,,6294.0,19530.0,0.17510366439819336,1.8228912353515625
44b6_N1_20260910,44b6,N1,20260910,False,2781,0.0016401533503085375,1325.1693107337237,0.0500512421131134,,6294.0,19530.0,0.17510366439819336,1.8228912353515625
44b6_N1_20260910,44b6,N1,20260910,False,2801,0.03981336235301569,1336.8101752987236,2.627009868621826,,6294.0,19530.0,0.17510366439819336,1.8228912353515625
44b6_N1_20260910,44b6,N1,20260910,False,2821,0.0011043570266338065,1347.8755824337236,0.03329315036535263,,6294.0,19530.0,0.17510366439819336,1.8228912353515625
44b6_N1_20260910,44b6,N1,20260910,False,2841,0.028441635906347074,1359.6609372367238,0.5060264468193054,,6294.0,19530.0,0.17510366439819336,1.8228912353515625
44b6_N1_20260910,44b6,N1,20260910,False,2861,0.0015503481845371425,1370.748498984724,0.06055120751261711,,6294.0,19530.0,0.17510366439819336,1.8228912353515625
44b6_N1_20260910,44b6,N1,20260910,False,2881,0.001493428397225216,1380.6691430727237,0.04704849421977997,,6294.0,19530.0,0.17510366439819336,1.8228912353515625
44b6_N1_20260910,44b6,N1,20260910,False,2901,0.0014857646165182814,1391.576744170724,0.05630249157547951,,6294.0,19530.0,0.17510366439819336,1.8228912353515625
44b6_N1_20260910,44b6,N1,20260910,False,2921,0.3265552226221189,1400.6874803567239,2.9253122806549072,,6294.0,19530.0,0.17510366439819336,1.8228912353515625
44b6_N1_20260910,44b6,N1,20260910,False,2941,0.20630320208147168,1408.918601628724,1.0769586563110352,,6294.0,19530.0,0.17510366439819336,1.8228912353515625
44b6_N1_20260910,44b6,N1,20260910,False,2961,0.030622147147369105,1417.620632789724,1.023941993713379,,6294.0,19530.0,0.17510366439819336,1.8228912353515625
44b6_N1_20260910,44b6,N1,20260910,False,2981,0.0033258059120271355,1428.2999796957238,0.14994727075099945,,6294.0,19530.0,0.17510366439819336,1.8228912353515625
44b6_N1_20260910,44b6,N1,20260910,False,3001,0.0016361960588255897,1436.5181391207238,0.08218565583229065,,6294.0,19530.0,0.17510366439819336,1.8228912353515625
44b6_N1_20260910,44b6,N1,20260910,False,3021,0.0029470038862200454,1447.1533039407236,0.10075316578149796,,6294.0,19530.0,0.17510366439819336,1.8228912353515625
44b6_N1_20260910,44b6,N1,20260910,False,3041,0.003946543438360095,1458.332787410724,0.09400806576013565,,6294.0,19530.0,0.17510366439819336,1.8228912353515625
44b6_N1_20260910,44b6,N1,20260910,False,3061,0.008683557738550007,1467.8430362227236,0.20077435672283173,,6294.0,19530.0,0.17510366439819336,1.8228912353515625
44b6_N1_20260910,44b6,N1,20260910,False,3081,0.025838645529802307,1477.1014350657238,0.9045743346214294,,6294.0,19530.0,0.17510366439819336,1.8228912353515625
44b6_N1_20260910,44b6,N1,20260910,False,3101,0.582938769744942,1485.3590708667239,5.481135368347168,,6294.0,19530.0,0.17510366439819336,1.8228912353515625
44b6_N1_20260910,44b6,N1,20260910,False,3121,0.37728879135102034,1497.1729313357237,2.946195125579834,,6294.0,19530.0,0.17510366439819336,1.8228912353515625
44b6_N1_20260910,44b6,N1,20260910,False,3141,0.006733885384164751,1507.3277601647237,0.12675577402114868,,6294.0,19530.0,0.17510366439819336,1.8228912353515625
44b6_N1_20260910,44b6,N1,20260910,False,3161,0.2923954261932522,1518.0790562457237,2.221698045730591,,6294.0,19530.0,0.17510366439819336,1.8228912353515625
44b6_N1_20260910,44b6,N1,20260910,False,3181,0.0022963648007134907,1529.0700406667238,0.0834195613861084,,6294.0,19530.0,0.17510366439819336,1.8228912353515625
44b6_N1_20260910,44b6,N1,20260910,False,3201,0.0003035111658391543,1540.136591035724,0.0013166795251891017,,6294.0,19530.0,0.17510366439819336,1.8228912353515625
44b6_N1_20260910,44b6,N1,20260910,False,3221,0.005735679864301346,1550.693684197724,0.16303037106990814,,6294.0,19530.0,0.17510366439819336,1.8228912353515625
44b6_N1_20260910,44b6,N1,20260910,False,3241,0.45767195080406964,1562.3155629997236,2.1367111206054688,,6294.0,19530.0,0.17510366439819336,1.8228912353515625
44b6_N1_20260910,44b6,N1,20260910,False,3261,0.01187435514293611,1570.214689165724,0.24167563021183014,,6294.0,19530.0,0.17510366439819336,1.8228912353515625
44b6_N1_20260910,44b6,N1,20260910,False,3281,0.012623511953279376,1580.731503041724,0.2580834627151489,,6294.0,19530.0,0.17510366439819336,1.8228912353515625
44b6_N1_20260910,44b6,N1,20260910,False,3301,0.001484711974626407,1591.7532032027239,0.06159033253788948,,6294.0,19530.0,0.17510366439819336,1.8228912353515625
44b6_N1_20260910,44b6,N1,20260910,False,3321,0.8356306101195514,1601.2335597047236,6.8902363777160645,,6294.0,19530.0,0.17535018920898438,1.8274040222167969
44b6_N1_20260910,44b6,N1,20260910,False,3341,0.00017326974375464488,1610.7789283687239,0.0017880398081615567,,6294.0,19530.0,0.17535018920898438,1.8274040222167969
44b6_N1_20260910,44b6,N1,20260910,False,3361,1.9043628751387587,1621.5572921477237,9.61319637298584,,6294.0,19530.0,0.17535018920898438,1.8274040222167969
44b6_N1_20260910,44b6,N1,20260910,False,3381,0.020541685284115374,1631.6338502027238,0.4811848998069763,,6294.0,19530.0,0.17535018920898438,1.8274040222167969
44b6_N1_20260910,44b6,N1,20260910,False,3401,0.010737199743743986,1640.8581004907237,0.3699614703655243,,6294.0,19530.0,0.17535018920898438,1.8274040222167969
44b6_N1_20260910,44b6,N1,20260910,False,3421,0.0018563449721114011,1650.9498395257237,0.08551376312971115,,6294.0,19530.0,0.17535018920898438,1.8274040222167969
44b6_N1_20260910,44b6,N1,20260910,False,3441,0.003762518346775323,1660.2780361967239,0.07767964154481888,,6294.0,19530.0,0.17535018920898438,1.8274040222167969
44b6_N1_20260910,44b6,N1,20260910,False,3461,0.00042773022141773254,1669.4587694697238,0.0016498147742822766,,6294.0,19530.0,0.17535018920898438,1.8274040222167969
44b6_N1_20260910,44b6,N1,20260910,False,3481,0.01773843157570809,1679.641961369724,0.657588005065918,,6294.0,19530.0,0.17535018920898438,1.8274040222167969
44b6_N1_20260910,44b6,N1,20260910,False,3501,0.027234865818172693,1688.0165799217239,0.8696107268333435,,6294.0,19530.0,0.17535018920898438,1.8274040222167969
44b6_N1_20260910,44b6,N1,20260910,False,3521,0.3124254353751894,1698.8205006517237,4.248757362365723,,6294.0,19530.0,0.17535018920898438,1.8274040222167969
44b6_N1_20260910,44b6,N1,20260910,False,3541,0.028047861764207482,1709.4564490457237,0.7347191572189331,,6294.0,19530.0,0.17535018920898438,1.8274040222167969
44b6_N1_20260910,44b6,N1,20260910,False,3561,0.05850951583124697,1721.4548067317237,1.877421498298645,,6294.0,19530.0,0.17535018920898438,1.8274040222167969
44b6_N1_20260910,44b6,N1,20260910,False,3581,0.10066587943583727,1732.4960810577236,0.7721374034881592,,6294.0,19530.0,0.17535018920898438,1.8274040222167969
44b6_N1_20260910,44b6,N1,20260910,False,3601,0.05701300175860524,1742.4948300907236,1.0429750680923462,,6294.0,19530.0,0.17535018920898438,1.8274040222167969
44b6_N1_20260910,44b6,N1,20260910,False,3621,0.0009732958424137905,1753.3738271727238,0.025975029915571213,,6294.0,19530.0,0.17535018920898438,1.8274040222167969
44b6_N1_20260910,44b6,N1,20260910,False,3641,0.06388047034852207,1761.1927161397239,0.9894399046897888,,6294.0,19530.0,0.17535018920898438,1.8274040222167969
44b6_N1_20260910,44b6,N1,20260910,False,3661,0.0003521756243571872,1772.1656055147237,0.012017957866191864,,6294.0,19530.0,0.17535018920898438,1.8274040222167969
44b6_N1_20260910,44b6,N1,20260910,False,3681,0.03746087127365172,1784.2039633087238,1.0369908809661865,,6294.0,19530.0,0.17535018920898438,1.8274040222167969
44b6_N1_20260910,44b6,N1,20260910,False,3701,0.002454100758768618,1794.7590659367238,0.08167712390422821,,6294.0,19530.0,0.17535018920898438,1.8274040222167969
44b6_N1_20260910,44b6,N1,20260910,False,3721,0.3582747206091881,1805.5961935317237,1.758007287979126,,6294.0,19530.0,0.17535018920898438,1.8274040222167969
44b6_N1_20260910,44b6,N1,20260910,False,3741,0.054252914153039455,1815.4878152427236,1.2894986867904663,,6294.0,19530.0,0.17535018920898438,1.8274040222167969
44b6_N1_20260910,44b6,N1,20260910,False,3761,0.0047027370310388505,1827.0547378907236,0.1588682383298874,,6294.0,19530.0,0.17535018920898438,1.8274040222167969
44b6_N1_20260910,44b6,N1,20260910,False,3781,0.004297793842852116,1836.9122352157237,0.09174737334251404,,6294.0,19530.0,0.17535018920898438,1.8274040222167969
44b6_N1_20260910,44b6,N1,20260910,False,3801,0.0012129862589063123,1846.3970788047236,0.0489320307970047,,6294.0,19530.0,0.17535018920898438,1.8274040222167969
44b6_N1_20260910,44b6,N1,20260910,False,3821,0.0267406585480785,1854.2580479477238,0.47163569927215576,,6294.0,19530.0,0.17535018920898438,1.8274040222167969
44b6_N1_20260910,44b6,N1,20260910,False,3841,0.0009605289960745722,1863.9449220867236,0.02039320580661297,,6294.0,19530.0,0.17535018920898438,1.8274040222167969
44b6_N1_20260910,44b6,N1,20260910,False,3861,0.0019729022242245264,1870.8515150927237,0.06554489582777023,,6294.0,19530.0,0.17535018920898438,1.8274040222167969
44b6_N1_20260910,44b6,N1,20260910,False,3881,0.005849596127518453,1881.1095229897237,0.22379152476787567,,6294.0,19530.0,0.17535018920898438,1.8274040222167969
44b6_N1_20260910,44b6,N1,20260910,False,3901,0.0025340594293083996,1892.284808759724,0.09531450271606445,,6294.0,19530.0,0.17535018920898438,1.8274040222167969
44b6_N1_20260910,44b6,N1,20260910,False,3921,0.0014472143520833924,1904.0839379547238,0.0679965540766716,,6294.0,19530.0,0.17535018920898438,1.8274040222167969
44b6_N1_20260910,44b6,N1,20260910,False,3941,0.0324565818591509,1915.5138874587237,0.754531741142273,,6294.0,19530.0,0.17535018920898438,1.8274040222167969
44b6_N1_20260910,44b6,N1,20260910,False,3961,0.001220227726662415,1927.5079431147237,0.04985926300287247,,6294.0,19530.0,0.17535018920898438,1.8274040222167969
44b6_N1_20260910,44b6,N1,20260910,False,3981,0.00951356955920346,1939.450247926724,0.29462140798568726,,6294.0,19530.0,0.17535018920898438,1.8274040222167969
44b6_N1_20260910,44b6,N1,20260910,False,4001,0.027328648313414305,1950.7094702477239,1.7500832080841064,,6294.0,19530.0,0.17535018920898438,1.8274040222167969
44b6_N1_20260910,44b6,N1,20260910,False,4021,0.04899618960916996,1960.8910521477237,1.0611077547073364,,6294.0,19530.0,0.17535018920898438,1.8274040222167969
44b6_N1_20260910,44b6,N1,20260910,False,4041,0.00012579460235428996,1972.650773979724,0.0026571236085146666,,6294.0,19530.0,0.17535018920898438,1.8274040222167969
44b6_N1_20260910,44b6,N1,20260910,False,4061,0.016886893718037754,1983.634881861724,0.6109306216239929,,6294.0,19530.0,0.17535018920898438,1.8274040222167969
44b6_N1_20260910,44b6,N1,20260910,False,4081,0.04197893209129688,1994.4196508367236,1.8286552429199219,,6294.0,19530.0,0.17535018920898438,1.8274040222167969
44b6_N1_20260910,44b6,N1,20260910,False,4101,0.0003736143153219018,2006.3414943947237,0.011791386641561985,,6294.0,19530.0,0.17535018920898438,1.8274040222167969
44b6_N1_20260910,44b6,N1,20260910,False,4121,0.0009574642826919444,2017.7768113097236,0.025277964770793915,,6294.0,19530.0,0.17535018920898438,1.8274040222167969
44b6_N1_20260910,44b6,N1,20260910,False,4141,0.0012183249200461432,2027.828592762724,0.03797456622123718,,6294.0,19530.0,0.17535018920898438,1.8274040222167969
44b6_N1_20260910,44b6,N1,20260910,False,4161,0.00120961842185352,2036.8747579027236,0.03536706045269966,,6294.0,19530.0,0.17535018920898438,1.8274040222167969
44b6_N1_20260910,44b6,N1,20260910,False,4181,0.0003738619852811098,2049.012332120724,0.00410072784870863,,6294.0,19530.0,0.17535018920898438,1.8274040222167969
44b6_N1_20260910,44b6,N1,20260910,False,4201,0.013872706775146071,2058.9594144437237,0.5509555339813232,,6294.0,19530.0,0.17535018920898438,1.8274040222167969
44b6_N1_20260910,44b6,N1,20260910,False,4221,0.0003612171312852297,2069.647685126724,0.008022460155189037,,6294.0,19530.0,0.17535018920898438,1.8274040222167969
44b6_N1_20260910,44b6,N1,20260910,False,4241,0.002612931450130418,2081.563411322724,0.07699476927518845,,6294.0,19530.0,0.17535018920898438,1.8274040222167969
44b6_N1_20260910,44b6,N1,20260910,False,4261,0.010788217186927795,2092.7292133367237,0.25472089648246765,,6294.0,19530.0,0.17535018920898438,1.8274040222167969
44b6_N1_20260910,44b6,N1,20260910,False,4281,0.0010582317918306217,2104.081658407724,0.03188236430287361,,6294.0,19530.0,0.17535018920898438,1.8274040222167969
44b6_N1_20260910,44b6,N1,20260910,False,4301,0.010185079067014158,2114.811550422724,0.34049472212791443,,6294.0,19530.0,0.17535018920898438,1.8274040222167969
44b6_N1_20260910,44b6,N1,20260910,False,4321,0.004335046323831193,2124.917162621724,0.16351418197155,,6294.0,19530.0,0.17535018920898438,1.8274040222167969
44b6_N1_20260910,44b6,N1,20260910,False,4341,0.002927497000200674,2136.8390235807237,0.07731052488088608,,6294.0,19530.0,0.17535018920898438,1.8274040222167969
44b6_N1_20260910,44b6,N1,20260910,False,4361,0.010265683740726672,2147.683493791724,0.4105672240257263,,6294.0,19530.0,0.17535018920898438,1.8274040222167969
44b6_N1_20260910,44b6,N1,20260910,False,4381,0.03320141910808161,2158.007782930724,0.7651293277740479,,6294.0,19530.0,0.17535018920898438,1.8274040222167969
44b6_N1_20260910,44b6,N1,20260910,False,4401,0.005931479376158677,2169.2040912127236,0.18450655043125153,,6294.0,19530.0,0.17535018920898438,1.8274040222167969
44b6_N1_20260910,44b6,N1,20260910,False,4421,0.0003564664730220102,2179.8202111367236,0.0013024883810430765,,6294.0,19530.0,0.17535018920898438,1.8274040222167969
44b6_N1_20260910,44b6,N1,20260910,False,4441,0.008468635904137045,2189.892531515724,0.39107730984687805,,6294.0,19530.0,0.17535018920898438,1.8274040222167969
44b6_N1_20260910,44b6,N1,20260910,False,4461,0.9852141056981054,2200.7505401967237,6.646349906921387,,6294.0,19530.0,0.17535018920898438,1.8274040222167969
44b6_N1_20260910,44b6,N1,20260910,False,4481,0.0001433178476872854,2212.9777828387237,0.003552784211933613,,6294.0,19530.0,0.17535018920898438,1.8274040222167969
44b6_N1_20260910,44b6,N1,20260910,False,4501,0.017665575724095106,2221.373327020724,0.3851439356803894,,6294.0,19530.0,0.17535018920898438,1.8274040222167969
44b6_N1_20260910,44b6,N1,20260910,False,4521,0.0005873605587112252,2229.8499104927237,0.021276352927088737,,6294.0,19530.0,0.17535018920898438,1.8274040222167969
44b6_N1_20260910,44b6,N1,20260910,False,4541,0.0022777802078053355,2239.1731229827237,0.05605163797736168,,6294.0,19530.0,0.17535018920898438,1.8274040222167969
44b6_N1_20260910,44b6,N1,20260910,False,4561,0.000273446312348824,2249.821303916724,0.0017832579324021935,,6294.0,19530.0,0.17535018920898438,1.8274040222167969
44b6_N1_20260910,44b6,N1,20260910,False,4581,0.0017903548796311952,2260.3415684837237,0.05696317180991173,,6294.0,19530.0,0.17535018920898438,1.8274040222167969
44b6_N1_20260910,44b6,N1,20260910,False,4601,0.0019457670132396743,2270.948545028724,0.07112206518650055,,6294.0,19530.0,0.17535018920898438,1.8274040222167969
44b6_N1_20260910,44b6,N1,20260910,False,4621,0.0004225943557685241,2280.588608521724,0.007827166467905045,,6294.0,19530.0,0.17535018920898438,1.8274040222167969
44b6_N1_20260910,44b6,N1,20260910,False,4641,0.001935878157382831,2292.1153079297237,0.0586596317589283,,6294.0,19530.0,0.17535018920898438,1.8274040222167969
44b6_N1_20260910,44b6,N1,20260910,False,4661,0.0005020468415750656,2304.904847943724,0.018317164853215218,,6294.0,19530.0,0.17535018920898438,1.8274040222167969
44b6_N1_20260910,44b6,N1,20260910,False,4681,8.982354211184429e-05,2316.090436784724,0.00033283865195699036,,6294.0,19530.0,0.17535018920898438,1.8274040222167969
44b6_N1_20260910,44b6,N1,20260910,False,4701,0.001829114742577076,2325.954724848724,0.03802451491355896,,6294.0,19530.0,0.17535018920898438,1.8274040222167969
44b6_N1_20260910,44b6,N1,20260910,False,4721,0.0005169011110410793,2333.997319822724,0.013055337592959404,,6294.0,19530.0,0.17535018920898438,1.8274040222167969
44b6_N1_20260910,44b6,N1,20260910,False,4741,0.0013751141232205555,2344.5092225557237,0.1003761887550354,,6294.0,19530.0,0.17535018920898438,1.8274040222167969
44b6_N1_20260910,44b6,N1,20260910,False,4761,0.002935839082056191,2354.799912945724,0.265457421541214,,6294.0,19530.0,0.17535018920898438,1.8274040222167969
44b6_N1_20260910,44b6,N1,20260910,False,4781,0.48449686424282845,2366.162727294724,8.44675350189209,,6294.0,19530.0,0.17535018920898438,1.8274040222167969
44b6_N1_20260910,44b6,N1,20260910,False,4801,0.0008094220465864055,2377.152088759724,0.02522757276892662,,6294.0,19530.0,0.17535018920898438,1.8274040222167969
44b6_N1_20260910,44b6,N1,20260910,False,4821,0.0026551605988061056,2388.317233238724,0.13985517621040344,,6294.0,19530.0,0.17535018920898438,1.8274040222167969
44b6_N1_20260910,44b6,N1,20260910,False,4841,0.018681782530620694,2397.091361579724,0.6300081014633179,,6294.0,19530.0,0.17535018920898438,1.8274040222167969
44b6_N1_20260910,44b6,N1,20260910,False,4861,0.00026446809170010965,2407.056783743724,0.002413165057078004,,6294.0,19530.0,0.17535018920898438,1.8274040222167969
44b6_N1_20260910,44b6,N1,20260910,False,4881,0.0021441608550958335,2416.083545828724,0.054183103144168854,,6294.0,19530.0,0.17535018920898438,1.8274040222167969
44b6_N1_20260910,44b6,N1,20260910,False,4901,0.0027072054726886563,2425.899251468724,0.11112336814403534,,6294.0,19530.0,0.17535018920898438,1.8274040222167969
44b6_N1_20260910,44b6,N1,20260910,False,4921,0.00391981570282951,2436.2239698927237,0.11018549650907516,,6294.0,19530.0,0.17535018920898438,1.8274040222167969
44b6_N1_20260910,44b6,N1,20260910,False,4941,0.02127077360637486,2446.9197599297236,0.3512638211250305,,6294.0,19530.0,0.17535018920898438,1.8274040222167969
44b6_N1_20260910,44b6,N1,20260910,False,4961,0.004250702448189259,2457.1748525557236,0.08418858051300049,,6294.0,19530.0,0.17535018920898438,1.8274040222167969
44b6_N1_20260910,44b6,N1,20260910,False,4981,0.00810048560379073,2469.021367294724,0.21411778032779694,,6294.0,19530.0,0.17535018920898438,1.8274040222167969
44b6_N1_20260910,44b6,N1,20260910,False,5001,0.0016603360054432414,2480.1809454737236,0.07231089472770691,,6294.0,19530.0,0.17535018920898438,1.8274040222167969
44b6_N1_20260910,44b6,N1,20260910,False,5021,0.003171471500536427,2489.298962370724,0.07176951318979263,,6294.0,19530.0,0.17535018920898438,1.8274040222167969
44b6_N1_20260910,44b6,N1,20260910,False,5041,0.00019008151457455824,2497.3358772367237,0.00778813473880291,,6294.0,19530.0,0.17535018920898438,1.8274040222167969
44b6_N1_20260910,44b6,N1,20260910,False,5061,0.00010053613459604094,2506.417991852724,0.002863863715901971,,6294.0,19530.0,0.17535018920898438,1.8274040222167969
