source,model,positive_fraction,steps,positives,loss,scope,seconds,positive_groups,available_positives,gpu_allocated_peak_bytes
44b6,F_logistic_quality,1.0,29,19980,0.0527505609052755,source_fit,1.4650864438153803,,,
44b6,F_hgb_quality,1.0,160,19980,0.0480353494257128,source_fit,8.99146441090852,,,
44b6,F_hgb_geometry,1.0,160,19980,0.0457772234929431,source_fit,10.357339951675383,,,
44b6,E_logistic,1.0,26,19483,0.0522254112443329,source_fit,0.1003386732190847,,,
44b6,E_hgb,1.0,120,19483,0.0465264004175521,source_fit,6.179846982937306,,,
44b6,D_graph,1.0,19,39,0.0058075401163129,source_fit,0.0178765510208904,,,
44b6,D_temporal,1.0,16,39,0.0053471957492376,source_fit,0.0181267186999321,,,
44b6,D_hgb,1.0,100,39,0.0053097482121036,source_fit,3.326166382990777,,,
6bba,F_logistic_quality,1.0,39,110979,0.1714710812537089,source_fit,2.271940860897302,,,
6bba,F_hgb_quality,1.0,160,110979,0.1485649336077598,source_fit,10.874565337784588,,,
6bba,F_hgb_geometry,1.0,160,110979,0.1475886731195791,source_fit,13.159727028105408,,,
6bba,E_logistic,1.0,33,106045,0.055022236702166,source_fit,0.5322440499439836,,,
6bba,E_hgb,1.0,120,106045,0.049918679494574,source_fit,3.187224892899394,,,
6bba,D_graph,1.0,21,165,0.0087973135240218,source_fit,0.0712411128915846,,,
6bba,D_temporal,1.0,25,165,0.007249421950755,source_fit,0.0826721917837858,,,
6bba,D_hgb,1.0,100,165,0.0060915482977958,source_fit,7.851541748736054,,,
44b6,temporal_image,0.1,100,2145,0.6080174657702446,source_training_balanced_weighted_BCE,1.6891609118320048,99.0,2145.0,213986816.0
44b6,temporal_image,0.1,200,2145,0.42535296842455866,source_training_balanced_weighted_BCE,2.8036127728410065,99.0,2145.0,213986816.0
44b6,temporal_image,0.1,300,2145,0.208628072142601,source_training_balanced_weighted_BCE,3.896205836907029,99.0,2145.0,213986816.0
44b6,temporal_image,0.1,400,2145,0.10819540802389384,source_training_balanced_weighted_BCE,4.977788059972227,99.0,2145.0,213986816.0
44b6,temporal_image,0.1,500,2145,0.07986227482557297,source_training_balanced_weighted_BCE,6.051542194094509,99.0,2145.0,213986816.0
44b6,temporal_image,0.1,600,2145,0.05483866720460355,source_training_balanced_weighted_BCE,7.130764448083937,99.0,2145.0,213986816.0
44b6,temporal_image,0.1,700,2145,0.03587334528565407,source_training_balanced_weighted_BCE,8.213027279824018,99.0,2145.0,213986816.0
44b6,temporal_image,0.1,800,2145,0.030347575689665972,source_training_balanced_weighted_BCE,9.295039874967188,99.0,2145.0,213986816.0
44b6,temporal_image,0.1,900,2145,0.026652181204408407,source_training_balanced_weighted_BCE,10.368423347827047,99.0,2145.0,213986816.0
44b6,temporal_image,0.1,1000,2145,0.02590896262903698,source_training_balanced_weighted_BCE,11.443800328765064,99.0,2145.0,213986816.0
44b6,temporal_image,0.1,1100,2145,0.018655183566734193,source_training_balanced_weighted_BCE,12.541158260777593,99.0,2145.0,213986816.0
44b6,temporal_image,0.1,1200,2145,0.016517116297036408,source_training_balanced_weighted_BCE,13.622427473776042,99.0,2145.0,213986816.0
44b6,temporal_image,0.1,1300,2145,0.008525793217122555,source_training_balanced_weighted_BCE,14.698499205056578,99.0,2145.0,213986816.0
44b6,temporal_image,0.1,1400,2145,0.01765624759340426,source_training_balanced_weighted_BCE,15.779276452958584,99.0,2145.0,213986816.0
44b6,temporal_image,0.1,1500,2145,0.007844639075919986,source_training_balanced_weighted_BCE,16.8544768281281,99.0,2145.0,213986816.0
44b6,temporal_image,0.1,1600,2145,0.014063164980616421,source_training_balanced_weighted_BCE,17.933607447892427,99.0,2145.0,213986816.0
44b6,temporal_image,0.1,1700,2145,0.010891459013801069,source_training_balanced_weighted_BCE,19.0165588487871,99.0,2145.0,213986816.0
44b6,temporal_image,0.1,1800,2145,0.009132054821238854,source_training_balanced_weighted_BCE,20.09233361016959,99.0,2145.0,213986816.0
44b6,temporal_image,0.1,1900,2145,0.008260226891725325,source_training_balanced_weighted_BCE,21.17216324992478,99.0,2145.0,213986816.0
44b6,temporal_image,0.1,2000,2145,0.014658418131293729,source_training_balanced_weighted_BCE,22.252506314776838,99.0,2145.0,213986816.0
44b6,temporal_image,0.1,2100,2145,0.004904176413401728,source_training_balanced_weighted_BCE,23.351111201103777,99.0,2145.0,213986816.0
44b6,temporal_image,0.1,2200,2145,0.006232767179899384,source_training_balanced_weighted_BCE,24.475806408096105,99.0,2145.0,213986816.0
44b6,temporal_image,0.1,2300,2145,0.011041565941632143,source_training_balanced_weighted_BCE,25.593300874810666,99.0,2145.0,213986816.0
44b6,temporal_image,0.1,2400,2145,0.005102242763823597,source_training_balanced_weighted_BCE,26.685540915001184,99.0,2145.0,213986816.0
44b6,temporal_image,0.1,2500,2145,0.005117724982555956,source_training_balanced_weighted_BCE,27.765876438934356,99.0,2145.0,213986816.0
44b6,temporal_image,0.1,2600,2145,0.0014136100394534878,source_training_balanced_weighted_BCE,28.844793741125613,99.0,2145.0,213986816.0
44b6,temporal_image,0.1,2700,2145,0.006643297952832654,source_training_balanced_weighted_BCE,29.918019266799092,99.0,2145.0,213986816.0
44b6,temporal_image,0.1,2800,2145,0.004770576851879014,source_training_balanced_weighted_BCE,30.999555464833975,99.0,2145.0,213986816.0
44b6,temporal_image,0.1,2900,2145,0.005808523361920379,source_training_balanced_weighted_BCE,32.1234775679186,99.0,2145.0,213986816.0
44b6,temporal_image,0.1,3000,2145,0.0046060652266896795,source_training_balanced_weighted_BCE,33.22664177697152,99.0,2145.0,213986816.0
44b6,temporal_image,0.1,3100,2145,0.0015699002010660479,source_training_balanced_weighted_BCE,34.32281961105764,99.0,2145.0,213986816.0
44b6,temporal_image,0.1,3200,2145,0.0018611667584627868,source_training_balanced_weighted_BCE,35.393239174969494,99.0,2145.0,213986816.0
44b6,temporal_image,0.1,3300,2145,0.0010971333013367257,source_training_balanced_weighted_BCE,36.68155727814883,99.0,2145.0,213986816.0
44b6,temporal_image,0.1,3400,2145,0.002099147331864515,source_training_balanced_weighted_BCE,38.117605166044086,99.0,2145.0,213986816.0
44b6,temporal_image,0.1,3500,2145,0.0014700542174250586,source_training_balanced_weighted_BCE,39.29810213716701,99.0,2145.0,213986816.0
44b6,temporal_image,0.1,3600,2145,0.0013942013836640399,source_training_balanced_weighted_BCE,40.48569120513275,99.0,2145.0,213986816.0
44b6,temporal_image,0.1,3700,2145,0.0026538653588067973,source_training_balanced_weighted_BCE,41.65143522573635,99.0,2145.0,213986816.0
44b6,temporal_image,0.1,3800,2145,0.0012249415158294141,source_training_balanced_weighted_BCE,42.86497150873765,99.0,2145.0,213986816.0
44b6,temporal_image,0.1,3900,2145,0.0017037084410912939,source_training_balanced_weighted_BCE,43.99757960392162,99.0,2145.0,213986816.0
44b6,temporal_image,0.1,4000,2145,0.0007357159943239822,source_training_balanced_weighted_BCE,45.173436908982694,99.0,2145.0,213986816.0
44b6,temporal_image,0.1,4100,2145,0.0013298570302140433,source_training_balanced_weighted_BCE,46.24788128817454,99.0,2145.0,213986816.0
44b6,temporal_image,0.1,4200,2145,0.0007154742480634013,source_training_balanced_weighted_BCE,47.309481023810804,99.0,2145.0,213986816.0
44b6,temporal_image,0.1,4300,2145,0.0019841773283405927,source_training_balanced_weighted_BCE,48.381010587792844,99.0,2145.0,213986816.0
44b6,temporal_image,0.1,4400,2145,0.0006601596717518987,source_training_balanced_weighted_BCE,49.464609243907034,99.0,2145.0,213986816.0
44b6,temporal_image,0.1,4500,2145,0.0008192030504505965,source_training_balanced_weighted_BCE,50.539565697778016,99.0,2145.0,213986816.0
44b6,temporal_image,0.1,4600,2145,0.0003327520030507003,source_training_balanced_weighted_BCE,51.60709058493376,99.0,2145.0,213986816.0
44b6,temporal_image,0.1,4700,2145,0.0005610712661291473,source_training_balanced_weighted_BCE,52.67743143485859,99.0,2145.0,213986816.0
44b6,temporal_image,0.1,4800,2145,0.00017736799287376926,source_training_balanced_weighted_BCE,53.77155449707061,99.0,2145.0,213986816.0
44b6,temporal_image,0.1,4900,2145,0.0009715268341096816,source_training_balanced_weighted_BCE,54.90292807389051,99.0,2145.0,213986816.0
44b6,temporal_image,0.1,5000,2145,0.001446124132271507,source_training_balanced_weighted_BCE,56.040012488141656,99.0,2145.0,213986816.0
44b6,temporal_image,0.3,100,6365,0.6654795438051224,source_training_balanced_weighted_BCE,1.0853166049346328,295.0,6365.0,231124992.0
44b6,temporal_image,0.3,200,6365,0.585809537768364,source_training_balanced_weighted_BCE,2.2163917729631066,295.0,6365.0,231124992.0
44b6,temporal_image,0.3,300,6365,0.4926019662618637,source_training_balanced_weighted_BCE,3.3441982259973884,295.0,6365.0,231124992.0
44b6,temporal_image,0.3,400,6365,0.3927573332190514,source_training_balanced_weighted_BCE,4.564137774053961,295.0,6365.0,231124992.0
44b6,temporal_image,0.3,500,6365,0.31255483016371727,source_training_balanced_weighted_BCE,5.717406379058957,295.0,6365.0,231124992.0
44b6,temporal_image,0.3,600,6365,0.22706289798021317,source_training_balanced_weighted_BCE,6.8488455368205905,295.0,6365.0,231124992.0
44b6,temporal_image,0.3,700,6365,0.1965157513320446,source_training_balanced_weighted_BCE,7.999307409860194,295.0,6365.0,231124992.0
44b6,temporal_image,0.3,800,6365,0.15511320754885674,source_training_balanced_weighted_BCE,9.163088490255177,295.0,6365.0,231124992.0
44b6,temporal_image,0.3,900,6365,0.14135096091777086,source_training_balanced_weighted_BCE,10.303050716873258,295.0,6365.0,231124992.0
44b6,temporal_image,0.3,1000,6365,0.1038676693290472,source_training_balanced_weighted_BCE,11.450968625023961,295.0,6365.0,231124992.0
44b6,temporal_image,0.3,1100,6365,0.09767120888456703,source_training_balanced_weighted_BCE,12.598273375071585,295.0,6365.0,231124992.0
44b6,temporal_image,0.3,1200,6365,0.08197599297389388,source_training_balanced_weighted_BCE,13.808603520970792,295.0,6365.0,231124992.0
44b6,temporal_image,0.3,1300,6365,0.06727863116189838,source_training_balanced_weighted_BCE,14.965319705195725,295.0,6365.0,231124992.0
44b6,temporal_image,0.3,1400,6365,0.0515318438410759,source_training_balanced_weighted_BCE,16.146188762038946,295.0,6365.0,231124992.0
44b6,temporal_image,0.3,1500,6365,0.05159921234473586,source_training_balanced_weighted_BCE,17.355745415203273,295.0,6365.0,231124992.0
44b6,temporal_image,0.3,1600,6365,0.05003086035139859,source_training_balanced_weighted_BCE,18.518447773065418,295.0,6365.0,231124992.0
44b6,temporal_image,0.3,1700,6365,0.042182029634714124,source_training_balanced_weighted_BCE,19.7150737689808,295.0,6365.0,231124992.0
44b6,temporal_image,0.3,1800,6365,0.04419201054610312,source_training_balanced_weighted_BCE,20.913774786051363,295.0,6365.0,231124992.0
44b6,temporal_image,0.3,1900,6365,0.03760364060290158,source_training_balanced_weighted_BCE,22.46862843912095,295.0,6365.0,231124992.0
44b6,temporal_image,0.3,2000,6365,0.02940096908248961,source_training_balanced_weighted_BCE,23.976674838922918,295.0,6365.0,231124992.0
44b6,temporal_image,0.3,2100,6365,0.02540821018628776,source_training_balanced_weighted_BCE,25.62297610612586,295.0,6365.0,231124992.0
44b6,temporal_image,0.3,2200,6365,0.027498412621207537,source_training_balanced_weighted_BCE,27.14283440914005,295.0,6365.0,231124992.0
44b6,temporal_image,0.3,2300,6365,0.02494203339330852,source_training_balanced_weighted_BCE,28.706413276027888,295.0,6365.0,231124992.0
44b6,temporal_image,0.3,2400,6365,0.026363356290385127,source_training_balanced_weighted_BCE,30.226466923952103,295.0,6365.0,231124992.0
44b6,temporal_image,0.3,2500,6365,0.02047791369492188,source_training_balanced_weighted_BCE,31.651067001279444,295.0,6365.0,231124992.0
44b6,temporal_image,0.3,2600,6365,0.015782094760797918,source_training_balanced_weighted_BCE,33.23903687810525,295.0,6365.0,231124992.0
44b6,temporal_image,0.3,2700,6365,0.016045740527333693,source_training_balanced_weighted_BCE,34.95088781323284,295.0,6365.0,231124992.0
44b6,temporal_image,0.3,2800,6365,0.015247223486658185,source_training_balanced_weighted_BCE,36.532951317261904,295.0,6365.0,231124992.0
44b6,temporal_image,0.3,2900,6365,0.020445805040653794,source_training_balanced_weighted_BCE,37.91920601623133,295.0,6365.0,231124992.0
44b6,temporal_image,0.3,3000,6365,0.00931664574192837,source_training_balanced_weighted_BCE,39.333112029824406,295.0,6365.0,231124992.0
44b6,temporal_image,0.3,3100,6365,0.00926835204823874,source_training_balanced_weighted_BCE,40.71672330191359,295.0,6365.0,231124992.0
44b6,temporal_image,0.3,3200,6365,0.009035754292272031,source_training_balanced_weighted_BCE,41.841471201274544,295.0,6365.0,231124992.0
44b6,temporal_image,0.3,3300,6365,0.009370494169997983,source_training_balanced_weighted_BCE,42.93956935405731,295.0,6365.0,231124992.0
44b6,temporal_image,0.3,3400,6365,0.01131144501036033,source_training_balanced_weighted_BCE,44.04071456519887,295.0,6365.0,231124992.0
44b6,temporal_image,0.3,3500,6365,0.011026957037393004,source_training_balanced_weighted_BCE,45.104657512158155,295.0,6365.0,231124992.0
44b6,temporal_image,0.3,3600,6365,0.011975179633591324,source_training_balanced_weighted_BCE,46.17482451116666,295.0,6365.0,231124992.0
44b6,temporal_image,0.3,3700,6365,0.008801931355847045,source_training_balanced_weighted_BCE,47.215945633128285,295.0,6365.0,231124992.0
44b6,temporal_image,0.3,3800,6365,0.008120551682077348,source_training_balanced_weighted_BCE,48.243944162968546,295.0,6365.0,231124992.0
44b6,temporal_image,0.3,3900,6365,0.0057792559743393215,source_training_balanced_weighted_BCE,49.28199805598706,295.0,6365.0,231124992.0
44b6,temporal_image,0.3,4000,6365,0.004635807877639309,source_training_balanced_weighted_BCE,50.3091584010981,295.0,6365.0,231124992.0
44b6,temporal_image,0.3,4100,6365,0.007243962304200977,source_training_balanced_weighted_BCE,51.368728280067444,295.0,6365.0,231124992.0
44b6,temporal_image,0.3,4200,6365,0.005706372364656999,source_training_balanced_weighted_BCE,52.43749109702185,295.0,6365.0,231124992.0
44b6,temporal_image,0.3,4300,6365,0.005422760754008778,source_training_balanced_weighted_BCE,53.51339914184064,295.0,6365.0,231124992.0
44b6,temporal_image,0.3,4400,6365,0.005539020553114824,source_training_balanced_weighted_BCE,54.584146306850016,295.0,6365.0,231124992.0
44b6,temporal_image,0.3,4500,6365,0.003692842003656551,source_training_balanced_weighted_BCE,55.65696587227285,295.0,6365.0,231124992.0
44b6,temporal_image,0.3,4600,6365,0.005768480690894648,source_training_balanced_weighted_BCE,56.73238522186875,295.0,6365.0,231124992.0
44b6,temporal_image,0.3,4700,6365,0.0062701035424834115,source_training_balanced_weighted_BCE,57.79712458187714,295.0,6365.0,231124992.0
44b6,temporal_image,0.3,4800,6365,0.0032669114344753324,source_training_balanced_weighted_BCE,58.896144869271666,295.0,6365.0,231124992.0
44b6,temporal_image,0.3,4900,6365,0.003363281728816219,source_training_balanced_weighted_BCE,59.97630501817912,295.0,6365.0,231124992.0
44b6,temporal_image,0.3,5000,6365,0.0034410452126758173,source_training_balanced_weighted_BCE,61.13847614498809,295.0,6365.0,231124992.0
44b6,temporal_image,1.0,100,12800,0.6727193069458007,source_training_balanced_weighted_BCE,1.2434977060183883,933.0,19980.0,221913088.0
44b6,temporal_image,1.0,200,19980,0.6134892559051514,source_training_balanced_weighted_BCE,2.557197007816285,981.0,19980.0,221913088.0
44b6,temporal_image,1.0,300,19980,0.5760356760025025,source_training_balanced_weighted_BCE,3.826448163948953,981.0,19980.0,221913088.0
44b6,temporal_image,1.0,400,19980,0.5548471915721893,source_training_balanced_weighted_BCE,4.97835577186197,981.0,19980.0,221913088.0
44b6,temporal_image,1.0,500,19980,0.5258645156025886,source_training_balanced_weighted_BCE,6.215101000852883,981.0,19980.0,221913088.0
44b6,temporal_image,1.0,600,19980,0.48608233898878095,source_training_balanced_weighted_BCE,7.560428072698414,981.0,19980.0,221913088.0
44b6,temporal_image,1.0,700,19980,0.47842964231967927,source_training_balanced_weighted_BCE,8.882670002989471,981.0,19980.0,221913088.0
44b6,temporal_image,1.0,800,19980,0.44460966557264325,source_training_balanced_weighted_BCE,10.208597468677908,981.0,19980.0,221913088.0
44b6,temporal_image,1.0,900,19980,0.4126759532094002,source_training_balanced_weighted_BCE,11.487313850782812,981.0,19980.0,221913088.0
44b6,temporal_image,1.0,1000,19980,0.3840003675222397,source_training_balanced_weighted_BCE,12.778933737892658,981.0,19980.0,221913088.0
44b6,temporal_image,1.0,1100,19980,0.35795931875705717,source_training_balanced_weighted_BCE,14.020232148934156,981.0,19980.0,221913088.0
44b6,temporal_image,1.0,1200,19980,0.32868527233600614,source_training_balanced_weighted_BCE,15.23928433097899,981.0,19980.0,221913088.0
44b6,temporal_image,1.0,1300,19980,0.3139746187627315,source_training_balanced_weighted_BCE,16.47645416064188,981.0,19980.0,221913088.0
44b6,temporal_image,1.0,1400,19980,0.2821241180598736,source_training_balanced_weighted_BCE,17.703688421752304,981.0,19980.0,221913088.0
44b6,temporal_image,1.0,1500,19980,0.25940834686160086,source_training_balanced_weighted_BCE,18.956651641987264,981.0,19980.0,221913088.0
44b6,temporal_image,1.0,1600,19980,0.24472215190529822,source_training_balanced_weighted_BCE,20.300131478812546,981.0,19980.0,221913088.0
44b6,temporal_image,1.0,1700,19980,0.23574562422931195,source_training_balanced_weighted_BCE,21.627312030643225,981.0,19980.0,221913088.0
44b6,temporal_image,1.0,1800,19980,0.20382837161421777,source_training_balanced_weighted_BCE,22.868696902878582,981.0,19980.0,221913088.0
44b6,temporal_image,1.0,1900,19980,0.18700809337198734,source_training_balanced_weighted_BCE,24.1462025269866,981.0,19980.0,221913088.0
44b6,temporal_image,1.0,2000,19980,0.17610510133206844,source_training_balanced_weighted_BCE,25.42525761667639,981.0,19980.0,221913088.0
44b6,temporal_image,1.0,2100,19980,0.14833301976323127,source_training_balanced_weighted_BCE,26.64488260494545,981.0,19980.0,221913088.0
44b6,temporal_image,1.0,2200,19980,0.15176939509809018,source_training_balanced_weighted_BCE,27.836679621599615,981.0,19980.0,221913088.0
44b6,temporal_image,1.0,2300,19980,0.14466593272984027,source_training_balanced_weighted_BCE,29.01157536683604,981.0,19980.0,221913088.0
44b6,temporal_image,1.0,2400,19980,0.1352908169478178,source_training_balanced_weighted_BCE,30.190087366849184,981.0,19980.0,221913088.0
44b6,temporal_image,1.0,2500,19980,0.12140625290572643,source_training_balanced_weighted_BCE,31.368808303028345,981.0,19980.0,221913088.0
44b6,temporal_image,1.0,2600,19980,0.10685162354260683,source_training_balanced_weighted_BCE,32.56101610092446,981.0,19980.0,221913088.0
44b6,temporal_image,1.0,2700,19980,0.10769547753036023,source_training_balanced_weighted_BCE,33.79203812079504,981.0,19980.0,221913088.0
44b6,temporal_image,1.0,2800,19980,0.09727738171815872,source_training_balanced_weighted_BCE,34.92072563897818,981.0,19980.0,221913088.0
44b6,temporal_image,1.0,2900,19980,0.0888784708827734,source_training_balanced_weighted_BCE,36.0720820967108,981.0,19980.0,221913088.0
44b6,temporal_image,1.0,3000,19980,0.08565775904804468,source_training_balanced_weighted_BCE,37.205178152769804,981.0,19980.0,221913088.0
44b6,temporal_image,1.0,3100,19980,0.08504929177463055,source_training_balanced_weighted_BCE,38.34620600100607,981.0,19980.0,221913088.0
44b6,temporal_image,1.0,3200,19980,0.07506075654178858,source_training_balanced_weighted_BCE,39.49345713900402,981.0,19980.0,221913088.0
44b6,temporal_image,1.0,3300,19980,0.07230212779715657,source_training_balanced_weighted_BCE,40.614538044668734,981.0,19980.0,221913088.0
44b6,temporal_image,1.0,3400,19980,0.06611778777092696,source_training_balanced_weighted_BCE,41.712307021953166,981.0,19980.0,221913088.0
44b6,temporal_image,1.0,3500,19980,0.05870910361409187,source_training_balanced_weighted_BCE,42.9294456159696,981.0,19980.0,221913088.0
44b6,temporal_image,1.0,3600,19980,0.0571497293561697,source_training_balanced_weighted_BCE,44.230135642923415,981.0,19980.0,221913088.0
44b6,temporal_image,1.0,3700,19980,0.05547108609229326,source_training_balanced_weighted_BCE,45.50779189867899,981.0,19980.0,221913088.0
44b6,temporal_image,1.0,3800,19980,0.05325587222352624,source_training_balanced_weighted_BCE,46.71415073890239,981.0,19980.0,221913088.0
44b6,temporal_image,1.0,3900,19980,0.051334322709590194,source_training_balanced_weighted_BCE,47.792260522954166,981.0,19980.0,221913088.0
44b6,temporal_image,1.0,4000,19980,0.04405883222818375,source_training_balanced_weighted_BCE,48.91701843496412,981.0,19980.0,221913088.0
44b6,temporal_image,1.0,4100,19980,0.04192897712811828,source_training_balanced_weighted_BCE,50.06229315465316,981.0,19980.0,221913088.0
44b6,temporal_image,1.0,4200,19980,0.04050111928023398,source_training_balanced_weighted_BCE,51.21923556365073,981.0,19980.0,221913088.0
44b6,temporal_image,1.0,4300,19980,0.03963161259889603,source_training_balanced_weighted_BCE,52.32383567886427,981.0,19980.0,221913088.0
44b6,temporal_image,1.0,4400,19980,0.038099958561360836,source_training_balanced_weighted_BCE,53.43391102273017,981.0,19980.0,221913088.0
44b6,temporal_image,1.0,4500,19980,0.03453535225242376,source_training_balanced_weighted_BCE,54.52155424375087,981.0,19980.0,221913088.0
44b6,temporal_image,1.0,4600,19980,0.03548682132735848,source_training_balanced_weighted_BCE,56.17137609887868,981.0,19980.0,221913088.0
44b6,temporal_image,1.0,4700,19980,0.03733350112102926,source_training_balanced_weighted_BCE,57.81948091369122,981.0,19980.0,221913088.0
44b6,temporal_image,1.0,4800,19980,0.034979082569479944,source_training_balanced_weighted_BCE,59.40221387473866,981.0,19980.0,221913088.0
44b6,temporal_image,1.0,4900,19980,0.03301140072755516,source_training_balanced_weighted_BCE,60.75144163379446,981.0,19980.0,221913088.0
44b6,temporal_image,1.0,5000,19980,0.034361023949459196,source_training_balanced_weighted_BCE,61.95962451491505,981.0,19980.0,221913088.0
6bba,temporal_image,0.1,100,10372,0.6053839129209518,source_training_balanced_weighted_BCE,1.1492732632905245,635.0,10372.0,213583360.0
6bba,temporal_image,0.1,200,10372,0.5295196533203125,source_training_balanced_weighted_BCE,2.4336359002627432,635.0,10372.0,213583360.0
6bba,temporal_image,0.1,300,10372,0.5064038053154946,source_training_balanced_weighted_BCE,3.6351562752388418,635.0,10372.0,213583360.0
6bba,temporal_image,0.1,400,10372,0.47656833827495576,source_training_balanced_weighted_BCE,4.805407528299838,635.0,10372.0,213583360.0
6bba,temporal_image,0.1,500,10372,0.44588251918554306,source_training_balanced_weighted_BCE,5.94010435603559,635.0,10372.0,213583360.0
6bba,temporal_image,0.1,600,10372,0.400016727745533,source_training_balanced_weighted_BCE,7.083887929096818,635.0,10372.0,213583360.0
6bba,temporal_image,0.1,700,10372,0.3540350487828255,source_training_balanced_weighted_BCE,8.402506303042173,635.0,10372.0,213583360.0
6bba,temporal_image,0.1,800,10372,0.3146934586763382,source_training_balanced_weighted_BCE,9.898469182197005,635.0,10372.0,213583360.0
6bba,temporal_image,0.1,900,10372,0.2842363806068897,source_training_balanced_weighted_BCE,11.363435057923198,635.0,10372.0,213583360.0
6bba,temporal_image,0.1,1000,10372,0.22856373116374015,source_training_balanced_weighted_BCE,12.762067673262209,635.0,10372.0,213583360.0
6bba,temporal_image,0.1,1100,10372,0.20255571499466896,source_training_balanced_weighted_BCE,14.256785835139453,635.0,10372.0,213583360.0
6bba,temporal_image,0.1,1200,10372,0.175137277841568,source_training_balanced_weighted_BCE,15.706419263966382,635.0,10372.0,213583360.0
6bba,temporal_image,0.1,1300,10372,0.15200731731951236,source_training_balanced_weighted_BCE,17.181775202974677,635.0,10372.0,213583360.0
6bba,temporal_image,0.1,1400,10372,0.13864087607711553,source_training_balanced_weighted_BCE,18.68616775609553,635.0,10372.0,213583360.0
6bba,temporal_image,0.1,1500,10372,0.11261389531195164,source_training_balanced_weighted_BCE,20.10629322612658,635.0,10372.0,213583360.0
6bba,temporal_image,0.1,1600,10372,0.1033146359026432,source_training_balanced_weighted_BCE,21.589565264061093,635.0,10372.0,213583360.0
6bba,temporal_image,0.1,1700,10372,0.10053964480757713,source_training_balanced_weighted_BCE,23.029044987168163,635.0,10372.0,213583360.0
6bba,temporal_image,0.1,1800,10372,0.08196558931842446,source_training_balanced_weighted_BCE,24.448747192975134,635.0,10372.0,213583360.0
6bba,temporal_image,0.1,1900,10372,0.06942751348018646,source_training_balanced_weighted_BCE,25.735269721131772,635.0,10372.0,213583360.0
6bba,temporal_image,0.1,2000,10372,0.06485048491507768,source_training_balanced_weighted_BCE,26.98436691891402,635.0,10372.0,213583360.0
6bba,temporal_image,0.1,2100,10372,0.06672977335751057,source_training_balanced_weighted_BCE,28.14260502019897,635.0,10372.0,213583360.0
6bba,temporal_image,0.1,2200,10372,0.06776453422382474,source_training_balanced_weighted_BCE,29.245054527185857,635.0,10372.0,213583360.0
6bba,temporal_image,0.1,2300,10372,0.059406782947480676,source_training_balanced_weighted_BCE,30.360971505288035,635.0,10372.0,213583360.0
6bba,temporal_image,0.1,2400,10372,0.04459109218791127,source_training_balanced_weighted_BCE,31.368043044116348,635.0,10372.0,213583360.0
6bba,temporal_image,0.1,2500,10372,0.04119585449807346,source_training_balanced_weighted_BCE,32.5203657830134,635.0,10372.0,213583360.0
6bba,temporal_image,0.1,2600,10372,0.04274397325702012,source_training_balanced_weighted_BCE,33.69015518995002,635.0,10372.0,213583360.0
6bba,temporal_image,0.1,2700,10372,0.03414562542922795,source_training_balanced_weighted_BCE,34.8886783439666,635.0,10372.0,213583360.0
6bba,temporal_image,0.1,2800,10372,0.0332478968705982,source_training_balanced_weighted_BCE,36.045163274277,635.0,10372.0,213583360.0
6bba,temporal_image,0.1,2900,10372,0.04126271294429898,source_training_balanced_weighted_BCE,37.05837771110237,635.0,10372.0,213583360.0
6bba,temporal_image,0.1,3000,10372,0.03222722055390477,source_training_balanced_weighted_BCE,38.10599564015865,635.0,10372.0,213583360.0
6bba,temporal_image,0.1,3100,10372,0.0254813742171973,source_training_balanced_weighted_BCE,39.17622366826981,635.0,10372.0,213583360.0
6bba,temporal_image,0.1,3200,10372,0.025410745069384576,source_training_balanced_weighted_BCE,40.24408710608259,635.0,10372.0,213583360.0
6bba,temporal_image,0.1,3300,10372,0.023206897429190576,source_training_balanced_weighted_BCE,41.326673473231494,635.0,10372.0,213583360.0
6bba,temporal_image,0.1,3400,10372,0.020679907193407416,source_training_balanced_weighted_BCE,42.451802199240774,635.0,10372.0,213583360.0
6bba,temporal_image,0.1,3500,10372,0.019881545971147715,source_training_balanced_weighted_BCE,43.54512999905273,635.0,10372.0,213583360.0
6bba,temporal_image,0.1,3600,10372,0.019904591762460767,source_training_balanced_weighted_BCE,44.645262107253075,635.0,10372.0,213583360.0
6bba,temporal_image,0.1,3700,10372,0.016325424241367726,source_training_balanced_weighted_BCE,45.9120528283529,635.0,10372.0,213583360.0
6bba,temporal_image,0.1,3800,10372,0.016676667642313986,source_training_balanced_weighted_BCE,47.0319102499634,635.0,10372.0,213583360.0
6bba,temporal_image,0.1,3900,10372,0.016086984821595252,source_training_balanced_weighted_BCE,48.14360797498375,635.0,10372.0,213583360.0
6bba,temporal_image,0.1,4000,10372,0.015327250843401998,source_training_balanced_weighted_BCE,49.28437762521207,635.0,10372.0,213583360.0
6bba,temporal_image,0.1,4100,10372,0.013937053079716861,source_training_balanced_weighted_BCE,50.436748144216835,635.0,10372.0,213583360.0
6bba,temporal_image,0.1,4200,10372,0.01269243362825364,source_training_balanced_weighted_BCE,51.56802829913795,635.0,10372.0,213583360.0
6bba,temporal_image,0.1,4300,10372,0.015107028670608997,source_training_balanced_weighted_BCE,52.68287975434214,635.0,10372.0,213583360.0
6bba,temporal_image,0.1,4400,10372,0.010413915633689612,source_training_balanced_weighted_BCE,53.79569718101993,635.0,10372.0,213583360.0
6bba,temporal_image,0.1,4500,10372,0.012394860174972565,source_training_balanced_weighted_BCE,54.921103704255074,635.0,10372.0,213583360.0
6bba,temporal_image,0.1,4600,10372,0.01180632964707911,source_training_balanced_weighted_BCE,56.04200252518058,635.0,10372.0,213583360.0
6bba,temporal_image,0.1,4700,10372,0.012646543052978814,source_training_balanced_weighted_BCE,57.16410607192665,635.0,10372.0,213583360.0
6bba,temporal_image,0.1,4800,10372,0.009699624772183597,source_training_balanced_weighted_BCE,58.30554295098409,635.0,10372.0,213583360.0
6bba,temporal_image,0.1,4900,10372,0.010012866312172264,source_training_balanced_weighted_BCE,59.42442381428555,635.0,10372.0,213583360.0
6bba,temporal_image,0.1,5000,10372,0.00961220970726572,source_training_balanced_weighted_BCE,60.5482716509141,635.0,10372.0,213583360.0
6bba,temporal_image,0.3,100,12800,0.5954295170307159,source_training_balanced_weighted_BCE,1.029803168028593,1728.0,33388.0,219139584.0
6bba,temporal_image,0.3,200,25600,0.5171175345778465,source_training_balanced_weighted_BCE,2.058883235324174,1871.0,33388.0,219139584.0
6bba,temporal_image,0.3,300,33388,0.4955709707736969,source_training_balanced_weighted_BCE,3.0718549443408847,1904.0,33388.0,219139584.0
6bba,temporal_image,0.3,400,33388,0.49401122838258743,source_training_balanced_weighted_BCE,4.125229398254305,1904.0,33388.0,219139584.0
6bba,temporal_image,0.3,500,33388,0.48308138608932494,source_training_balanced_weighted_BCE,5.166741327382624,1904.0,33388.0,219139584.0
6bba,temporal_image,0.3,600,33388,0.4869053927063942,source_training_balanced_weighted_BCE,6.2207265291363,1904.0,33388.0,219139584.0
6bba,temporal_image,0.3,700,33388,0.47388201743364333,source_training_balanced_weighted_BCE,7.255878133233637,1904.0,33388.0,219139584.0
6bba,temporal_image,0.3,800,33388,0.47103133171796796,source_training_balanced_weighted_BCE,8.253650748170912,1904.0,33388.0,219139584.0
6bba,temporal_image,0.3,900,33388,0.46035910993814466,source_training_balanced_weighted_BCE,9.33961122110486,1904.0,33388.0,219139584.0
6bba,temporal_image,0.3,1000,33388,0.45207343727350235,source_training_balanced_weighted_BCE,10.626660240348428,1904.0,33388.0,219139584.0
6bba,temporal_image,0.3,1100,33388,0.44601658046245574,source_training_balanced_weighted_BCE,12.295998241286725,1904.0,33388.0,219139584.0
6bba,temporal_image,0.3,1200,33388,0.4438367506861687,source_training_balanced_weighted_BCE,13.83515076013282,1904.0,33388.0,219139584.0
6bba,temporal_image,0.3,1300,33388,0.43178141564130784,source_training_balanced_weighted_BCE,14.951266190968454,1904.0,33388.0,219139584.0
6bba,temporal_image,0.3,1400,33388,0.4132139146327972,source_training_balanced_weighted_BCE,16.181468504015356,1904.0,33388.0,219139584.0
6bba,temporal_image,0.3,1500,33388,0.4018461263179779,source_training_balanced_weighted_BCE,17.329643898177892,1904.0,33388.0,219139584.0
6bba,temporal_image,0.3,1600,33388,0.3881684127449989,source_training_balanced_weighted_BCE,18.47530739940703,1904.0,33388.0,219139584.0
6bba,temporal_image,0.3,1700,33388,0.38228547781705857,source_training_balanced_weighted_BCE,19.591679567005485,1904.0,33388.0,219139584.0
6bba,temporal_image,0.3,1800,33388,0.3627496835589409,source_training_balanced_weighted_BCE,20.88214379409328,1904.0,33388.0,219139584.0
6bba,temporal_image,0.3,1900,33388,0.3503334486484528,source_training_balanced_weighted_BCE,22.027405153028667,1904.0,33388.0,219139584.0
6bba,temporal_image,0.3,2000,33388,0.33364757418632507,source_training_balanced_weighted_BCE,23.175165274180472,1904.0,33388.0,219139584.0
6bba,temporal_image,0.3,2100,33388,0.31610567614436147,source_training_balanced_weighted_BCE,24.232527234125882,1904.0,33388.0,219139584.0
6bba,temporal_image,0.3,2200,33388,0.30513541519641874,source_training_balanced_weighted_BCE,25.306934599298984,1904.0,33388.0,219139584.0
6bba,temporal_image,0.3,2300,33388,0.2874085685610771,source_training_balanced_weighted_BCE,26.379433749243617,1904.0,33388.0,219139584.0
6bba,temporal_image,0.3,2400,33388,0.27565122336149217,source_training_balanced_weighted_BCE,27.613416001200676,1904.0,33388.0,219139584.0
6bba,temporal_image,0.3,2500,33388,0.2710571680963039,source_training_balanced_weighted_BCE,29.338899784255773,1904.0,33388.0,219139584.0
6bba,temporal_image,0.3,2600,33388,0.2536547584831715,source_training_balanced_weighted_BCE,30.58500566938892,1904.0,33388.0,219139584.0
6bba,temporal_image,0.3,2700,33388,0.22801620960235597,source_training_balanced_weighted_BCE,31.910423833411187,1904.0,33388.0,219139584.0
6bba,temporal_image,0.3,2800,33388,0.2222676022350788,source_training_balanced_weighted_BCE,33.15291187213734,1904.0,33388.0,219139584.0
6bba,temporal_image,0.3,2900,33388,0.20941832035779953,source_training_balanced_weighted_BCE,34.32175250630826,1904.0,33388.0,219139584.0
6bba,temporal_image,0.3,3000,33388,0.20103446513414383,source_training_balanced_weighted_BCE,35.49836236704141,1904.0,33388.0,219139584.0
6bba,temporal_image,0.3,3100,33388,0.19607720360159875,source_training_balanced_weighted_BCE,36.57392250513658,1904.0,33388.0,219139584.0
6bba,temporal_image,0.3,3200,33388,0.18365140743553637,source_training_balanced_weighted_BCE,37.6118428572081,1904.0,33388.0,219139584.0
6bba,temporal_image,0.3,3300,33388,0.1679057215899229,source_training_balanced_weighted_BCE,38.6049189530313,1904.0,33388.0,219139584.0
6bba,temporal_image,0.3,3400,33388,0.1673358780145645,source_training_balanced_weighted_BCE,39.59739881241694,1904.0,33388.0,219139584.0
6bba,temporal_image,0.3,3500,33388,0.14663145877420902,source_training_balanced_weighted_BCE,40.59346276521683,1904.0,33388.0,219139584.0
6bba,temporal_image,0.3,3600,33388,0.15362870171666146,source_training_balanced_weighted_BCE,41.608796229120344,1904.0,33388.0,219139584.0
6bba,temporal_image,0.3,3700,33388,0.13996985904872417,source_training_balanced_weighted_BCE,42.664098277222365,1904.0,33388.0,219139584.0
6bba,temporal_image,0.3,3800,33388,0.1323589265346527,source_training_balanced_weighted_BCE,43.71251045400277,1904.0,33388.0,219139584.0
6bba,temporal_image,0.3,3900,33388,0.12976345002651216,source_training_balanced_weighted_BCE,44.77555020712316,1904.0,33388.0,219139584.0
6bba,temporal_image,0.3,4000,33388,0.12775911539793014,source_training_balanced_weighted_BCE,45.819377281237394,1904.0,33388.0,219139584.0
6bba,temporal_image,0.3,4100,33388,0.12283446714282036,source_training_balanced_weighted_BCE,46.902241460978985,1904.0,33388.0,219139584.0
6bba,temporal_image,0.3,4200,33388,0.1168913096562028,source_training_balanced_weighted_BCE,47.94573217397556,1904.0,33388.0,219139584.0
6bba,temporal_image,0.3,4300,33388,0.1109820007532835,source_training_balanced_weighted_BCE,48.997951592318714,1904.0,33388.0,219139584.0
6bba,temporal_image,0.3,4400,33388,0.10810537584125995,source_training_balanced_weighted_BCE,50.03562722634524,1904.0,33388.0,219139584.0
6bba,temporal_image,0.3,4500,33388,0.1023180514574051,source_training_balanced_weighted_BCE,51.08908201940358,1904.0,33388.0,219139584.0
6bba,temporal_image,0.3,4600,33388,0.1016608066484332,source_training_balanced_weighted_BCE,52.22911831410602,1904.0,33388.0,219139584.0
6bba,temporal_image,0.3,4700,33388,0.10214772772043944,source_training_balanced_weighted_BCE,53.352629197295755,1904.0,33388.0,219139584.0
6bba,temporal_image,0.3,4800,33388,0.09859792612493039,source_training_balanced_weighted_BCE,54.618905037175864,1904.0,33388.0,219139584.0
6bba,temporal_image,0.3,4900,33388,0.09722412187606096,source_training_balanced_weighted_BCE,55.73628872120753,1904.0,33388.0,219139584.0
6bba,temporal_image,0.3,5000,33388,0.08859080757945775,source_training_balanced_weighted_BCE,56.750168102327734,1904.0,33388.0,219139584.0
6bba,temporal_image,1.0,100,12800,0.6084732854366303,source_training_balanced_weighted_BCE,1.0571661409921944,4291.0,110979.0,231518208.0
6bba,temporal_image,1.0,200,25600,0.523083807528019,source_training_balanced_weighted_BCE,2.079760344699025,5251.0,110979.0,231518208.0
6bba,temporal_image,1.0,300,38400,0.5143838864564896,source_training_balanced_weighted_BCE,3.2081878008320928,5675.0,110979.0,231518208.0
6bba,temporal_image,1.0,400,51200,0.5071206754446029,source_training_balanced_weighted_BCE,4.217933240812272,5913.0,110979.0,231518208.0
6bba,temporal_image,1.0,500,64000,0.5095149806141853,source_training_balanced_weighted_BCE,5.204994220752269,6061.0,110979.0,231518208.0
6bba,temporal_image,1.0,600,76800,0.4990413996577263,source_training_balanced_weighted_BCE,6.174079556949437,6161.0,110979.0,231518208.0
6bba,temporal_image,1.0,700,89600,0.5036686563491821,source_training_balanced_weighted_BCE,7.143347927834839,6240.0,110979.0,231518208.0
6bba,temporal_image,1.0,800,102400,0.5006531026959419,source_training_balanced_weighted_BCE,8.374266968108714,6313.0,110979.0,231518208.0
6bba,temporal_image,1.0,900,110979,0.49621148616075517,source_training_balanced_weighted_BCE,9.618468034081161,6344.0,110979.0,231518208.0
6bba,temporal_image,1.0,1000,110979,0.4881902426481247,source_training_balanced_weighted_BCE,10.74512180685997,6344.0,110979.0,231518208.0
6bba,temporal_image,1.0,1100,110979,0.4945400279760361,source_training_balanced_weighted_BCE,11.890792964957654,6344.0,110979.0,231518208.0
6bba,temporal_image,1.0,1200,110979,0.4883680123090744,source_training_balanced_weighted_BCE,13.02570786792785,6344.0,110979.0,231518208.0
6bba,temporal_image,1.0,1300,110979,0.4942604413628578,source_training_balanced_weighted_BCE,14.14740199688822,6344.0,110979.0,231518208.0
6bba,temporal_image,1.0,1400,110979,0.48376858949661256,source_training_balanced_weighted_BCE,15.25704956566915,6344.0,110979.0,231518208.0
6bba,temporal_image,1.0,1500,110979,0.476852345764637,source_training_balanced_weighted_BCE,16.535656853113323,6344.0,110979.0,231518208.0
6bba,temporal_image,1.0,1600,110979,0.48078073471784594,source_training_balanced_weighted_BCE,17.837020102888346,6344.0,110979.0,231518208.0
6bba,temporal_image,1.0,1700,110979,0.4837767967581749,source_training_balanced_weighted_BCE,19.131885022856295,6344.0,110979.0,231518208.0
6bba,temporal_image,1.0,1800,110979,0.4722923272848129,source_training_balanced_weighted_BCE,20.320873770862818,6344.0,110979.0,231518208.0
6bba,temporal_image,1.0,1900,110979,0.4770194163918495,source_training_balanced_weighted_BCE,21.442136006895453,6344.0,110979.0,231518208.0
6bba,temporal_image,1.0,2000,110979,0.47064836412668226,source_training_balanced_weighted_BCE,22.553647919092327,6344.0,110979.0,231518208.0
6bba,temporal_image,1.0,2100,110979,0.473187800347805,source_training_balanced_weighted_BCE,23.68920814106241,6344.0,110979.0,231518208.0
6bba,temporal_image,1.0,2200,110979,0.47273901998996737,source_training_balanced_weighted_BCE,24.792795561719686,6344.0,110979.0,231518208.0
6bba,temporal_image,1.0,2300,110979,0.459625706076622,source_training_balanced_weighted_BCE,25.960605641826987,6344.0,110979.0,231518208.0
6bba,temporal_image,1.0,2400,110979,0.46183844298124316,source_training_balanced_weighted_BCE,27.096568326000124,6344.0,110979.0,231518208.0
6bba,temporal_image,1.0,2500,110979,0.4530281528830528,source_training_balanced_weighted_BCE,28.20179734379053,6344.0,110979.0,231518208.0
6bba,temporal_image,1.0,2600,110979,0.4563198074698448,source_training_balanced_weighted_BCE,29.317607110831887,6344.0,110979.0,231518208.0
6bba,temporal_image,1.0,2700,110979,0.4535727533698082,source_training_balanced_weighted_BCE,30.446790345944464,6344.0,110979.0,231518208.0
6bba,temporal_image,1.0,2800,110979,0.4433539575338364,source_training_balanced_weighted_BCE,31.594501151703298,6344.0,110979.0,231518208.0
6bba,temporal_image,1.0,2900,110979,0.45119860976934434,source_training_balanced_weighted_BCE,32.74672365793958,6344.0,110979.0,231518208.0
6bba,temporal_image,1.0,3000,110979,0.4365962588787079,source_training_balanced_weighted_BCE,33.874931344762444,6344.0,110979.0,231518208.0
6bba,temporal_image,1.0,3100,110979,0.439940325319767,source_training_balanced_weighted_BCE,35.02880825987086,6344.0,110979.0,231518208.0
6bba,temporal_image,1.0,3200,110979,0.44237609058618543,source_training_balanced_weighted_BCE,36.218038932885975,6344.0,110979.0,231518208.0
6bba,temporal_image,1.0,3300,110979,0.4317521086335182,source_training_balanced_weighted_BCE,37.34836760209873,6344.0,110979.0,231518208.0
6bba,temporal_image,1.0,3400,110979,0.43412876486778257,source_training_balanced_weighted_BCE,38.504385417792946,6344.0,110979.0,231518208.0
6bba,temporal_image,1.0,3500,110979,0.4265788722038269,source_training_balanced_weighted_BCE,39.631971946917474,6344.0,110979.0,231518208.0
6bba,temporal_image,1.0,3600,110979,0.41515562862157823,source_training_balanced_weighted_BCE,40.78361910581589,6344.0,110979.0,231518208.0
6bba,temporal_image,1.0,3700,110979,0.42278319895267485,source_training_balanced_weighted_BCE,41.91814084677026,6344.0,110979.0,231518208.0
6bba,temporal_image,1.0,3800,110979,0.4176300287246704,source_training_balanced_weighted_BCE,43.08997981296852,6344.0,110979.0,231518208.0
6bba,temporal_image,1.0,3900,110979,0.4162500098347664,source_training_balanced_weighted_BCE,44.24328860966489,6344.0,110979.0,231518208.0
6bba,temporal_image,1.0,4000,110979,0.41555825859308243,source_training_balanced_weighted_BCE,45.35907390480861,6344.0,110979.0,231518208.0
6bba,temporal_image,1.0,4100,110979,0.4111567005515099,source_training_balanced_weighted_BCE,46.562436029780656,6344.0,110979.0,231518208.0
6bba,temporal_image,1.0,4200,110979,0.40940637797117235,source_training_balanced_weighted_BCE,47.852302881889045,6344.0,110979.0,231518208.0
6bba,temporal_image,1.0,4300,110979,0.404746533036232,source_training_balanced_weighted_BCE,48.9558877707459,6344.0,110979.0,231518208.0
6bba,temporal_image,1.0,4400,110979,0.3942261177301407,source_training_balanced_weighted_BCE,50.06607762305066,6344.0,110979.0,231518208.0
6bba,temporal_image,1.0,4500,110979,0.38765438586473466,source_training_balanced_weighted_BCE,51.15137796988711,6344.0,110979.0,231518208.0
6bba,temporal_image,1.0,4600,110979,0.39012624144554137,source_training_balanced_weighted_BCE,52.2339047556743,6344.0,110979.0,231518208.0
6bba,temporal_image,1.0,4700,110979,0.39198714375495913,source_training_balanced_weighted_BCE,53.327885325066745,6344.0,110979.0,231518208.0
6bba,temporal_image,1.0,4800,110979,0.3822860237956047,source_training_balanced_weighted_BCE,54.4356548958458,6344.0,110979.0,231518208.0
6bba,temporal_image,1.0,4900,110979,0.38333925485610965,source_training_balanced_weighted_BCE,55.567697962746024,6344.0,110979.0,231518208.0
6bba,temporal_image,1.0,5000,110979,0.3830773290991783,source_training_balanced_weighted_BCE,56.67740836087614,6344.0,110979.0,231518208.0
