variant,embryo,samples,n,edge_jaccard,division_jaccard,division_tp,division_fp,division_fn,node_recall,adj_edge_jaccard,n_adj,score,edge_tp,edge_fp,edge_fn,num_pred_nodes,seconds,requested_keep,realized_keep,baseline_tp_rematched_surviving,newly_recovered_tp,lost_tp,removed_fp,introduced_fp,delta
DEF_native_transfer,44b6,71,71,0.896604132035146,0.06779661016949153,8,92,18,0.9880624351836232,0.9119989047482211,71,0.9187785657651703,18878,1229,948,1960477,76.06492363801226,1.0,0.9900748940726114,18776,102,7,149,56,0.006257422651704592
DEF_native_transfer,6bba,128,128,0.9080008758484782,0.10756972111553785,27,126,98,0.9797565793700593,0.909092354645895,128,0.9198493267574488,103671,5118,5386,2132227,121.11247107479721,1.0,0.9900954560292576,103364,307,54,526,81,0.008252561867983621
DEF_native_transfer,pooled,199,199,0.9062264290468092,0.0948509485094851,35,218,116,0.9827199751628385,0.9095448978123853,199,0.9190299926633339,122549,6347,6334,4092704,197.17739471280947,1.0,0.9900856063848086,122140,409,61,675,137,0.007255978444691502
DEF_risk_transfer,44b6,71,71,0.890087435848698,0.06611570247933884,8,95,18,0.9779931233777963,0.9106950905347934,71,0.9173066607827273,18731,1218,1095,1805191,83.46924051316455,1.0,0.9116527702726589,18497,234,286,273,169,0.0047855176692616075
DEF_risk_transfer,6bba,128,128,0.8917341465979598,0.10756972111553785,27,126,98,0.9628866891278556,0.8941566794143371,128,0.9049136515258909,101754,5051,7303,2120071,131.33346749702469,1.0,0.9844508410968458,101299,455,2119,670,158,-0.0066831133635743
DEF_risk_transfer,pooled,199,199,0.8914777435776016,0.09408602150537634,35,221,116,0.9682764219506987,0.896731812032566,199,0.9061404141831036,120485,6269,8398,3925262,214.80270801018924,1.0,0.9495789110302739,119796,689,2405,943,327,-0.0056336000355386995
DEF_temporal_transfer,44b6,71,71,0.8960440708552976,0.06779661016949153,8,92,18,0.9878696090824661,0.9114332492466705,71,0.9182129102636196,18868,1231,958,1960443,88.47474039392546,1.0,0.9900577234828016,18765,103,18,150,59,0.005691767150153959
DEF_temporal_transfer,6bba,128,128,0.905655254560901,0.10756972111553785,27,126,98,0.9774471211892363,0.9067424717199559,128,0.9174994438315097,103405,5120,5652,2132235,132.06021344056353,1.0,0.9900991708136817,103067,338,351,550,107,0.005902678942044548
DEF_temporal_transfer,pooled,199,199,0.9041587174822899,0.0948509485094851,35,218,116,0.9811656972717454,0.9074728627634807,199,0.9169579576144292,122273,6351,6610,4092678,220.534953834489,1.0,0.9900793166004103,121832,441,369,700,166,0.005183943395786872
DE_primary,44b6,71,71,0.8968416053194016,0.06779661016949153,8,92,18,0.9885509592005769,0.9114949580918412,71,0.9182746191087904,18883,1229,943,1980130,72.0117337135598,1.0,1.0,18781,102,2,149,56,0.005753475995324719
DE_primary,6bba,128,128,0.9083209991154395,0.10756972111553785,27,126,98,0.9802489030388399,0.9085206641878574,128,0.9192776362994112,103713,5124,5344,2153557,123.91095755761489,1.0,1.0,103407,306,11,520,81,0.007680871409946
DE_primary,pooled,199,199,0.9065337631991481,0.0948509485094851,35,218,116,0.9832109431769471,0.9089837343625768,199,0.9184688292135254,122596,6353,6287,4133687,195.9226912711747,1.0,1.0,122188,408,13,669,137,0.006694814994883003
D_graph_p0.02,44b6,71,71,0.885119579006719,0.0365296803652968,8,193,18,0.9885509592005769,0.899633314038159,71,0.9032862820746888,18838,1457,988,1980130,71.91838733386248,1.0,1.0,18783,55,0,0,135,-0.00923486103877691
D_graph_p0.02,6bba,128,128,0.9021818752616158,0.09157509157509157,25,148,100,0.9802489030388399,0.9023703410765869,128,0.911527850234096,103455,5615,5602,2153557,123.77902467735112,1.0,1.0,103418,37,0,0,52,-6.891465536917885e-05
D_graph_p0.02,pooled,199,199,0.8995108675664742,0.06707317073170732,33,341,118,0.9832109431769471,0.9019418746983083,199,0.9086491917714791,122293,7072,6590,4133687,195.6974120112136,1.0,1.0,122201,92,0,0,187,-0.003124822447163278
D_graph_p0.05,44b6,71,71,0.8864974332407102,0.042682926829268296,7,138,19,0.9885509592005769,0.9010279776776698,71,0.9052962703605967,18823,1407,1003,1980130,71.53282915707678,1.0,1.0,18783,40,0,0,85,-0.007224872752868983
D_graph_p0.05,6bba,128,128,0.9022604932778461,0.09090909090909091,18,73,107,0.9802489030388399,0.9024518356281046,128,0.9115427447190136,103418,5564,5639,2153557,121.59770361799747,1.0,1.0,103418,0,0,0,1,-5.4020170451529737e-05
D_graph_p0.05,pooled,199,199,0.8997968407260736,0.06906077348066299,25,211,126,0.9832109431769471,0.9022292969037271,199,0.9091353742517934,122241,6971,6642,4133687,193.13053277507424,1.0,1.0,122201,40,0,0,86,-0.002638639966848988
D_graph_p0.1,44b6,71,71,0.8875465999716861,0.04424778761061947,5,87,21,0.9885509592005769,0.902092273081657,71,0.9065170518427189,18808,1365,1018,1980130,71.29476739699021,1.0,1.0,18783,25,0,0,43,-0.0060040912707467475
D_graph_p0.1,6bba,128,128,0.9022683650322806,0.09137055837563451,18,72,107,0.9802489030388399,0.9024597090519018,128,0.9115967648894652,103418,5563,5639,2153557,119.92439185921103,1.0,1.0,103418,0,0,0,0,0.0
D_graph_p0.1,pooled,199,199,0.8999712836220924,0.07419354838709677,23,159,128,0.9832109431769471,0.9024023769091043,199,0.909821731747814,122226,6928,6657,4133687,191.21915925620124,1.0,1.0,122201,25,0,0,43,-0.0019522824708283482
D_hgb_p0.02,44b6,71,71,0.8850044699571825,0.05806451612903226,9,129,17,0.9885509592005769,0.8995059161512977,71,0.905312367764201,18809,1427,1017,1980130,71.9714720142074,1.0,1.0,18781,28,2,1,106,-0.007208775349264673
D_hgb_p0.02,6bba,128,128,0.9022683650322806,0.09137055837563451,18,72,107,0.9802489030388399,0.9024597090519018,128,0.9115967648894652,103418,5563,5639,2153557,118.7423427561298,1.0,1.0,103418,0,0,0,0,0.0
D_hgb_p0.02,pooled,199,199,0.8995679789214929,0.07670454545454546,27,201,124,0.9832109431769471,0.9019976823025363,199,0.9096681368479909,122227,6990,6656,4133687,190.7138147703372,1.0,1.0,122199,28,2,1,106,-0.0021058773706514877
D_hgb_p0.05,44b6,71,71,0.8866465484722746,0.07964601769911504,9,87,17,0.9885509592005769,0.9011693815386201,71,0.9091339833085317,18804,1382,1022,1980130,71.76480097696185,1.0,1.0,18783,21,0,0,60,-0.0033871598049339813
D_hgb_p0.05,6bba,128,128,0.9022683650322806,0.09137055837563451,18,72,107,0.9802489030388399,0.9024597090519018,128,0.9115967648894652,103418,5563,5639,2153557,119.26175013696775,1.0,1.0,103418,0,0,0,0,0.0
D_hgb_p0.05,pooled,199,199,0.8998291957475631,0.08709677419354839,27,159,124,0.9832109431769471,0.9022582390611659,199,0.9109679164805207,122222,6945,6661,4133687,191.0265511139296,1.0,1.0,122201,21,0,0,60,-0.0008060977381216805
D_hgb_p0.1,44b6,71,71,0.887508854781582,0.07792207792207792,6,51,20,0.9885509592005769,0.9020458017900381,71,0.9098380095822459,18793,1349,1033,1980130,71.34537466987967,1.0,1.0,18783,10,0,0,27,-0.002683133531219739
D_hgb_p0.1,6bba,128,128,0.9022683650322806,0.09137055837563451,18,72,107,0.9802489030388399,0.9024597090519018,128,0.9115967648894652,103418,5563,5639,2153557,120.30496307183057,1.0,1.0,103418,0,0,0,0,0.0
D_hgb_p0.1,pooled,199,199,0.8999668618137634,0.08759124087591241,24,123,127,0.9832109431769471,0.9023951670122834,199,0.9111542910998747,122211,6912,6672,4133687,191.65033774171025,1.0,1.0,122201,10,0,0,27,-0.0006197231187676788
D_score_p0.02,44b6,71,71,0.8872017353579176,0.05384615384615385,7,104,19,0.9885509592005769,0.9017429299757025,71,0.9071275453603179,18814,1380,1012,1980130,71.5401530941017,1.0,1.0,18783,31,0,0,58,-0.005393597753147739
D_score_p0.02,6bba,128,128,0.9014328644222812,0.0891089108910891,36,279,89,0.9802489030388399,0.9016193465319808,128,0.9105302376210898,103489,5748,5568,2153557,121.37163205677643,1.0,1.0,103418,71,0,0,185,-0.0010665272683754168
D_score_p0.02,pooled,199,199,0.8992140341590018,0.08052434456928839,43,383,108,0.9832109431769471,0.9016386149037122,199,0.909691049360641,122303,7128,6580,4133687,192.91178515087813,1.0,1.0,122201,102,0,0,243,-0.0020829648580013016
D_score_p0.05,44b6,71,71,0.8879697471047033,0.08620689655172414,5,32,21,0.9885509592005769,0.9025145954544662,71,0.9111352851096386,18785,1329,1041,1980130,71.12699558585882,1.0,1.0,18783,2,0,0,7,-0.0013858580038270674
D_score_p0.05,6bba,128,128,0.9022715773679711,0.10599078341013825,23,92,102,0.9802489030388399,0.9024614206991586,128,0.9130604990401724,103431,5577,5626,2153557,123.14102036459371,1.0,1.0,103418,13,0,0,14,0.0014637341507072188
D_score_p0.05,pooled,199,199,0.900043449763972,0.10181818181818182,28,124,123,0.9832109431769471,0.9024697049633371,199,0.9126515231451553,122216,6906,6667,4133687,194.26801595045254,1.0,1.0,122201,15,0,0,21,0.0008775089265129488
D_score_p0.1,44b6,71,71,0.8882163797995082,0.09615384615384616,5,26,21,0.9885509592005769,0.902766246944152,71,0.9123816315595366,18784,1322,1042,1980130,71.1015955414623,1.0,1.0,18783,1,0,0,0,-0.00013951155392910586
D_score_p0.1,6bba,128,128,0.9022683650322806,0.09137055837563451,18,72,107,0.9802489030388399,0.9024597090519018,128,0.9115967648894652,103418,5563,5639,2153557,123.68522153934464,1.0,1.0,103418,0,0,0,0,0.0
D_score_p0.1,pooled,199,199,0.9000795474633198,0.09236947791164658,23,98,128,0.9832109431769471,0.902507457146779,199,0.9117444049379437,122202,6885,6681,4133687,194.78681708080694,1.0,1.0,122201,1,0,0,0,-2.9609280698617013e-05
D_temporal_p0.02,44b6,71,71,0.8853931527464259,0.0425531914893617,8,162,18,0.9885509592005769,0.8999091708395245,71,0.9041644899884607,18827,1438,999,1980130,71.70634978730232,1.0,1.0,18782,45,1,1,117,-0.008356653125004998
D_temporal_p0.02,6bba,128,128,0.9015490773493178,0.10752688172043011,40,247,85,0.9802489030388399,0.9017361978714554,128,0.9124888860434984,103478,5721,5579,2153557,124.72208394482732,1.0,1.0,103418,60,0,2,160,0.0008921211540332541
D_temporal_p0.02,pooled,199,199,0.899023830875759,0.08571428571428572,48,409,103,0.9832109431769471,0.9014506250130222,199,0.9100220535844508,122305,7159,6578,4133687,196.42843373212963,1.0,1.0,122200,105,1,3,277,-0.001751960634191585
D_temporal_p0.05,44b6,71,71,0.8871804546740873,0.06779661016949153,8,92,18,0.9885509592005769,0.9017167316730839,71,0.908496392690033,18810,1376,1016,1980130,71.49909258866683,1.0,1.0,18783,27,0,0,54,-0.004024750423432644
D_temporal_p0.05,6bba,128,128,0.9019419761591252,0.1067193675889328,27,128,98,0.9802489030388399,0.9021314465217426,128,0.9128033832806359,103432,5620,5625,2153557,124.28223382914439,1.0,1.0,103418,14,0,1,58,0.001206618391170755
D_temporal_p0.05,pooled,199,199,0.899638649092207,0.09433962264150944,35,220,116,0.9832109431769471,0.9020667361233641,199,0.911500698387515,122242,6996,6641,4133687,195.78132641781121,1.0,1.0,122201,41,0,1,112,-0.0002733158311273298
D_temporal_p0.1,44b6,71,71,0.8878028049298767,0.06741573033707865,6,63,20,0.9885509592005769,0.9023483210036649,71,0.9090898940373727,18801,1351,1025,1980130,71.97232110053301,1.0,1.0,18783,18,0,0,29,-0.003431249076092935
D_temporal_p0.1,6bba,128,128,0.9022034962838898,0.10747663551401869,23,89,102,0.9802489030388399,0.9023933117425439,128,0.9131409752939458,103425,5579,5632,2153557,123.54180959891528,1.0,1.0,103418,7,0,0,16,0.001544210404480606
D_temporal_p0.1,pooled,199,199,0.8999580305272691,0.09570957095709572,29,152,122,0.9832109431769471,0.9023862964429978,199,0.9119572535387074,122226,6930,6657,4133687,195.5141306994483,1.0,1.0,122201,25,0,0,45,0.00018323932006503174
EF_native_geometry_transfer_r0.98,44b6,71,71,0.9000620140247102,0.09803921568627451,5,25,21,0.9872823673234009,0.9162595673204428,71,0.9260634888890702,18868,1137,958,1940628,87.85709370533004,0.98,0.980050804745143,18769,99,14,193,8,0.013542345775604536
EF_native_geometry_transfer_r0.98,6bba,128,128,0.9116140988818916,0.09693877551020408,19,71,106,0.9792051793053721,0.9136310737641293,128,0.9233249513151497,103790,4796,5267,2110671,128.2437177845277,0.98,0.9800859693985347,103276,514,142,833,66,0.011728186425684517
EF_native_geometry_transfer_r0.98,pooled,199,199,0.9098178257773558,0.09716599190283401,24,96,127,0.9820869901057743,0.9140397871988923,199,0.9237563863891758,122658,5933,6225,4051299,216.10081148985773,0.98,0.9800691247305372,122045,613,156,1026,74,0.01198237217053344
EF_native_quality_transfer_r0.99,44b6,71,71,0.9002146434533747,0.09803921568627451,5,25,21,0.9880624351836232,0.9156609883866129,71,0.9254649099552403,18873,1139,953,1960448,89.07507720962167,0.99,0.9900602485695383,18774,99,9,191,8,0.012943766841774673
EF_native_quality_transfer_r0.99,6bba,128,128,0.9122521936951576,0.09693877551020408,19,71,106,0.9797769775423831,0.9133586101778414,128,0.9230524877288617,103859,4792,5198,2132197,128.67772542033345,0.99,0.9900815255876673,103350,509,68,829,58,0.011455722839396554
EF_native_quality_transfer_r0.99,pooled,199,199,0.910380227572804,0.09716599190283401,24,96,127,0.9827330955952879,0.9137166542915602,199,0.9234332534818437,122732,5931,6151,4092645,217.7528026299551,0.99,0.9900713334125201,122124,608,77,1020,66,0.011659239263201338
EF_risk_transfer,44b6,71,71,0.8918377088305489,0.09803921568627451,5,25,21,0.9758073863766317,0.9127149444929383,71,0.9225188660615657,18684,1124,1142,1799836,83.0733901700005,1.0,0.9089484023776216,18432,252,351,330,132,0.009997722948100085
EF_risk_transfer,6bba,128,128,0.8965638456806397,0.09693877551020408,19,71,106,0.9639924619416151,0.8990383300253825,128,0.9087322075764028,102020,4733,7037,2119048,132.42637264775112,1.0,0.9839758130386147,101349,671,2069,971,141,-0.0028645573130623436
EF_risk_transfer,pooled,199,199,0.8958290040077186,0.09716599190283401,24,96,127,0.9682078369912945,0.9011648334623373,199,0.9108814326526208,120704,5857,8179,3918884,215.49976281775162,1.0,0.9480359785344173,119781,923,2420,1301,273,-0.0008925815660215664
EF_temporal_transfer_r0.99,44b6,71,71,0.8997472218247723,0.09803921568627451,5,25,21,0.9879515022824995,0.9151870603553653,71,0.9249909819239928,18865,1141,961,1960447,88.89633640926331,0.99,0.9900597435521911,18765,100,18,192,11,0.0124698388105271
EF_temporal_transfer_r0.99,6bba,128,128,0.90955965672022,0.09693877551020408,19,71,106,0.9769183501217357,0.910654741861845,128,0.9203486194128654,103547,4786,5510,2132225,130.76962080271915,0.99,0.9900945273331516,103015,532,403,853,76,0.008751854523400215
EF_temporal_transfer_r0.99,pooled,199,199,0.90803352866998,0.09716599190283401,24,96,127,0.980854801395174,0.9113596533806763,199,0.9210762525709597,122412,5927,6471,4092672,219.66595721198246,0.99,0.9900778651117029,121780,632,421,1045,87,0.00930223835231736
E_hgb_m0.5,44b6,71,71,0.9004531361793465,0.09803921568627451,5,25,21,0.9885509592005769,0.9151540892194481,71,0.9249580107880755,18878,1139,948,1980130,71.06792149599642,1.0,1.0,18779,99,4,191,8,0.01243686767460983
E_hgb_m0.5,6bba,128,128,0.9125058186001985,0.09693877551020408,19,71,106,0.9802489030388399,0.9127138714408544,128,0.9224077489918747,103897,4802,5160,2153557,125.20089490525424,1.0,1.0,103391,506,27,820,59,0.010810984102409549
E_hgb_m0.5,pooled,199,199,0.9106316382839851,0.09716599190283401,24,96,127,0.9832109431769471,0.9130933229163202,199,0.9228099221066036,122775,5941,6108,4133687,196.26881640125066,1.0,1.0,122170,605,31,1011,67,0.011035907887961272
E_hgb_m0.5_bounds,44b6,71,71,0.9004531361793465,0.09803921568627451,5,25,21,0.9885509592005769,0.9151540892194481,71,0.9249580107880755,18878,1139,948,1980130,95.29659776668996,1.0,1.0,18779,99,4,191,8,0.01243686767460983
E_hgb_m0.5_bounds,6bba,128,128,0.9125058186001985,0.09693877551020408,19,71,106,0.9802489030388399,0.9127138714408544,128,0.9224077489918747,103897,4802,5160,2153557,137.74800405977294,1.0,1.0,103391,506,27,820,59,0.010810984102409549
E_hgb_m0.5_bounds,pooled,199,199,0.9106316382839851,0.09716599190283401,24,96,127,0.9832109431769471,0.9130933229163202,199,0.9228099221066036,122775,5941,6108,4133687,233.0446018264629,1.0,1.0,122170,605,31,1011,67,0.011035907887961272
E_hgb_m1.5,44b6,71,71,0.8978668698219218,0.09803921568627451,5,25,21,0.9885509592005769,0.9125335105259459,71,0.9223374320945733,18857,1176,969,1980130,71.7413380946964,1.0,1.0,18781,76,2,150,4,0.009816288981107646
E_hgb_m1.5,6bba,128,128,0.9086201458012056,0.09137055837563451,18,72,107,0.9802489030388399,0.9088220388217403,128,0.9179590946593037,103699,5071,5358,2153557,125.73628429602832,1.0,1.0,103405,294,13,520,28,0.006362329769838526
E_hgb_m1.5,pooled,199,199,0.9069488640568342,0.09274193548387097,23,97,128,0.9832109431769471,0.909398878374258,199,0.9186730719226451,122556,6247,6327,4133687,197.47762239072472,1.0,1.0,122186,370,15,670,32,0.006899057704002787
E_logistic_m0.5,44b6,71,71,0.8979183537369599,0.09803921568627451,5,25,21,0.9885509592005769,0.9125906009104449,71,0.9223945224790723,18850,1167,976,1980130,72.10431694798172,1.0,1.0,18775,75,8,166,11,0.009873379365606616
E_logistic_m0.5,6bba,128,128,0.9079142108996646,0.09693877551020408,19,71,106,0.9802489030388399,0.9081128849738416,128,0.9178067625248619,103672,5130,5385,2153557,126.03439009655267,1.0,1.0,103399,273,19,466,33,0.006209997635396758
E_logistic_m0.5,pooled,199,199,0.9063618878532327,0.09716599190283401,24,96,127,0.9832109431769471,0.9088082592204543,199,0.9185248584107377,122522,6297,6361,4133687,198.13870704453439,1.0,1.0,122174,348,27,632,44,0.006750844192095373
E_logistic_m1.5,44b6,71,71,0.8965123471475472,0.09803921568627451,5,25,21,0.9885509592005769,0.911165958279307,71,0.9209698798479344,18842,1191,984,1980130,72.50253829034045,1.0,1.0,18777,65,6,137,6,0.008448736734468776
E_logistic_m1.5,6bba,128,128,0.9055133944184095,0.09693877551020408,19,71,106,0.9802489030388399,0.9057099084349022,128,0.9154037859859225,103569,5319,5488,2153557,126.37883852189407,1.0,1.0,103406,163,12,263,19,0.0038070210964573636
E_logistic_m1.5,pooled,199,199,0.9041161655329301,0.09716599190283401,24,96,127,0.9832109431769471,0.90655684882015,199,0.9162734480104334,122411,6510,6472,4133687,198.88137681223452,1.0,1.0,122183,228,18,400,25,0.004499433791791074
E_native_m0.5,44b6,71,71,0.8946943428490002,0.09803921568627451,5,25,21,0.9885509592005769,0.9093237295884201,71,0.9191276511570475,18836,1227,990,1980130,72.99307256704196,1.0,1.0,18772,64,11,110,15,0.006606508043581871
E_native_m0.5,6bba,128,128,0.9087923636045188,0.09137055837563451,18,72,107,0.9802489030388399,0.9089974978178397,128,0.9181345536554031,103775,5133,5282,2153557,125.27297730371356,1.0,1.0,103390,385,28,465,35,0.006537788765937913
E_native_m0.5,pooled,199,199,0.9065977536730182,0.09274193548387097,23,97,128,0.9832109431769471,0.9090482816474355,199,0.9183224751958226,122611,6360,6272,4133687,198.26604987075552,1.0,1.0,122162,449,39,575,50,0.006548460977180204
E_native_m1.5,44b6,71,71,0.8911158493248046,0.09803921568627451,5,25,21,0.9885509592005769,0.9057011068314919,71,0.9155050284001193,18807,1279,1019,1980130,73.78038046183065,1.0,1.0,18781,26,2,46,3,0.002983885286653609
E_native_m1.5,6bba,128,128,0.9054565477699212,0.09137055837563451,18,72,107,0.9802489030388399,0.9056562537959627,128,0.9147933096335261,103596,5356,5461,2153557,122.80303975986317,1.0,1.0,103415,181,3,212,5,0.0031965447440609474
E_native_m1.5,pooled,199,199,0.9032231880635783,0.09274193548387097,23,97,128,0.9832109431769471,0.9056632390179615,199,0.9149374325663486,122403,6635,6480,4133687,196.5834202216938,1.0,1.0,122196,207,5,258,8,0.0031634183477062816
F_hgb_geometry_tracklet_r0.5,44b6,71,71,0.7858057175366235,0.027777777777777776,1,10,25,0.8914745395670679,0.8320669531890487,71,0.8348447309668264,16575,1267,3251,990250,45.10271712159738,0.5,0.500093428209259,16278,297,2505,347,292,-0.07767641214663923
F_hgb_geometry_tracklet_r0.5,6bba,128,128,0.634344648396419,0.02857142857142857,4,15,121,0.6783797264739235,0.6660109973226276,128,0.6688681401797705,71778,4096,37279,1077252,90.26701277960092,0.5,0.5002198688031011,70638,1140,32780,2454,987,-0.2427286247096947
F_hgb_geometry_tracklet_r0.5,pooled,199,199,0.6581425144883274,0.028409090909090908,5,25,146,0.7544085291352967,0.6921020412054281,199,0.6949429502963371,88353,5363,40530,2067502,135.3697299011983,0.5,0.5001593008856259,86916,1437,35285,2801,1279,-0.21683106392230522
F_hgb_geometry_tracklet_r0.7,44b6,71,71,0.8609992896045465,0.024390243902439025,1,15,25,0.9552213111125313,0.8969101715789741,71,0.899349195969218,18180,1289,1646,1386258,57.16205769777298,0.7,0.7000843378970067,18015,165,768,172,139,-0.013171947144247631
F_hgb_geometry_tracklet_r0.7,6bba,128,128,0.771712332973618,0.05732484076433121,9,32,116,0.8314183419820713,0.7948640247909873,128,0.8005965088674204,87959,4922,21098,1507779,106.30838949978352,0.7,0.7001342430221257,87329,630,16089,1218,577,-0.11100025602204477
F_hgb_geometry_tracklet_r0.7,pooled,199,199,0.7856677572653116,0.050505050505050504,10,47,141,0.8755892505663058,0.8108136923515624,199,0.8158641974020675,106139,6211,22744,2894037,163.4704471975565,0.7,0.700110337333233,105344,795,16857,1390,716,-0.09590981681657484
F_hgb_geometry_tracklet_r0.8,44b6,71,71,0.8738227081262719,0.047619047619047616,2,16,24,0.9692852902322672,0.9028418932975769,71,0.9076037980594817,18463,1303,1363,1584258,63.42135256761685,0.8,0.8000777726714913,18391,72,392,96,77,-0.004917345053984001
F_hgb_geometry_tracklet_r0.8,6bba,128,128,0.8325368065402727,0.07602339181286549,13,46,112,0.9001036742803827,0.8492553511050238,128,0.8568576902863103,95114,5189,13943,1723068,112.67904850933701,0.8,0.8001032710069899,94745,369,8673,679,305,-0.05473907460315486
F_hgb_geometry_tracklet_r0.8,pooled,199,199,0.8389806094182826,0.07042253521126761,15,62,136,0.9247865623838188,0.8576190079839634,199,0.8646612615050902,113577,6492,15306,3307326,176.10040107695386,0.8,0.8000910567249044,113136,441,9065,775,382,-0.0471127527135522
F_hgb_geometry_tracklet_r0.9,44b6,71,71,0.8841477837172997,0.06382978723404255,3,21,23,0.9823409034056295,0.9060483519954573,71,0.9124313307188615,18690,1313,1136,1782220,70.35410205740482,0.9,0.9000520167867766,18674,16,109,32,23,-8.981239460414958e-05
F_hgb_geometry_tracklet_r0.9,6bba,128,128,0.8771030689308945,0.08421052631578947,16,65,109,0.9520136241316978,0.8859932923832815,128,0.8944143450148605,100459,5478,8598,1938381,117.11296924995258,0.9,0.9000834433451262,100351,108,3067,196,111,-0.01718241987460467
F_hgb_geometry_tracklet_r0.9,pooled,199,199,0.878200686940755,0.08016877637130802,19,86,132,0.9628339097017939,0.8891180171289349,199,0.8971348947660657,119149,6791,9734,3720601,187.4670713073574,0.9,0.9000683893095921,119025,124,3176,228,134,-0.014639119452576677
F_hgb_geometry_tracklet_r0.95,44b6,71,71,0.8860927152317881,0.08333333333333333,4,22,22,0.9849925174311214,0.9043141763440284,71,0.9126475096773617,18732,1314,1094,1881201,73.09444120898843,0.95,0.9500391388444193,18725,7,58,15,7,0.00012636656389608536
F_hgb_geometry_tracklet_r0.95,6bba,128,128,0.8957317019958285,0.08762886597938144,17,69,108,0.9727129758345525,0.9003805634667627,128,0.9091434500647008,102641,5532,6416,2046050,120.19260887801647,0.95,0.9500793338648571,102607,34,811,68,37,-0.0024533148247644077
F_hgb_geometry_tracklet_r0.95,pooled,199,199,0.8942304150181611,0.08677685950413223,21,91,130,0.977094118816243,0.9009932297077679,199,0.909670915658181,121373,6846,7510,3927251,193.2870500870049,0.95,0.9500600795367429,121332,41,869,83,44,-0.002103098560461314
F_hgb_geometry_tracklet_r0.98,44b6,71,71,0.8876749905410518,0.10204081632653061,5,23,21,0.9870743476702518,0.90369571767695,71,0.9138997993096031,18769,1318,1057,1940617,75.29251038609073,0.98,0.9800452495543222,18769,0,14,4,0,0.0013786561961374177
F_hgb_geometry_tracklet_r0.98,6bba,128,128,0.901229397342268,0.09326424870466321,18,68,107,0.9789568944334398,0.9032115307369027,128,0.9125379556073691,103289,5552,5768,2110642,121.37950600404292,0.98,0.9800725033049973,103281,8,137,20,9,0.0009411907179038836
F_hgb_geometry_tracklet_r0.98,pooled,199,199,0.899118251530353,0.09504132231404959,23,91,128,0.981853071216423,0.9032869445300444,199,0.9127910767614494,122058,6870,6825,4051259,196.67201639013365,0.98,0.9800594481391552,122050,8,151,24,9,0.00101706254280709
F_hgb_geometry_tracklet_r0.99,44b6,71,71,0.8878221801844408,0.10416666666666667,5,22,21,0.9876126268600331,0.9031038246548307,71,0.9135204913214974,18773,1319,1053,1960430,76.457346085459,0.99,0.9900511582572862,18773,0,10,3,0,0.000999348208031714
F_hgb_geometry_tracklet_r0.99,6bba,128,128,0.9019080939127704,0.09278350515463918,18,69,107,0.9797978875993882,0.9029908410661219,128,0.9122691915815858,103374,5560,5683,2132203,121.14661556342617,0.99,0.9900843116759853,103368,6,50,10,7,0.0006724266921206423
F_hgb_geometry_tracklet_r0.99,pooled,199,199,0.8997142057424021,0.09504132231404959,23,91,128,0.9825860609034374,0.9030084383170703,199,0.9125125705484753,122147,6879,6736,4092633,197.60396164888516,0.99,0.9900684304351055,122141,6,60,13,7,0.0007385563298329956
F_hgb_geometry_tracklet_r0.995,44b6,71,71,0.8880219416465692,0.1,5,24,21,0.9878567106609759,0.9029366513360959,71,0.9129366513360959,18779,1321,1047,1970304,77.23786563659087,0.995,0.9950376995449793,18779,0,4,1,0,0.00041550822263025644
F_hgb_geometry_tracklet_r0.995,6bba,128,128,0.9022711210770157,0.09375,18,67,107,0.9801895373421462,0.9029002289702664,128,0.9122752289702665,103412,5556,5645,2142959,120.3701599468477,0.995,0.9950788393341806,103410,2,8,9,2,0.0006784640808012998
F_hgb_geometry_tracklet_r0.995,pooled,199,199,0.9000515615792575,0.09504132231404959,23,91,128,0.9829250614910754,0.9029059023922625,199,0.9124100346236675,122191,6877,6692,4113263,197.60802558343858,0.995,0.9950591324403614,122189,2,12,10,2,0.000636020405025195
F_hgb_quality_fork_protected_r0.5,44b6,71,71,0.7807129669081097,0.09803921568627451,5,25,21,0.8912389776535187,0.826671332205792,71,0.8364752537744194,16491,1297,3335,990304,46.10874215187505,0.5,0.5001206991460156,16116,375,2667,374,349,-0.07604588933904621
F_hgb_quality_fork_protected_r0.5,6bba,128,128,0.6030897784687136,0.09090909090909091,18,73,107,0.6457830924089533,0.6331602733358056,128,0.6422511824267146,68277,4155,40780,1077649,88.76982364431024,0.5,0.5004042149801468,66992,1285,36426,2507,1099,-0.26934558246275053
F_hgb_quality_fork_protected_r0.5,pooled,199,199,0.6310194662597238,0.09236947791164658,23,98,128,0.7333578052349037,0.6635881893406497,199,0.6728251371318144,84768,5452,44115,2067953,134.87856579618528,0.5,0.5002684044534577,83108,1660,39093,2881,1448,-0.238948877086828
F_hgb_quality_fork_protected_r0.7,44b6,71,71,0.8542327917002227,0.09803921568627451,5,25,21,0.947134692796085,0.8898978491679611,71,0.8997017707365885,18032,1283,1794,1386288,57.68753491900861,0.7,0.7000994884174271,17834,198,949,194,155,-0.012819372376877136
F_hgb_quality_fork_protected_r0.7,6bba,128,128,0.7512802525429674,0.09090909090909091,18,73,107,0.8110793140795297,0.7738336239565918,128,0.7829245330475009,85676,4983,23381,1507953,104.62900119228289,0.7,0.7002150395833497,84989,687,18429,1243,663,-0.1286722318419643
F_hgb_quality_fork_protected_r0.7,pooled,199,199,0.7673604688158995,0.09236947791164658,23,98,128,0.8596216853804112,0.7919617620115296,199,0.8011987098026943,103708,6266,25175,2894241,162.3165361112915,0.7,0.7001596879492811,102823,885,19378,1437,818,-0.1105753044159481
F_hgb_quality_fork_protected_r0.8,44b6,71,71,0.8771066085968566,0.09803921568627451,5,25,21,0.9726096036522576,0.9062308486565473,71,0.9160347702251748,18528,1298,1298,1584305,64.48634030623361,0.8,0.8001015084868165,18437,91,346,104,80,0.0035136271117091056
F_hgb_quality_fork_protected_r0.8,6bba,128,128,0.8171993179731561,0.09090909090909091,18,73,107,0.8847467982512826,0.8336185164276286,128,0.8427094255185377,93459,5308,15598,1723223,111.2079148455523,0.8,0.8001752449552066,93154,305,10264,597,342,-0.0688873393709275
F_hgb_quality_fork_protected_r0.8,pooled,199,199,0.8265394238646679,0.09236947791164658,23,98,128,0.9160948343491179,0.8449394569172897,199,0.8541764047084544,111987,6606,16896,3307528,175.6942551517859,0.8,0.8001399235113834,111591,396,10610,701,422,-0.057597609510188
F_hgb_quality_fork_protected_r0.9,44b6,71,71,0.8860603766442698,0.09803921568627451,5,25,21,0.9842839970157955,0.907981536549578,71,0.9177854581182054,18726,1308,1100,1782316,70.33405749034137,0.9,0.9001004984521218,18708,18,75,34,20,0.0052643150047397835
F_hgb_quality_fork_protected_r0.9,6bba,128,128,0.87357485814055,0.09137055837563451,18,72,107,0.9471822229393269,0.8824263198428848,128,0.8915633756804482,100068,5493,8989,1938538,117.87352082272992,0.9,0.900156345989449,99959,109,3459,189,119,-0.020033389209016983
F_hgb_quality_fork_protected_r0.9,pooled,199,199,0.8755195896347395,0.09274193548387097,23,97,128,0.9604195393183684,0.8864067740591465,199,0.8956809676075336,118794,6801,10089,3720854,188.20757831307128,0.9,0.9001295937500832,118667,127,3534,223,139,-0.016093046611108774
F_hgb_quality_fork_protected_r0.95,44b6,71,71,0.8868183323085654,0.09803921568627451,5,25,21,0.9861803705607604,0.9050493603326055,71,0.9148532819012329,18750,1317,1076,1881298,73.44741043401882,0.95,0.9500881255271119,18747,3,36,7,2,0.0023321387877672795
F_hgb_quality_fork_protected_r0.95,6bba,128,128,0.8923076923076924,0.09137055837563451,18,72,107,0.9682484081660423,0.8969274011253955,128,0.9060644569629589,102254,5538,6803,2046202,120.78874244214967,0.95,0.9501499147689149,102217,37,1201,68,43,-0.005532307926506275
F_hgb_quality_fork_protected_r0.95,pooled,199,199,0.891452651431434,0.09274193548387097,23,97,128,0.9746462439953135,0.898192504364857,199,0.9074666979132441,121004,6855,7879,3927500,194.2361528761685,0.95,0.9501203163180957,120964,40,1237,75,45,-0.004307316305398268
F_hgb_quality_fork_protected_r0.98,44b6,71,71,0.8876909254267745,0.09803921568627451,5,25,21,0.9870337149976397,0.903705405007887,71,0.9135093265765144,18772,1321,1054,1940707,74.49353592656553,0.98,0.9800907011155833,18772,0,11,1,0,0.0009881834630487418
F_hgb_quality_fork_protected_r0.98,6bba,128,128,0.9003254430125728,0.09137055837563451,18,72,107,0.9781652638902344,0.9023028697400313,128,0.9114399255775947,103189,5556,5868,2110811,120.4778791568242,0.98,0.9801509781259563,103175,14,243,22,15,-0.0001568393118704936
F_hgb_quality_fork_protected_r0.98,pooled,199,199,0.8983573954036536,0.09274193548387097,23,97,128,0.9813293846370976,0.9025213391957572,199,0.9117955327441443,121961,6877,6922,4051518,194.97141508338973,0.98,0.9801221040683535,121947,14,254,23,15,2.1518525501917907e-05
F_hgb_quality_fork_protected_r0.99,44b6,71,71,0.8879326650274257,0.09803921568627451,5,25,21,0.9881130988780199,0.9032117873407263,71,0.9130157089093537,18778,1322,1048,1960519,75.6585253556259,0.99,0.9900961048011999,18778,0,5,0,0,0.0004945657958880245
F_hgb_quality_fork_protected_r0.99,6bba,128,128,0.9019570205823074,0.09137055837563451,18,72,107,0.9797792612827141,0.9030303808801965,128,0.9121674367177599,103376,5556,5681,2132304,120.70476987259462,0.99,0.9901312108293395,103375,1,43,7,0,0.0005706718282947332
F_hgb_quality_fork_protected_r0.99,pooled,199,199,0.8997723941338087,0.09274193548387097,23,97,128,0.9827526405252603,0.903058639244729,199,0.912332832793116,122154,6878,6729,4092823,196.36329522822052,0.99,0.9901143942441699,122153,1,48,7,0,0.0005588185744737073
F_hgb_quality_fork_protected_r0.995,44b6,71,71,0.8881690940041611,0.09803921568627451,5,25,21,0.9885509592005769,0.9030801887823714,71,0.9128841103509988,18783,1322,1043,1970405,75.6353667313233,0.995,0.9950887062970613,18783,0,0,0,0,0.00036296723753315163
F_hgb_quality_fork_protected_r0.995,6bba,128,128,0.9022064404679853,0.09137055837563451,18,72,107,0.9801667431408974,0.9028293171308611,128,0.9119663729684245,103410,5562,5647,2143099,120.87734876805916,0.995,0.9951438480616023,103410,0,8,1,0,0.0003696080789593603
F_hgb_quality_fork_protected_r0.995,pooled,199,199,0.9000198870123078,0.09274193548387097,23,97,128,0.9831580966094263,0.9028683946216073,199,0.9121425881699944,122193,6884,6690,4113504,196.51271549938247,0.995,0.9951174339034378,122193,0,8,1,0,0.00036857395135203586
F_hgb_quality_node_r0.5,44b6,71,71,0.7037986704653372,0.029411764705882353,1,8,25,0.8719129354204405,0.7453438835101667,71,0.7482850599807549,14822,1234,5004,990081,42.234558385331184,0.5,0.5000080802775575,14621,201,4162,552,464,-0.16423608313271076
F_hgb_quality_node_r0.5,6bba,128,128,0.5774715249853861,0.0,0,26,125,0.6848388141969429,0.6063574366942409,128,0.6063574366942409,65200,3849,43857,1076810,84.12386921001598,0.5,0.5000146269636698,64542,658,38876,2885,1171,-0.30523932819522426
F_hgb_quality_node_r0.5,pooled,199,199,0.597330665989878,0.005405405405405406,1,34,150,0.751583852422412,0.628206671350373,199,0.6287472118909135,80022,5083,48861,2066891,126.35842759534717,0.5,0.500011490952266,79163,859,43038,3437,1635,-0.2830268023277288
F_hgb_quality_node_r0.7,44b6,71,71,0.816743260529682,0.022727272727272728,1,18,25,0.9495374037801778,0.8509154648464324,71,0.8531881921191597,17239,1281,2587,1386126,54.380648733116686,0.7,0.7000176756071571,17119,120,1664,318,277,-0.05933295099430591
F_hgb_quality_node_r0.7,6bba,128,128,0.7485737392206331,0.03529411764705882,6,45,119,0.8518729328968166,0.7711264092927129,128,0.7746558210574188,85157,4702,23900,1507544,100.14416031725705,0.7,0.700025121229668,84804,353,18614,1647,786,-0.13694094383204636
F_hgb_quality_node_r0.7,pooled,199,199,0.7592425073776934,0.03271028037383177,7,63,144,0.8867180456240461,0.7836136751386071,199,0.7868847031759904,102396,5983,26487,2893670,154.52480905037373,0.7,0.7000215546073033,101923,473,20278,1965,1063,-0.124889311042652
F_hgb_quality_node_r0.8,44b6,71,71,0.8515455146989318,0.02127659574468085,1,21,25,0.9714749161420391,0.87990856517645,71,0.882036224750918,18017,1332,1809,1584144,61.76312631648034,0.8,0.8000202006938938,17942,75,841,189,199,-0.03048491836254763
F_hgb_quality_node_r0.8,6bba,128,128,0.8238490460206308,0.05945945945945946,11,60,114,0.9179772735447924,0.8404912202833715,128,0.8464371662293175,94002,5044,15055,1722922,106.36016183206812,0.8,0.8000354761912502,93798,204,9620,1043,524,-0.06515959866014764
F_hgb_quality_node_r0.8,pooled,199,199,0.8281814888473226,0.05172413793103448,12,81,139,0.9370643721598905,0.8466571107841718,199,0.8518295245772752,112019,6376,16864,3307066,168.12328814854845,0.8,0.8000281588809216,111740,279,10461,1232,723,-0.059944489641367116
F_hgb_quality_node_r0.9,44b6,71,71,0.8769848771266541,0.0784313725490196,4,25,22,0.983709381606994,0.8987484911529848,71,0.9065916284078868,18557,1334,1269,1782158,69.14949158905074,0.9,0.9000207057112412,18529,28,254,67,79,-0.005929514705578898
F_hgb_quality_node_r0.9,6bba,128,128,0.8821754907532899,0.08762886597938144,17,69,108,0.9640083659257835,0.8912082935132083,128,0.8999711801111464,100890,5308,8167,1938275,111.75677328091115,0.9,0.900034222451507,100805,85,2613,468,213,-0.011625584778318765
F_hgb_quality_node_r0.9,pooled,199,199,0.8813650617967165,0.08571428571428572,21,94,130,0.9710373715205872,0.8923855713738073,199,0.9009569999452358,119447,6642,9436,3720433,180.9062648699619,0.9,0.9000277476257879,119334,113,2867,535,292,-0.010817014273406533
F_hgb_quality_node_r0.95,44b6,71,71,0.8839496831552066,0.09803921568627451,5,25,21,0.9858045828001485,0.9021580660077708,71,0.9119619875763982,18692,1320,1134,1881157,73.40544210514054,0.95,0.9500169180811361,18684,8,99,25,23,-0.0005591555370674239
F_hgb_quality_node_r0.95,6bba,128,128,0.8963261813069259,0.09183673469387756,18,71,107,0.9754329904191404,0.9010217202066496,128,0.9102053936760374,102641,5456,6416,2045937,116.05423309560865,0.95,0.9500268625348668,102611,30,807,214,107,-0.0013913712134278056
F_hgb_quality_node_r0.95,pooled,199,199,0.894396980664755,0.0931174089068826,23,96,128,0.9791334078013091,0.901198849393143,199,0.9105105902838313,121333,6776,7550,3927094,189.4596752007492,0.95,0.9500220989155685,121295,38,906,239,130,-0.0012634239348110476
F_hgb_quality_node_r0.98,44b6,71,71,0.8863937216338881,0.09803921568627451,5,25,21,0.9875049059228788,0.902401203698976,71,0.9122051252676034,18749,1326,1077,1940564,76.63162724860013,0.98,0.9800184836349128,18747,2,36,6,10,-0.0003160178458622154
F_hgb_quality_node_r0.98,6bba,128,128,0.9006702857442092,0.09137055837563451,18,72,107,0.9788637109452546,0.9026720378832319,128,0.9118090937207953,103197,5521,5860,2110546,118.41366071812809,0.98,0.9800279258919081,103187,10,231,72,30,0.00021232883133015523
F_hgb_quality_node_r0.98,pooled,199,199,0.8984454431592132,0.09274193548387097,23,97,128,0.9819467503593817,0.902629831409605,199,0.911904024957992,121946,6847,6937,4051110,195.0452879667282,0.98,0.9800234028362573,121934,12,267,78,40,0.0001300107393497063
F_hgb_quality_node_r0.99,44b6,71,71,0.8876069790533831,0.09803921568627451,5,25,21,0.988019212249322,0.902887720592403,71,0.9126916421610304,18772,1323,1054,1960364,76.95284036686644,0.99,0.9900178271123613,18772,0,11,1,2,0.00017049904756472056
F_hgb_quality_node_r0.99,6bba,128,128,0.9015968586387435,0.09137055837563451,18,72,107,0.9796051663108256,0.9026914971538631,128,0.9118285529914265,103323,5543,5734,2132088,118.61989834113047,0.99,0.990030911649889,103320,3,98,26,6,0.0002317881019613388
F_hgb_quality_node_r0.99,pooled,199,199,0.8994173069414876,0.09274193548387097,23,97,128,0.98260716260044,0.9027220677621304,199,0.9119962613105175,122095,6866,6788,4092452,195.5727387079969,0.99,0.990024643859102,122092,3,109,27,8,0.00022224709187512737
F_hgb_quality_node_r0.995,44b6,71,71,0.8878486997635934,0.09803921568627451,5,25,21,0.9884356866632071,0.9027623648315527,71,0.9125662864001801,18778,1324,1048,1970265,77.86083896178752,0.995,0.9950180038684329,18778,0,5,0,2,4.514328671445522e-05
F_hgb_quality_node_r0.995,6bba,128,128,0.9019578760011866,0.09137055837563451,18,72,107,0.9799734753774,0.9025977474316896,128,0.911734803269253,103377,5557,5680,2142853,118.38428029697388,0.995,0.9950296184405614,103376,1,42,8,2,0.0001380383797878748
F_hgb_quality_node_r0.995,pooled,199,199,0.8997598774343714,0.09274193548387097,23,97,128,0.9829926562884165,0.9026233923597051,199,0.9118975859080922,122155,6881,6728,4113118,196.2451192587614,0.995,0.9950240547966017,122154,1,47,8,4,0.00012357168944987507
F_hgb_quality_segment_r0.5,44b6,71,71,0.7682550239916386,0.029411764705882353,1,8,25,0.8821142348294263,0.8134482839146457,71,0.816389460385234,16171,1223,3655,990081,46.6024564714171,0.5,0.5000080802775575,15906,265,2877,396,297,-0.0961316827282317
F_hgb_quality_segment_r0.5,6bba,128,128,0.613575156069262,0.0,0,21,125,0.6732957686020954,0.644253910019529,128,0.644253910019529,69488,4194,39569,1076812,86.1690672757104,0.5,0.5000155556597758,68561,927,34857,2343,974,-0.26734285486993614
F_hgb_quality_segment_r0.5,pooled,199,199,0.6378183172002978,0.005555555555555556,1,29,150,0.747798839467123,0.6707719470717874,199,0.671327502627343,85659,5417,43224,2066893,132.7715237471275,0.5,0.5000119747818352,84467,1192,37734,2739,1271,-0.24044651159129937
F_hgb_quality_segment_r0.7,44b6,71,71,0.85153438151165,0.023809523809523808,1,16,25,0.955290985249146,0.8870534747944517,71,0.8894344271754041,17981,1290,1845,1386127,58.32248760992661,0.7,0.7000181806245045,17853,128,930,167,135,-0.023086715938061553
F_hgb_quality_segment_r0.7,6bba,128,128,0.7684376782345457,0.030303030303030304,5,40,120,0.8394755356962444,0.791552709690414,128,0.7945830127207171,87575,4908,21482,1507546,100.83210295857862,0.7,0.700026049925774,87141,434,16277,1178,523,-0.1170137521687481
F_hgb_quality_segment_r0.7,pooled,199,199,0.7814274398323968,0.028985507246376812,6,56,145,0.8807966257377319,0.8064814869125019,199,0.8093800376371395,105556,6198,23327,2893673,159.15459056850523,0.7,0.700022280351657,104994,562,17207,1345,658,-0.10239397658150284
F_hgb_quality_segment_r0.8,44b6,71,71,0.873485422188565,0.043478260869565216,2,20,24,0.9747416775405191,0.9024968508862052,71,0.9068446769731617,18455,1302,1371,1584144,65.08885293919593,0.8,0.8000202006938938,18401,54,382,89,69,-0.005676466140303926
F_hgb_quality_segment_r0.8,6bba,128,128,0.8323122702608087,0.05232558139534884,9,47,116,0.9067709524044079,0.8490826314255977,128,0.8543151895651326,95100,5203,13957,1722922,107.80963420076296,0.8,0.8000354761912502,94859,241,8559,636,276,-0.057281575324332534
F_hgb_quality_segment_r0.8,pooled,199,199,0.8387375542884156,0.05045871559633028,11,67,140,0.9310218141363872,0.8574181975670851,199,0.8624640691267181,113555,6505,15328,3307066,172.8984871399589,0.8,0.8000281588809216,113260,295,8941,725,345,-0.04930994509192421
F_hgb_quality_segment_r0.9,44b6,71,71,0.8847045465297819,0.061224489795918366,3,23,23,0.9850555846880167,0.9066162734262319,71,0.9127387224058237,18700,1311,1126,1782158,70.99120010901242,0.9,0.9000207057112412,18673,27,110,36,25,0.00021757929235799445
F_hgb_quality_segment_r0.9,6bba,128,128,0.8807513294969306,0.08376963350785341,16,66,109,0.9577975786726487,0.8897346605261063,128,0.8981116238768916,100861,5460,8196,1938275,112.74540991941467,0.9,0.900034222451507,100790,71,2628,224,121,-0.013485141012573587
F_hgb_quality_segment_r0.9,pooled,199,199,0.8813673021068306,0.07916666666666666,19,89,132,0.9675227968992373,0.892365077999015,199,0.9002817446656817,119561,6771,9322,3720433,183.7366100284271,0.9,0.9000277476257879,119463,98,2738,260,146,-0.011492269552960677
F_hgb_quality_segment_r0.95,44b6,71,71,0.8860466215896733,0.0784313725490196,4,25,22,0.986648172767959,0.9042724096627529,71,0.9121155469176548,18739,1323,1087,1881157,74.13622150151059,0.95,0.9500169180811361,18733,6,50,11,12,-0.00040559619581082007
F_hgb_quality_segment_r0.95,6bba,128,128,0.8958336969612344,0.08717948717948718,17,70,108,0.9736035093599481,0.9005052616700095,128,0.9092232103879583,102650,5529,6407,2045937,116.11079760733992,0.95,0.9500268625348668,102619,31,799,85,51,-0.0023735545015068915
F_hgb_quality_segment_r0.95,pooled,199,199,0.8943087633992707,0.08536585365853659,21,95,130,0.9782576355004946,0.9010922245970258,199,0.9096288099628794,121389,6852,7494,3927094,190.2470191088505,0.95,0.9500220989155685,121352,37,849,96,63,-0.0021452042557629225
F_hgb_quality_segment_r0.98,44b6,71,71,0.8874331930189661,0.09803921568627451,5,25,21,0.9873470266488722,0.9034519176548854,71,0.9132558392235128,18763,1317,1063,1940564,77.19652079977095,0.98,0.9800184836349128,18760,3,23,6,1,0.0007346961100471727
F_hgb_quality_segment_r0.98,6bba,128,128,0.9008210381202503,0.09137055837563451,18,72,107,0.978627983921395,0.9028137079403827,128,0.9119507637779461,103244,5554,5813,2110546,118.55636351555586,0.98,0.9800279258919081,103234,10,184,23,14,0.0003539988884809775
F_hgb_quality_segment_r0.98,pooled,199,199,0.8987359488486527,0.09274193548387097,23,97,128,0.9817387981608467,0.9029131058807287,199,0.9121872994291158,122007,6871,6876,4051110,195.7528843153268,0.98,0.9800234028362573,121994,13,207,29,15,0.00041328521047345745
F_hgb_quality_segment_r0.99,44b6,71,71,0.8880272366181199,0.09803921568627451,5,25,21,0.9879179476481161,0.9033137129453142,71,0.9131176345139416,18780,1322,1046,1960364,77.07058526901528,0.99,0.9900178271123613,18779,1,4,1,1,0.000596491400475907
F_hgb_quality_segment_r0.99,6bba,128,128,0.9017205877220535,0.09137055837563451,18,72,107,0.9796021779429379,0.9028131084885189,128,0.9119501643260823,103348,5555,5709,2132088,118.95907806418836,0.99,0.990030911649889,103344,4,74,12,4,0.00035339943661716333
F_hgb_quality_segment_r0.99,pooled,199,199,0.8995875073659398,0.09274193548387097,23,97,128,0.9825691108528256,0.9028910900961522,199,0.9121652836445393,122128,6877,6755,4092452,196.02966333320364,0.99,0.990024643859102,122123,5,78,13,5,0.00039126942589695624
F_hgb_quality_segment_r0.995,44b6,71,71,0.8881690940041611,0.09803921568627451,5,25,21,0.9885509592005769,0.9030870568464925,71,0.9128909784151199,18783,1322,1043,1970265,76.57060971530154,0.995,0.9950180038684329,18782,1,1,1,1,0.00036983530165424217
F_hgb_quality_segment_r0.995,6bba,128,128,0.9019691668775138,0.09137055837563451,18,72,107,0.9799068696892645,0.9026123223761987,128,0.9117493782137621,103381,5560,5676,2142853,119.20015869522467,0.995,0.9950296184405614,103378,3,40,7,4,0.0001526133242969463
F_hgb_quality_segment_r0.995,pooled,199,199,0.8998195411188451,0.09274193548387097,23,97,128,0.9829909418264664,0.9026862713658336,199,0.9119604649142207,122164,6882,6719,4113118,195.77076841052622,0.995,0.9950240547966017,122160,4,41,8,5,0.00018645069557832183
F_hgb_quality_tracklet_r0.5,44b6,71,71,0.7851451337507115,0.02857142857142857,1,9,25,0.8891299865524199,0.831339402340611,71,0.8341965451977539,16554,1258,3272,990299,45.76393469423056,0.5,0.5001181740592789,16202,352,2581,388,324,-0.07832459791571178
F_hgb_quality_tracklet_r0.5,6bba,128,128,0.6078890410353814,0.02112676056338028,3,17,122,0.6505512440688132,0.6382283692881535,128,0.6403410453444915,68810,4138,40247,1077360,87.95104175526649,0.5,0.5002700183928264,67502,1308,35916,2540,1115,-0.27125571954497363
F_hgb_quality_tracklet_r0.5,pooled,199,199,0.6357211477595156,0.022598870056497175,4,26,147,0.735672302944874,0.6685499610551312,199,0.6708098480607809,85364,5396,43519,2067659,133.71497644949704,0.5,0.5001972815068001,83704,1660,38497,2928,1439,-0.24096416615786143
F_hgb_quality_tracklet_r0.7,44b6,71,71,0.8583005544760912,0.02631578947368421,1,12,25,0.9497906651296885,0.8941272894721385,71,0.8967588684195069,18111,1275,1715,1386252,58.06273365812376,0.7,0.7000813077929227,17924,187,859,207,160,-0.015762274693958744
F_hgb_quality_tracklet_r0.7,6bba,128,128,0.7558213981880213,0.05128205128205128,8,31,117,0.8165185879912199,0.7785310293319502,128,0.7836592344601553,86178,4962,22879,1507785,102.70978180458769,0.7,0.7001370291104438,85529,649,17889,1244,643,-0.1279375304293099
F_hgb_quality_tracklet_r0.7,pooled,199,199,0.7718250444049733,0.04639175257731959,9,43,142,0.8640679220456484,0.7965831066352222,199,0.8012222818929542,104289,6237,24594,2894037,160.77251546271145,0.7,0.700110337333233,103453,836,18748,1451,803,-0.11055173232568816
F_hgb_quality_tracklet_r0.8,44b6,71,71,0.877190489722459,0.024390243902439025,1,15,25,0.973884920237724,0.9063120035747851,71,0.908751027965029,18521,1288,1305,1584259,65.04542320175096,0.8,0.8000782776888387,18433,88,350,119,85,-0.0037701151484366147
F_hgb_quality_tracklet_r0.8,6bba,128,128,0.8201142437257801,0.05917159763313609,10,44,115,0.8876168371155813,0.8366011942954737,128,0.8425183540587874,93753,5260,15304,1723111,109.09974147053435,0.8,0.8001232379732693,93467,286,9951,621,318,-0.06907841083067778
F_hgb_quality_tracklet_r0.8,pooled,199,199,0.829012559901352,0.05238095238095238,11,59,140,0.9183959019481046,0.8474692675366325,199,0.8527073627747278,112274,6548,16609,3307370,174.14516467228532,0.8,0.8001017009754247,111900,374,10301,740,403,-0.05906665144391454
F_hgb_quality_tracklet_r0.9,44b6,71,71,0.8844989117062553,0.021739130434782608,1,20,25,0.9826290026596954,0.9064111959833939,71,0.9085851090268722,18693,1308,1133,1782215,71.55564368702471,0.9,0.9000494917000399,18673,20,110,42,28,-0.003936034086593487
F_hgb_quality_tracklet_r0.9,6bba,128,128,0.874980355178375,0.07065217391304347,13,59,112,0.9490099369114933,0.8838612339113148,128,0.8909264513026192,100215,5477,8842,1938407,113.47405913332477,0.9,0.9000955163945046,100107,108,3311,201,115,-0.020670313586846012
F_hgb_quality_tracklet_r0.9,pooled,199,199,0.8764631305834832,0.06086956521739131,14,79,137,0.9610046789623594,0.8873740069928913,199,0.8934609635146304,118908,6785,9975,3720622,185.02970282034948,0.9,0.9000734695200677,118780,128,3421,243,143,-0.0183130507040119
F_hgb_quality_tracklet_r0.95,44b6,71,71,0.8866237820452181,0.08163265306122448,4,23,22,0.9861458598673976,0.9048616746057057,71,0.9130249399118281,18745,1316,1081,1881212,74.90776133490726,0.95,0.9500446940352401,18741,4,42,12,6,0.0005037967983624325
F_hgb_quality_tracklet_r0.95,6bba,128,128,0.8925077453418859,0.08376963350785341,16,66,109,0.9683607076935506,0.8971407914099971,128,0.9055177547607824,102268,5528,6789,2046038,115.50186209613457,0.95,0.9500737616882209,102231,37,1187,78,43,-0.006079010128682727
F_hgb_quality_tracklet_r0.95,pooled,199,199,0.8915912088235944,0.08333333333333333,20,89,131,0.9747061639967824,0.8983434623046876,199,0.906676795638021,121013,6844,7870,3927250,190.40962343104184,0.95,0.9500598376219583,120972,41,1229,90,49,-0.005097218580621399
F_hgb_quality_tracklet_r0.98,44b6,71,71,0.8875124119343705,0.1,5,24,21,0.9869724780104995,0.9035294587853351,71,0.9135294587853351,18770,1323,1056,1940603,77.32035069866106,0.98,0.9800381793114593,18770,0,13,3,4,0.0010083156718694308
F_hgb_quality_tracklet_r0.98,6bba,128,128,0.9005383615311455,0.09326424870466321,18,68,107,0.9783763806523628,0.9025230781636095,128,0.9118495030340759,103208,5550,5849,2110665,116.60226644063368,0.98,0.9800831833102165,103191,17,227,31,18,0.0002527381446106869
F_hgb_quality_tracklet_r0.98,pooled,199,199,0.8985090898376499,0.09465020576131687,23,92,128,0.9814433299610447,0.9026798590334708,199,0.9121448796096026,121978,6873,6905,4051268,193.92261713929474,0.98,0.9800616253722161,121961,17,240,34,22,0.00037086539096020665
F_hgb_quality_tracklet_r0.99,44b6,71,71,0.8879273655837707,0.1,5,24,21,0.9880518618908795,0.9032122621184627,71,0.9132122621184627,18777,1321,1049,1960410,77.10865844972432,0.99,0.9900410579103393,18777,0,6,1,0,0.0006911190049970761
F_hgb_quality_tracklet_r0.99,6bba,128,128,0.9020251110277373,0.09230769230769231,18,70,107,0.9798367061356553,0.9031065102544893,128,0.9123372794852586,103382,5554,5675,2132174,118.19249654561281,0.99,0.9900708455824481,103381,1,37,9,0,0.0007405145957933845
F_hgb_quality_tracklet_r0.99,pooled,199,199,0.8998291076768956,0.09387755102040816,23,94,128,0.9827677416061122,0.90312298320391,199,0.9125107383059509,122159,6875,6724,4092584,195.30115499533713,0.99,0.9900565766106626,122158,1,43,10,0,0.0007367240873085157
F_hgb_quality_tracklet_r0.995,44b6,71,71,0.8881690940041611,0.09803921568627451,5,25,21,0.9885509592005769,0.9030858439203205,71,0.912889765488948,18783,1322,1043,1970298,77.35303681669757,0.995,0.9950346694408952,18783,0,0,0,0,0.00036862237548229704
F_hgb_quality_tracklet_r0.995,6bba,128,128,0.9022134587364876,0.09230769230769231,18,70,107,0.9801503303257713,0.9028440220153557,128,0.912074791246125,103409,5560,5648,2142954,118.81881720665842,0.995,0.9950765175939156,103407,2,11,5,2,0.00047802635665983306
F_hgb_quality_tracklet_r0.995,pooled,199,199,0.900025779840165,0.09349593495934959,23,95,128,0.9831475396228125,0.9028816904103484,199,0.9122312839062834,122192,6882,6691,4113252,196.171854023356,0.995,0.9950564713777313,122190,2,11,5,2,0.0004572696876410376
F_logistic_quality_tracklet_r0.5,44b6,71,71,0.6638495869338145,0.03571428571428571,1,2,25,0.734903866076745,0.7028081344926785,71,0.7063795630641071,13982,1236,5844,990209,47.47532993089408,0.5,0.5000727224980178,13133,849,5650,819,733,-0.20614158004935856
F_logistic_quality_tracklet_r0.5,6bba,128,128,0.5879849214214923,0.022900763358778626,3,6,122,0.6235397410970788,0.6173554632556844,128,0.6196455395915622,66447,3951,42610,1077776,87.91661515133455,0.5,0.5004631871828793,64887,1560,38531,2956,1344,-0.29195122529790296
F_logistic_quality_tracklet_r0.5,pooled,199,199,0.599903035727605,0.025157232704402517,4,8,147,0.6632726701099245,0.6307798248697186,199,0.6332955481401589,80429,5187,48454,2067985,135.39194508222863,0.5,0.5002761457265632,78020,2409,44181,3775,2077,-0.2784784660784835
F_logistic_quality_tracklet_r0.7,44b6,71,71,0.7914229099830157,0.03333333333333333,1,4,25,0.8874191152106689,0.8247222280365235,71,0.8280555613698568,16775,1370,3051,1386206,58.929450559895486,0.7,0.7000580769949448,16097,678,2686,518,566,-0.08446558174360885
F_logistic_quality_tracklet_r0.7,6bba,128,128,0.7513765576836947,0.061224489795918366,9,22,116,0.8052671810441827,0.7739567730908006,128,0.7800792220703924,85560,4814,23497,1508062,103.74293945496902,0.7,0.700265653521128,84397,1163,19021,1690,941,-0.1315175428190728
F_logistic_quality_tracklet_r0.7,pooled,199,199,0.7576610126825946,0.05649717514124294,10,26,141,0.8345776701186576,0.7819233717642705,199,0.7875730892783948,102335,6184,26548,2894268,162.6723900148645,0.7,0.7001662196484639,100494,1841,21707,2208,1507,-0.12420092494024759
F_logistic_quality_tracklet_r0.8,44b6,71,71,0.8385072655217966,0.08571428571428572,3,9,23,0.9356309650268375,0.8664778089981642,71,0.8750492375695927,17773,1370,2053,1584224,65.58457573130727,0.8,0.8000606020816815,17208,565,1575,366,414,-0.03747190554387292
F_logistic_quality_tracklet_r0.8,6bba,128,128,0.8162918444407454,0.06289308176100629,10,34,115,0.8781225106477942,0.8327329216490738,128,0.8390222298251744,93174,5086,15883,1723186,109.44658313784748,0.8,0.8001580640772452,92344,830,11074,1078,601,-0.07257453506429079
F_logistic_quality_tracklet_r0.8,pooled,199,199,0.8197710933286044,0.06701030927835051,13,43,138,0.8986406024111716,0.8380178478880094,199,0.8447188788158444,110947,6456,17936,3307410,175.03115886915475,0.8,0.8001113775668066,109552,1395,12649,1444,1015,-0.06705513540279795
F_logistic_quality_tracklet_r0.9,44b6,71,71,0.8729574005856239,0.0975609756097561,4,15,22,0.9717251432387994,0.8946030414756181,71,0.9043591390365937,18484,1348,1342,1782224,70.3807719941251,0.9,0.900054036856166,18222,262,561,180,206,-0.008162004076871954
F_logistic_quality_tracklet_r0.9,6bba,128,128,0.8714514281717478,0.08522727272727272,15,51,110,0.9414170924446555,0.8803044978489645,128,0.8888272251216918,99674,5320,9383,1938435,114.29404029203579,0.9,0.9001085181399888,99394,280,4024,420,177,-0.022769539767773406
F_logistic_quality_tracklet_r0.9,pooled,199,199,0.8716866714373188,0.08755760368663594,19,66,132,0.9522305176023651,0.8825380288649715,199,0.891293789233635,118158,6668,10725,3720659,184.6748122861609,0.9,0.900082420367096,117616,542,4585,600,383,-0.020480224985007345
F_logistic_quality_tracklet_r0.95,44b6,71,71,0.8837517137049118,0.10869565217391304,5,20,21,0.98316554080669,0.9019610153104982,71,0.9128305805278896,18694,1327,1132,1881214,73.55612066946924,0.95,0.9500457040699348,18568,126,215,96,101,0.0003094374144239076
F_logistic_quality_tracklet_r0.95,6bba,128,128,0.8914005815019515,0.0851063829787234,16,63,109,0.9656762009739316,0.896028129619988,128,0.9045387679178604,102093,5474,6964,2046035,116.75341721391305,0.95,0.9500723686440619,101997,96,1421,152,63,-0.0070579969716048074
F_logistic_quality_tracklet_r0.95,pooled,199,199,0.8902081306565255,0.08974358974358974,21,83,130,0.9719161161906444,0.8969530605699259,199,0.9059274195442848,120787,6801,8096,3927249,190.3095378833823,0.95,0.9500595957071738,120565,222,1636,248,164,-0.0058465946743575525
F_logistic_quality_tracklet_r0.98,44b6,71,71,0.8867451647987894,0.10638297872340426,5,21,21,0.9868745709485849,0.9027572587231424,71,0.9133955565954828,18752,1321,1074,1940633,74.953867001459,0.98,0.9800533298318798,18694,58,89,48,47,0.0008744134820171112
F_logistic_quality_tracklet_r0.98,6bba,128,128,0.8995270010821378,0.09278350515463918,18,69,107,0.9760567809171734,0.9015039779723634,128,0.9107823284878273,103075,5531,5982,2110651,119.55577030032873,0.98,0.9800766824374744,103053,22,365,50,18,-0.0008144364016379191
F_logistic_quality_tracklet_r0.98,pooled,199,199,0.89753563929716,0.0954356846473029,23,90,128,0.9799163944459683,0.9016992343766564,199,0.9112428028413867,121827,6852,7056,4051284,194.50963730178773,0.98,0.9800654960087689,121747,80,454,98,65,-0.000531211377255647
F_logistic_quality_tracklet_r0.99,44b6,71,71,0.8874497754667927,0.10416666666666667,5,22,21,0.9882352424752118,0.9027195786636508,71,0.9131362453303175,18774,1329,1052,1960408,76.03133755084127,0.99,0.9900400478756445,18743,31,40,23,30,0.0006151022168517928
F_logistic_quality_tracklet_r0.99,6bba,128,128,0.9015043104952707,0.09278350515463918,18,69,107,0.9787476252327753,0.9025854827984181,128,0.911863833313882,103316,5547,5741,2132193,120.04942890116945,0.99,0.9900796681954552,103306,10,112,24,8,0.00026706842441681644
F_logistic_quality_tracklet_r0.99,pooled,199,199,0.8993142259445046,0.09504132231404959,23,91,128,0.9821326545001773,0.9026063786361084,199,0.9121105108675134,122090,6876,6793,4092601,196.08076645201072,0.99,0.990060689162,122049,41,152,47,38,0.0003364966488710319
F_logistic_quality_tracklet_r0.995,44b6,71,71,0.8880851063829788,0.1,5,24,21,0.9885509592005769,0.9029967985074202,71,0.9129967985074202,18783,1324,1043,1970316,76.28103270567954,0.995,0.9950437597531475,18768,15,15,15,17,0.0004756553939545549
F_logistic_quality_tracklet_r0.995,6bba,128,128,0.9019325568206604,0.09326424870466321,18,68,107,0.979773418563874,0.9025624077370304,128,0.9118888326074968,103375,5558,5682,2142951,120.29771408298984,0.995,0.9950751245497566,103369,6,49,8,3,0.0002920677180315856
F_logistic_quality_tracklet_r0.995,pooled,199,199,0.8997753471071337,0.09465020576131687,23,92,128,0.9829051039166674,0.9026300788215791,199,0.9120950993977108,122158,6882,6725,4113267,196.57874678866938,0.995,0.9950601000994995,122137,21,64,23,20,0.000321085179068481
F_risk_r0.5,44b6,71,71,0.6525516259197721,0.09615384615384616,5,26,21,0.7784042317975088,0.6904923336992245,71,0.700107718314609,13746,1239,6080,990196,51.60718689020723,0.5,0.5000661572725024,13046,700,5737,745,662,-0.2124134247988566
F_risk_r0.5,6bba,128,128,0.6103579103764825,0.09090909090909091,18,73,107,0.6572202740043445,0.6408244674248692,128,0.6499153765157782,69015,4016,40042,1077068,89.47144020022824,0.5,0.500134428761347,67666,1349,35752,2769,1222,-0.26168138837368693
F_risk_r0.5,pooled,199,199,0.6169840015506419,0.092,23,99,128,0.700456761458187,0.6486242974735451,199,0.6578242974735451,82761,5255,46122,2067264,141.07862709043548,0.5,0.5001017251669031,80712,2049,41489,3514,1884,-0.25394971674509725
F_risk_r0.7,44b6,71,71,0.7716914366595895,0.09803921568627451,5,25,21,0.8989860682070183,0.8038008461068478,71,0.8136047676754752,16356,1369,3470,1386253,68.12956536142156,0.7,0.70008181281027,15770,586,3013,485,532,-0.09891637543799048
F_risk_r0.7,6bba,128,128,0.744193605059733,0.09137055837563451,18,72,107,0.8074420652944713,0.766584972039779,128,0.7757220278773425,84719,4783,24338,1507809,109.15046508004889,0.7,0.700148173463716,83813,906,19605,1653,873,-0.13587473701212271
F_risk_r0.7,pooled,199,199,0.7485096456474247,0.09274193548387097,23,97,128,0.8401034934692996,0.7724263498370281,199,0.7817005433854152,101075,6152,27808,2894062,177.28003044147044,0.7,0.7001163852028468,99583,1492,22618,2138,1405,-0.13007347083322718
F_risk_r0.8,44b6,71,71,0.8290485400254729,0.09803921568627451,5,25,21,0.9449678326099296,0.856683484799841,71,0.8664874063684684,17575,1373,2251,1584298,75.67036292050034,0.8,0.8000979733653851,17202,373,1581,323,374,-0.04603373674499722
F_risk_r0.8,6bba,128,128,0.7975581558295964,0.09137055837563451,18,72,107,0.8668223287759506,0.8135588999056474,128,0.8226959557432109,91062,5119,17995,1723176,118.95504678646103,0.8,0.8001534205967151,90421,641,12997,1045,601,-0.08890080914625431
F_risk_r0.8,pooled,199,199,0.8024893813481071,0.09274193548387097,23,97,128,0.8947033879327972,0.8203119789466226,199,0.8295861724950097,108637,6492,20246,3307474,194.62540970696136,0.8,0.8001268601130177,107623,1014,14578,1368,975,-0.08218784172363269
F_risk_r0.9,44b6,71,71,0.872837288456084,0.09803921568627451,5,25,21,0.9731935731443112,0.8946266318237535,71,0.9044305533923809,18464,1328,1362,1782290,83.06729324068874,0.9,0.9000873680010908,18291,173,492,149,155,-0.008090589721084784
F_risk_r0.9,6bba,128,128,0.8500393184796855,0.09137055837563451,18,72,107,0.922836845120828,0.8586632927979736,128,0.867800348635537,97287,5393,11770,1938507,124.71805882221088,0.9,0.9001419511998057,96969,318,6449,515,345,-0.04379641625392816
F_risk_r0.9,pooled,199,199,0.8535957641367511,0.09274193548387097,23,97,128,0.9408033159231762,0.864273514279282,199,0.8735477078276691,115751,6721,13132,3720797,207.78535206289962,0.9,0.9001158046073638,115260,491,6941,664,500,-0.03822630639097324
F_risk_r0.95,44b6,71,71,0.8805046305046305,0.09803921568627451,5,25,21,0.9815407730755198,0.898710558761211,71,0.9085144803298384,18635,1338,1191,1881295,86.76288047945127,0.95,0.9500866104750698,18534,101,249,82,98,-0.004006662783627268
F_risk_r0.95,6bba,128,128,0.8776943231441048,0.09137055837563451,18,72,107,0.9526882197741147,0.8822625577807307,128,0.8913996136182941,100496,5443,8561,2046167,128.86753235384822,0.95,0.9501336625870594,100279,217,3139,283,163,-0.020197151271171054
F_risk_r0.95,pooled,199,199,0.8781327397098715,0.09274193548387097,23,97,128,0.9629823468313999,0.8848284963698249,199,0.894102689918212,119131,6781,9752,3927462,215.6304128332995,0.95,0.9501111235562828,118813,318,3388,365,261,-0.01767132430043039
F_risk_r0.98,44b6,71,71,0.8876489502553433,0.09803921568627451,5,25,21,0.9880852876623266,0.9036695818733369,71,0.9134735034419643,18772,1322,1054,1940701,89.01458352385089,0.98,0.9800876710114993,18734,38,49,27,27,0.0009523603284986581
F_risk_r0.98,6bba,128,128,0.8907494063416679,0.09137055837563451,18,72,107,0.967270791020806,0.892738199734118,128,0.9018752555716815,102030,5487,7027,2110792,129.09167267382145,0.98,0.980142155512949,101876,154,1542,177,101,-0.009721509317783705
F_risk_r0.98,pooled,199,199,0.8902661910797983,0.09274193548387097,23,97,128,0.974697068717027,0.8944418880096258,199,0.9037160815580129,120802,6809,8081,4051493,218.10625619767234,0.98,0.9801160561987398,120610,192,1591,204,128,-0.008057932660629485
F_risk_r0.99,44b6,71,71,0.8879012812632973,0.09803921568627451,5,25,21,0.9883165461865451,0.9031819934119789,71,0.9129859149806063,18780,1325,1046,1960513,89.46143211331218,0.99,0.9900930746971158,18772,8,11,10,13,0.00046477186714066754
F_risk_r0.99,6bba,128,128,0.893548893697215,0.09137055837563451,18,72,107,0.9714883711372281,0.8946451927972726,128,0.903782248634836,102415,5559,6642,2132331,129.4264057460241,0.99,0.9901437482267709,102305,110,1113,89,85,-0.007814516254629145
F_risk_r0.99,pooled,199,199,0.892669058018517,0.09274193548387097,23,97,128,0.9774923933910045,0.8959751321035963,199,0.9052493256519833,121195,6884,7688,4092844,218.8878378593363,0.99,0.9901194744546454,121077,118,1124,99,98,-0.006524688566658998
F_risk_r0.995,44b6,71,71,0.8883896902340979,0.09803921568627451,5,25,21,0.9885509592005769,0.9033045778268542,71,0.9131084993954817,18785,1319,1041,1970370,90.90092904213816,0.995,0.9950710306899042,18781,4,2,3,0,0.000587356282016005
F_risk_r0.995,6bba,128,128,0.8989756208226445,0.09137055837563451,18,72,107,0.9764206390978942,0.899594710244072,128,0.9087317660816354,103028,5549,6029,2143111,128.99008402507752,0.995,0.9951494202382384,102967,61,451,56,42,-0.002864998807829755
F_risk_r0.995,pooled,199,199,0.897326723191726,0.09274193548387097,23,97,128,0.9807485422501075,0.9001725708125977,199,0.9094467643609848,121813,6868,7070,4113481,219.89101306721568,0.995,0.9951118698633932,121748,65,453,59,42,-0.002327249857657532
F_risk_threshold,44b6,71,71,0.8806040808597264,0.09803921568627451,5,25,21,0.9768506023416565,0.9012097434427387,71,0.9110136650113662,18601,1297,1225,1800971,82.38394154142588,1.0,0.9095215970668592,18461,140,322,137,112,-0.001507478102099502
F_risk_threshold,6bba,128,128,0.8852513400729838,0.09137055837563451,18,72,107,0.9624342087477331,0.887764059906927,128,0.8969011157444904,101402,5489,7655,2118288,131.46649675024673,1.0,0.9836229085183257,101250,152,2168,154,80,-0.014695649144974787
F_risk_threshold,pooled,199,199,0.8845277845344184,0.09274193548387097,23,97,128,0.9675777461606404,0.8898574870960929,199,0.89913168064448,120003,6786,8880,3919259,213.85043829167262,1.0,0.9481266965786234,119711,292,2490,291,192,-0.012642333574162334
F_temporal_fork_protected_r0.5,44b6,71,71,0.6389963211017828,0.09803921568627451,5,25,21,0.7643688269787383,0.6762679657889877,71,0.6860718873576152,13548,1376,6278,990243,53.681570804677904,0.5,0.5000898930878276,12819,729,5964,617,671,-0.2264492557558505
F_temporal_fork_protected_r0.5,6bba,128,128,0.5213867627194957,0.09045226130653267,18,74,107,0.5573697302017458,0.5475604083332481,128,0.5566056344639014,59058,4214,49999,1077146,95.66665674513206,0.5,0.5001706479094818,57411,1647,46007,2891,1542,-0.35499113042556374
F_temporal_fork_protected_r0.5,pooled,199,199,0.5399299487629486,0.092,23,99,128,0.6312236793030849,0.5678533863524534,199,0.5770533863524534,72606,5590,56277,2067389,149.34822754980996,0.5,0.5001319645149718,70230,2376,51971,3508,2213,-0.33472062786618895
F_temporal_fork_protected_r0.7,44b6,71,71,0.800736787417938,0.09803921568627451,5,25,21,0.9007547090818849,0.8338848966877359,71,0.8436888182563633,16954,1347,2872,1386265,68.3673587301746,0.7,0.7000878730184382,16485,469,2298,322,347,-0.06883232485710233
F_temporal_fork_protected_r0.7,6bba,128,128,0.7042701353304428,0.09090909090909091,18,73,107,0.7609148022160886,0.7256355541457834,128,0.7347264632366924,80403,5108,28654,1507762,115.40595918381587,0.7,0.7001263491052245,79058,1345,24360,1738,1283,-0.17687030165277273
F_temporal_fork_protected_r0.7,pooled,199,199,0.7193618939248401,0.09236947791164658,23,98,128,0.8108074323038853,0.7425706598045101,199,0.7518076075956748,97357,6455,31526,2894027,183.77331791399047,0.7,0.7001079181853875,95543,1814,26658,2060,1630,-0.15996640662296757
F_temporal_fork_protected_r0.8,44b6,71,71,0.844498060365219,0.09803921568627451,5,25,21,0.9419142353923844,0.8723753184292553,71,0.8821792399978827,17851,1312,1975,1584261,74.941253780853,0.8,0.8000792877235333,17549,302,1234,211,201,-0.030341903115582936
F_temporal_fork_protected_r0.8,6bba,128,128,0.7859958225182,0.09137055837563451,18,72,107,0.8507650732277495,0.8019396170265689,128,0.8110766728641323,89936,5366,19121,1723178,123.40625682566315,0.8,0.8001543492928211,89015,921,14403,1099,902,-0.10052009202533285
F_temporal_fork_protected_r0.8,pooled,199,199,0.795118064930179,0.09274193548387097,23,97,128,0.8832856285729208,0.8129226420577357,199,0.8221968356061228,107787,6678,21096,3307439,198.34751060651615,0.8,0.8001183930955585,106564,1223,15637,1310,1103,-0.08957717861251957
F_temporal_fork_protected_r0.9,44b6,71,71,0.862784977769369,0.09803921568627451,5,25,21,0.9592942922100178,0.883975367694805,71,0.8937792892634324,18241,1316,1585,1782298,84.80537176085636,0.9,0.9000914081398697,18107,134,676,108,102,-0.01874185385003324
F_temporal_fork_protected_r0.9,6bba,128,128,0.8537026203428013,0.09137055837563451,18,72,107,0.9261891847874191,0.8624402545317135,128,0.8715773103692769,97772,5470,11285,1938540,131.13510028319433,0.9,0.9001572746855551,97332,440,6086,494,401,-0.04001945452018829
F_temporal_fork_protected_r0.9,pooled,199,199,0.8551179709439887,0.09274193548387097,23,97,128,0.9380005547723663,0.8657961822859837,199,0.8750703758343708,116013,6786,12870,3720838,215.9404720440507,0.9,0.9001257231135303,115439,574,6762,602,503,-0.0367036383842716
F_temporal_fork_protected_r0.95,44b6,71,71,0.877783556333034,0.09803921568627451,5,25,21,0.973678168016862,0.895728042397746,71,0.9055319639663734,18566,1325,1260,1881276,89.08294740878046,0.95,0.9500770151454703,18522,44,261,49,52,-0.006989179147092295
F_temporal_fork_protected_r0.95,6bba,128,128,0.881876570790282,0.09137055837563451,18,72,107,0.9579389748057907,0.886476996648633,128,0.8956140524861964,101056,5535,8001,2046228,131.62438628543168,0.95,0.9501619878182932,100830,226,2588,205,177,-0.015982712403268762
F_temporal_fork_protected_r0.95,pooled,199,199,0.881238811577761,0.09274193548387097,23,97,128,0.9635544658509468,0.8879184622758806,199,0.8971926558242677,119622,6860,9261,3927504,220.70733369421214,0.95,0.9501212839772338,119352,270,2849,254,229,-0.014581358394374688
F_temporal_fork_protected_r0.98,44b6,71,71,0.8867085914227623,0.09803921568627451,5,25,21,0.9866318663191072,0.9027081070628714,71,0.9125120286314988,18753,1323,1073,1940700,88.19963054684922,0.98,0.9800871659941519,18739,14,44,12,13,-9.114481966832066e-06
F_temporal_fork_protected_r0.98,6bba,128,128,0.8952838008812879,0.09137055837563451,18,72,107,0.9725638602955495,0.8972534224982953,128,0.9063904783358587,102604,5548,6453,2110830,131.09345741476864,0.98,0.9801598007389635,102518,86,900,85,70,-0.005206286553606443
F_temporal_fork_protected_r0.98,pooled,199,199,0.8939478763056705,0.09274193548387097,23,97,128,0.9775830986255626,0.8981032031593161,199,0.9073773967077032,121357,6871,7526,4051530,219.29308796161786,0.98,0.9801250070457681,121257,100,944,97,83,-0.004396617510939116
F_temporal_fork_protected_r0.99,44b6,71,71,0.8875124119343705,0.09803921568627451,5,25,21,0.9879515022824995,0.9027880278795626,71,0.91259194944819,18770,1323,1056,1960494,88.42103880830109,0.99,0.9900834793675163,18769,1,14,1,2,7.080633472433817e-05
F_temporal_fork_protected_r0.99,6bba,128,128,0.8998394499415389,0.09137055837563451,18,72,107,0.9775090139855496,0.9009055203598981,128,0.9100425761974615,103127,5549,5930,2132352,130.5003969175741,0.99,0.9901534995358842,103101,26,317,31,17,-0.001554188692003633
F_temporal_fork_protected_r0.99,pooled,199,199,0.8979190453390299,0.09274193548387097,23,97,128,0.9812347258904915,0.9011987924422036,199,0.9104729859905907,121897,6872,6986,4092846,218.9214357258752,0.99,0.9901199582842145,121870,27,331,32,19,-0.0013010282280516705
F_temporal_fork_protected_r0.995,44b6,71,71,0.8878906804104213,0.09803921568627451,5,25,21,0.9882842071732616,0.9027915547240016,71,0.912595476292629,18778,1323,1048,1970428,88.3873919127509,0.995,0.9951003216960502,18777,1,6,1,2,7.433317916338833e-05
F_temporal_fork_protected_r0.995,6bba,128,128,0.9011866329290638,0.09137055837563451,18,72,107,0.9788358975721512,0.9018051801971927,128,0.9109422360347561,103285,5553,5772,2143148,131.03170693153515,0.995,0.9951666011161998,103278,7,140,11,1,-0.0006545288547090689
F_temporal_fork_protected_r0.995,pooled,199,199,0.8991153441024168,0.09274193548387097,23,97,128,0.9822069025052107,0.9019588409848199,199,0.911233034533207,122063,6876,6820,4113576,219.41909884428605,0.995,0.9951348517679254,122055,8,146,12,3,-0.0005409796854353166
F_temporal_tracklet_r0.5,44b6,71,71,0.6456927071040831,0.058823529411764705,2,8,24,0.7718587117484017,0.6833442237877217,71,0.6892265767288982,13679,1359,6147,990164,54.077242884319276,0.5,0.5000499967173873,12907,772,5876,640,677,-0.22329456638456746
F_temporal_tracklet_r0.5,6bba,128,128,0.531480516268099,0.0,0,6,125,0.5665294753301265,0.5581918920055975,128,0.5581918920055975,60162,4140,48895,1076990,93.87878813548014,0.5,0.500098209613212,58539,1623,44879,2996,1573,-0.3534048728838677
F_temporal_tracklet_r0.5,pooled,199,199,0.5494857942283937,0.012121212121212121,2,14,149,0.6397876451075011,0.5779218569473628,199,0.579133978159484,73841,5499,55042,2067154,147.9560310197994,0.5,0.5000751145406026,71446,2395,50755,3636,2250,-0.3326400360591584
F_temporal_tracklet_r0.7,44b6,71,71,0.7974013701866288,0.05263157894736842,2,12,24,0.8947077931249301,0.8304629991512131,71,0.83572615704595,16877,1339,2949,1386201,67.66860275669023,0.7,0.700055551908208,16389,488,2394,350,367,-0.07679498606751567
F_temporal_tracklet_r0.7,6bba,128,128,0.7095524768439408,0.02666666666666667,4,25,121,0.765485612979494,0.7310812468812369,128,0.7337479135479036,80972,5060,28085,1507725,114.01936085801572,0.7,0.7001091682272631,79609,1363,23809,1783,1280,-0.1778488513415616
F_temporal_tracklet_r0.7,pooled,199,199,0.7232965213406071,0.031914893617021274,6,37,145,0.8115900089107803,0.7466296183334186,199,0.7498211076951207,97849,6399,31034,2893926,181.68796361470595,0.7,0.700083484792148,95998,1851,26203,2133,1647,-0.16195290652352168
F_temporal_tracklet_r0.8,44b6,71,71,0.842097789558385,0.04878048780487805,2,15,24,0.9358032452404395,0.869906909713542,71,0.8747849584940298,17791,1301,2035,1584201,74.78276946628466,0.8,0.8000489866826925,17499,292,1284,216,195,-0.03773618461943584
F_temporal_tracklet_r0.8,6bba,128,128,0.7889132696325696,0.04375,7,35,118,0.8538657794859791,0.8049253056832316,128,0.8093003056832316,90243,5332,18814,1723086,122.52067498862743,0.8,0.800111629271944,89285,958,14133,1169,938,-0.10229645920623354
F_temporal_tracklet_r0.8,pooled,199,199,0.7972047581097434,0.04477611940298507,9,50,142,0.8830997496797817,0.815055964412447,199,0.8195335763527455,108034,6633,20849,3307287,197.3034444549121,0.8,0.800081622048307,106784,1250,15417,1385,1133,-0.09224043786589686
F_temporal_tracklet_r0.9,44b6,71,71,0.8609049217531086,0.08888888888888889,4,19,22,0.9582408375347667,0.8820549500818201,71,0.890943838970709,18209,1325,1617,1782188,83.44134949240834,0.9,0.9000358562316616,18068,141,715,114,117,-0.021577304142756715
F_temporal_tracklet_r0.9,6bba,128,128,0.8534731987667152,0.05747126436781609,10,49,115,0.9256547666620069,0.8622072991524276,128,0.8679544255892092,97715,5434,11342,1938426,128.00281438184902,0.9,0.9001043390075117,97254,461,6164,538,409,-0.04364233930025596
F_temporal_tracklet_r0.9,pooled,199,199,0.8546320461214079,0.0639269406392694,14,68,137,0.9372809527522881,0.8653021935421268,199,0.8716948876060537,115924,6759,12959,3720614,211.44416387425736,0.9,0.9000715342017913,115322,602,6879,652,526,-0.04007912661258861
F_temporal_tracklet_r0.95,44b6,71,71,0.8769143505388542,0.0851063829787234,4,21,22,0.9732368537695256,0.89486138079315,71,0.9033720190910224,18552,1330,1274,1881198,85.76934741716832,0.95,0.9500376237923772,18515,37,268,52,60,-0.009149124022443278
F_temporal_tracklet_r0.95,6bba,128,128,0.8817599413469259,0.07065217391304347,13,59,112,0.9576274801678383,0.886370418701828,128,0.8934356360931324,101025,5515,8032,2046048,130.3965130331926,0.95,0.9500784051687511,100784,241,2634,237,189,-0.018161128796332804
F_temporal_tracklet_r0.95,pooled,199,199,0.8810046563715667,0.0735930735930736,17,80,134,0.9631966536639177,0.8876939097574981,199,0.8950532171168054,119577,6845,9306,3927246,216.16586045036092,0.95,0.9500588699628201,119299,278,2902,289,249,-0.016720797101836937
F_temporal_tracklet_r0.98,44b6,71,71,0.8861734814464666,0.10204081632653061,5,23,21,0.9867811456730261,0.9021682966702839,71,0.9123723783029369,18747,1329,1079,1940616,88.59299898892641,0.98,0.9800447445369749,18734,13,49,11,18,-0.00014876481052872315
F_temporal_tracklet_r0.98,6bba,128,128,0.8955740937887223,0.0851063829787234,16,63,109,0.9728427169117659,0.8975549957439138,128,0.9060656340417862,102631,5541,6426,2110643,132.347766793333,0.98,0.9800729676530503,102547,84,871,92,70,-0.005531130847678978
F_temporal_tracklet_r0.98,pooled,199,199,0.8941091541255074,0.08860759493670886,21,86,130,0.9778157241582458,0.8982739071572702,199,0.9071346666509411,121378,6870,7505,4051259,220.9407657822594,0.98,0.9800594481391552,121281,97,920,103,88,-0.004639347567701235
F_temporal_tracklet_r0.99,44b6,71,71,0.8875070928693021,0.1,5,24,21,0.9878902652953593,0.9027869264891796,71,0.9127869264891796,18769,1322,1057,1960411,91.34968583472073,0.99,0.9900415629276865,18768,1,15,2,2,0.00026578337571392385
F_temporal_tracklet_r0.99,6bba,128,128,0.8998874355372117,0.08900523560209424,17,66,108,0.9775314645392738,0.9009648910998495,128,0.9098654146600589,103128,5544,5929,2132204,133.5681142336689,0.99,0.9900847760240383,103100,28,318,38,19,-0.0017313502294062921
F_temporal_tracklet_r0.99,pooled,199,199,0.8979587326610141,0.0912863070539419,22,90,129,0.9812273180753646,0.901248741473801,199,0.9103773721791951,121897,6866,6986,4092615,224.91780006838962,0.99,0.9900640759689836,121868,29,333,40,21,-0.0013966420394472268
F_temporal_tracklet_r0.995,44b6,71,71,0.8878853792320787,0.1,5,24,21,0.9882229701861214,0.9027924725817154,71,0.9127924725817154,18777,1322,1049,1970305,96.17097536940128,0.995,0.9950382045623267,18776,1,7,2,2,0.0002713294682497036
F_temporal_tracklet_r0.995,6bba,128,128,0.9011448316783303,0.09574468085106383,18,63,107,0.9787318782392871,0.9017758441242978,128,0.9113503122094042,103273,5545,5784,2142964,133.81972109898925,0.995,0.9950811610744457,103263,10,155,22,4,-0.0002464526800609601
F_temporal_tracklet_r0.995,pooled,199,199,0.8990791896869245,0.09663865546218488,23,87,128,0.9821181472253435,0.9019342209833583,199,0.9115980865295767,122050,6867,6833,4113269,229.99069646839052,0.995,0.9950605839290686,122039,11,162,24,6,-0.00017592768906560252
F_v1_transfer_control,44b6,71,71,0.8451667688823891,0.11627906976744186,5,17,21,0.9578218830351594,0.8660232811523462,71,0.8776511881290904,17915,1371,1911,1783439,71.68960874527693,0.9,0.9006676329331913,17614,301,1169,184,233,-0.034869954984375284
F_v1_transfer_control,6bba,128,128,0.8555306910959982,0.08290155440414508,16,68,109,0.9271328211689039,0.8641276995298285,128,0.872417854970243,97871,5341,11186,1939914,117.52504059113562,0.9,0.9007952889103934,97456,415,5962,531,309,-0.03917890991922213
F_v1_transfer_control,pooled,199,199,0.8539105424241307,0.08898305084745763,21,85,130,0.9380821849503317,0.8644240278874561,199,0.8733223329722019,115786,6712,13097,3723353,189.21464933641255,0.9,0.9007341387966723,115070,716,7131,715,542,-0.038451681246440494
bypass_motion,44b6,71,71,0.9021520803443328,0.14583333333333334,7,22,19,0.9877569341470968,0.9170290534439977,71,0.9316123867773309,18864,1084,962,1972750,94.09581166505814,1.0,0.9962729719765874,18484,380,299,481,243,0.019091243663865276
bypass_motion,6bba,128,128,0.9225529879631188,0.11282051282051282,22,70,103,0.9795753914358454,0.9232431985874817,128,0.934525249869533,104159,3846,4898,2136193,136.3959361272864,1.0,0.9919370604075025,102083,2076,1335,2607,890,0.02292848498006783
bypass_motion,pooled,199,199,0.9193650841099146,0.11934156378600823,29,92,122,0.982494434312724,0.9222721585917395,199,0.9342063149703403,123023,4930,5860,4108943,230.49174779234454,1.0,0.9940140605711076,120567,2456,1634,3088,1133,0.022432300751697998
bypass_motion_bounds,44b6,71,71,0.9021520803443328,0.14583333333333334,7,22,19,0.9877569341470968,0.9170290534439977,71,0.9316123867773309,18864,1084,962,1972750,94.25792268989608,1.0,0.9962729719765874,18484,380,299,481,243,0.019091243663865276
bypass_motion_bounds,6bba,128,128,0.9225529879631188,0.11282051282051282,22,70,103,0.9795753914358454,0.9232431985874817,128,0.934525249869533,104159,3846,4898,2136193,136.86371698323637,1.0,0.9919370604075025,102083,2076,1335,2607,890,0.02292848498006783
bypass_motion_bounds,pooled,199,199,0.9193650841099146,0.11934156378600823,29,92,122,0.982494434312724,0.9222721585917395,199,0.9342063149703403,123023,4930,5860,4108943,231.12163967313245,1.0,0.9940140605711076,120567,2456,1634,3088,1133,0.022432300751697998
identity,44b6,71,71,0.8881690940041611,0.09803921568627451,5,25,21,0.9885509592005769,0.9027172215448382,71,0.9125211431134657,18783,1322,1043,1980130,74.58752836612985,1.0,1.0,18783,0,0,0,0,0.0
identity,6bba,128,128,0.9022683650322806,0.09137055837563451,18,72,107,0.9802489030388399,0.9024597090519018,128,0.9115967648894652,103418,5563,5639,2153557,121.06922837579623,1.0,1.0,103418,0,0,0,0,0.0
identity,pooled,199,199,0.9000721819574569,0.09274193548387097,23,97,128,0.9832109431769471,0.9024998206702552,199,0.9117740142186423,122201,6885,6682,4133687,195.65675674192607,1.0,1.0,122201,0,0,0,0,0.0
