dataset,embryo,adj_edge_jaccard_v2,edge_tp_v2,edge_fp_v2,edge_fn_v2,division_tp_v2,division_fp_v2,division_fn_v2,num_pred_nodes_v2,adj_edge_jaccard_selected,edge_tp_selected,edge_fp_selected,edge_fn_selected,division_tp_selected,division_fp_selected,division_fn_selected,num_pred_nodes_selected,delta_adj_edge_jaccard,delta_edge_tp,delta_edge_fp,delta_edge_fn,delta_division_tp,delta_division_fp,delta_division_fn,delta_num_pred_nodes
6bba_acd782a8,6bba,0.8854959447602776,311,21,19,0,1,0,19831,0.882980331280845,311,22,19,0,1,0,19831,-0.0025156134794326324,0,1,0,0,0,0,0
6bba_767a1e17,6bba,0.8032691624877709,577,60,81,0,1,0,47923,0.8010378592586382,577,62,81,0,1,0,47923,-0.002231303229132675,0,2,0,0,0,0,0
6bba_fc83837d,6bba,0.8558710269896562,836,60,87,0,1,0,12254,0.8541332177977989,836,62,87,0,1,0,12254,-0.0017378091918572869,0,2,0,0,0,0,0
6bba_07477033,6bba,0.97694662714824,595,10,7,0,1,0,4601,0.9753529132377208,595,11,7,0,1,0,4601,-0.0015937139105192122,0,1,0,0,0,0,0
6bba_05db0fb1,6bba,0.8785202883081356,1106,76,77,0,1,3,69764,0.8771269175098673,1106,78,77,0,1,3,69764,-0.0013933707982682897,0,2,0,0,0,0,0
6bba_6321a359,6bba,0.9816852019612206,784,5,14,0,0,1,4557,0.9804642004662438,784,6,14,0,0,1,4557,-0.0012210014949767256,0,1,0,0,0,0,0
6bba_1d0d8384,6bba,0.8775365890851026,1261,77,104,0,0,1,17283,0.8763211644464807,1261,79,104,0,0,1,17283,-0.001215424638621898,0,2,0,0,0,0,0
6bba_32db13fc,6bba,0.7473066495719265,685,93,126,0,2,1,44036,0.7464808963679797,685,94,126,0,2,1,44036,-0.000825753203946844,0,1,0,0,0,0,0
6bba_3a1849c2,6bba,0.9446413522533924,1108,38,34,0,1,0,6581,0.9438414865867936,1108,39,34,0,1,0,6581,-0.0007998656665988424,0,1,0,0,0,0,0
6bba_337b1b3a,6bba,0.9661176118874972,1193,26,20,1,1,1,29453,0.9653384847811364,1193,27,20,1,1,1,29453,-0.0007791271063608551,0,1,0,0,0,0,0
6bba_b329af44,6bba,0.8822204891882311,1178,62,90,0,1,1,64929,0.8815576638770454,1178,63,90,0,1,1,64929,-0.0006628253111857774,0,1,0,0,0,0,0
6bba_6feb10f0,6bba,0.7453243147901042,1112,99,231,0,0,0,11830,0.7449613369917686,1113,101,230,0,0,0,11830,-0.0003629777983356064,1,2,-1,0,0,0,0
6bba_a90a0b9c,6bba,0.6807673255702416,873,190,239,0,0,0,31250,0.6805018100952969,874,192,238,0,0,0,31250,-0.00026551547494468863,1,2,-1,0,0,0,0
6bba_786893ac,6bba,0.7189868737901336,1178,245,217,0,3,3,58409,0.718892517289828,1180,248,215,0,3,3,58409,-9.43565003056479e-05,2,3,-2,0,0,0,0
44b6_0113de3b,44b6,0.960391380314502,48,0,2,0,0,0,25650,0.960391380314502,48,0,2,0,0,0,25650,0.0,0,0,0,0,0,0,0
44b6_0b24845f,44b6,1.0167466382070436,49,1,0,0,1,0,20498,1.0167466382070436,49,1,0,0,1,0,20498,0.0,0,0,0,0,0,0,0
44b6_0c582fdc,44b6,0.9066295389029492,67,4,3,0,0,0,27580,0.9066295389029492,67,4,3,0,0,0,27580,0.0,0,0,0,0,0,0,0
44b6_0db75fae,44b6,0.9708356203723898,149,0,2,0,0,0,17809,0.9708356203723898,149,0,2,0,0,0,17809,0.0,0,0,0,0,0,0,0
44b6_12dfb391,44b6,0.935966114094523,737,33,36,0,0,1,44829,0.935966114094523,737,33,36,0,0,1,44829,0.0,0,0,0,0,0,0,0
44b6_144b256d,44b6,0.9942787487713352,116,4,3,0,0,0,29891,0.9942787487713352,116,4,3,0,0,0,29891,0.0,0,0,0,0,0,0,0
44b6_1574802b,44b6,0.8846294637696386,144,8,9,0,2,0,19610,0.8846294637696386,144,8,9,0,2,0,19610,0.0,0,0,0,0,0,0,0
44b6_18ced818,44b6,0.8251863225821824,91,12,8,0,0,0,73496,0.8251863225821824,91,12,8,0,0,0,73496,0.0,0,0,0,0,0,0,0
44b6_1d530831,44b6,0.8017264480111654,244,33,27,0,1,0,36229,0.8017264480111654,244,33,27,0,1,0,36229,0.0,0,0,0,0,0,0,0
44b6_24264f12,44b6,0.9118007592200252,213,12,8,0,1,0,27034,0.9118007592200252,213,12,8,0,1,0,27034,0.0,0,0,0,0,0,0,0
44b6_267148e4,44b6,0.8494511238891793,260,24,17,1,0,0,22305,0.8494511238891793,260,24,17,1,0,0,22305,0.0,0,0,0,0,0,0,0
44b6_2a2eff9f,44b6,0.8858814708883782,198,20,12,0,0,1,39990,0.8858814708883782,198,20,12,0,0,1,39990,0.0,0,0,0,0,0,0,0
44b6_2f31fc2f,44b6,0.5474189154723984,65,36,20,0,0,0,19728,0.5474189154723984,65,36,20,0,0,0,19728,0.0,0,0,0,0,0,0,0
44b6_33b596bf,44b6,0.9975053579082728,49,0,0,0,0,0,23912,0.9975053579082728,49,0,0,0,0,0,23912,0.0,0,0,0,0,0,0,0
44b6_341df25f,44b6,0.9824606015993576,208,0,1,0,0,1,8389,0.9824606015993576,208,0,1,0,0,1,8389,0.0,0,0,0,0,0,0,0
44b6_3a861e03,44b6,0.955054349400524,894,26,25,0,0,0,36679,0.955054349400524,894,26,25,0,0,0,36679,0.0,0,0,0,0,0,0,0
44b6_3bb3690f,44b6,0.9052967215251538,371,34,25,0,0,0,16203,0.9052967215251538,371,34,25,0,0,0,16203,0.0,0,0,0,0,0,0,0
44b6_40c45f5a,44b6,0.9263961369942796,192,11,6,0,0,0,29929,0.9263961369942796,192,11,6,0,0,0,29929,0.0,0,0,0,0,0,0,0
44b6_415c0a3a,44b6,0.9717158157329132,312,12,10,0,0,0,34241,0.9717158157329132,312,12,10,0,0,0,34241,0.0,0,0,0,0,0,0,0
44b6_53f95252,44b6,0.9604941606243428,66,2,2,0,0,0,31473,0.9604941606243428,66,2,2,0,0,0,31473,0.0,0,0,0,0,0,0,0
44b6_551a5dba,44b6,0.8051518895264926,198,33,26,0,1,0,31654,0.8051518895264926,198,33,26,0,1,0,31654,0.0,0,0,0,0,0,0,0
44b6_5740d24b,44b6,1.023701372031193,168,1,2,0,0,0,11447,1.023701372031193,168,1,2,0,0,0,11447,0.0,0,0,0,0,0,0,0
44b6_587a1e22,44b6,0.9751402739668176,368,5,3,1,0,0,18801,0.9751402739668176,368,5,3,1,0,0,18801,0.0,0,0,0,0,0,0,0
44b6_5f15d135,44b6,0.9089752596515862,257,17,16,0,0,1,21935,0.9089752596515862,257,17,16,0,0,1,21935,0.0,0,0,0,0,0,0,0
44b6_66f9292d,44b6,1.039217046101309,197,2,1,0,0,0,23697,1.039217046101309,197,2,1,0,0,0,23697,0.0,0,0,0,0,0,0,0
44b6_706092f0,44b6,0.7575070369062297,96,17,21,0,0,1,29809,0.7575070369062297,96,17,21,0,0,1,29809,0.0,0,0,0,0,0,0,0
44b6_71a4179f,44b6,0.7260197906010947,100,26,19,0,1,0,31997,0.7260197906010947,100,26,19,0,1,0,31997,0.0,0,0,0,0,0,0,0
44b6_74d0c52e,44b6,0.956046342633852,133,6,6,0,0,1,8706,0.956046342633852,133,6,6,0,0,1,8706,0.0,0,0,0,0,0,0,0
44b6_7a302da0,44b6,0.9531534045312552,490,24,17,0,0,1,44857,0.9531534045312552,490,24,17,0,0,1,44857,0.0,0,0,0,0,0,0,0
44b6_7e557709,44b6,0.966427856664276,544,14,16,0,0,0,45003,0.966427856664276,544,14,16,0,0,0,45003,0.0,0,0,0,0,0,0,0
44b6_808952d6,44b6,1.004110024139245,179,0,0,0,0,0,15095,1.004110024139245,179,0,0,0,0,0,15095,0.0,0,0,0,0,0,0,0
44b6_81c256f0,44b6,0.9877437325905292,197,0,0,0,0,0,11284,0.9877437325905292,197,0,0,0,0,0,11284,0.0,0,0,0,0,0,0,0
44b6_87bba6c4,44b6,0.6038993590219217,114,39,35,0,1,0,29253,0.6038993590219217,114,39,35,0,1,0,29253,0.0,0,0,0,0,0,0,0
44b6_8cc6506c,44b6,0.9997625944627232,386,6,10,0,0,0,18916,0.9997625944627232,386,6,10,0,0,0,18916,0.0,0,0,0,0,0,0,0
44b6_8f5ab931,44b6,0.8626784596172499,564,49,40,0,3,0,27899,0.8626784596172499,564,49,40,0,3,0,27899,0.0,0,0,0,0,0,0,0
44b6_8f9ecab4,44b6,1.014402636982793,364,5,6,0,0,0,41115,1.014402636982793,364,5,6,0,0,0,41115,0.0,0,0,0,0,0,0,0
44b6_90724892,44b6,0.8032402674476962,94,15,9,0,0,0,23407,0.8032402674476962,94,15,9,0,0,0,23407,0.0,0,0,0,0,0,0,0
44b6_949adeb1,44b6,0.8184841187937163,344,40,34,0,0,0,39204,0.8184841187937163,344,40,34,0,0,0,39204,0.0,0,0,0,0,0,0,0
44b6_95029e92,44b6,1.0071691532648712,198,0,0,0,0,0,4791,1.0071691532648712,198,0,0,0,0,0,4791,0.0,0,0,0,0,0,0,0
44b6_97725144,44b6,0.9741756086046351,218,4,3,0,1,0,33822,0.9741756086046351,218,4,3,0,1,0,33822,0.0,0,0,0,0,0,0,0
44b6_996155de,44b6,0.9542350671581132,370,2,7,1,0,0,9281,0.9542350671581132,370,2,7,1,0,0,9281,0.0,0,0,0,0,0,0,0
44b6_9be80b04,44b6,0.9213736770011832,207,17,13,0,1,1,26099,0.9213736770011832,207,17,13,0,1,1,26099,0.0,0,0,0,0,0,0,0
44b6_9bfa6a0a,44b6,0.9047325149503728,244,21,15,0,0,0,39731,0.9047325149503728,244,21,15,0,0,0,39731,0.0,0,0,0,0,0,0,0
44b6_a21120c2,44b6,0.9939192557104144,284,1,2,1,0,1,22022,0.9939192557104144,284,1,2,1,0,1,22022,0.0,0,0,0,0,0,0,0
44b6_a2bb48bb,44b6,0.8564781265729929,376,39,34,0,1,0,46816,0.8564781265729929,376,39,34,0,1,0,46816,0.0,0,0,0,0,0,0,0
44b6_aaf8b0ea,44b6,1.0151886238317684,203,0,3,0,0,1,15427,1.0151886238317684,203,0,3,0,0,1,15427,0.0,0,0,0,0,0,0,0
44b6_abf82518,44b6,0.9936209855169732,94,1,0,0,1,0,26447,0.9936209855169732,94,1,0,0,1,0,26447,0.0,0,0,0,0,0,0,0
44b6_b2c44266,44b6,0.872183789679561,154,15,14,0,0,0,37972,0.872183789679561,154,15,14,0,0,0,37972,0.0,0,0,0,0,0,0,0
44b6_c15fded2,44b6,0.920541815449504,98,5,4,0,0,0,19539,0.920541815449504,98,5,4,0,0,0,19539,0.0,0,0,0,0,0,0,0
44b6_c50204e0,44b6,0.8271453610493059,293,36,32,1,1,1,38081,0.8271453610493059,293,36,32,1,1,1,38081,0.0,0,0,0,0,0,0,0
44b6_c771cb04,44b6,0.8485041705891777,204,28,19,0,1,0,29877,0.8485041705891777,204,28,19,0,1,0,29877,0.0,0,0,0,0,0,0,0
44b6_c8e2a523,44b6,0.865881688437251,153,15,11,0,0,1,28827,0.865881688437251,153,15,11,0,0,1,28827,0.0,0,0,0,0,0,0,0
44b6_c96cfa10,44b6,0.9482552720195906,591,18,25,0,0,0,38261,0.9482552720195906,591,18,25,0,0,0,38261,0.0,0,0,0,0,0,0,0
44b6_cf2536e8,44b6,0.9299215165250662,71,6,4,0,0,0,22510,0.9299215165250662,71,6,4,0,0,0,22510,0.0,0,0,0,0,0,0,0
44b6_cf8fed6b,44b6,0.9529736688927326,184,6,4,0,0,0,41645,0.9529736688927326,184,6,4,0,0,0,41645,0.0,0,0,0,0,0,0,0
44b6_d29c9ab2,44b6,0.963362259197626,1302,29,26,0,0,0,36511,0.963362259197626,1302,29,26,0,0,0,36511,0.0,0,0,0,0,0,0,0
44b6_d2f34f90,44b6,0.9960594016402642,274,4,7,0,0,2,15396,0.9960594016402642,274,4,7,0,0,2,15396,0.0,0,0,0,0,0,0,0
44b6_d5e7d891,44b6,0.8574061572468379,829,77,64,0,1,2,43396,0.8574061572468379,829,77,64,0,1,2,43396,0.0,0,0,0,0,0,0,0
44b6_d78e09d9,44b6,0.8933843286828653,426,23,25,0,0,0,23584,0.8933843286828653,426,23,25,0,0,0,23584,0.0,0,0,0,0,0,0,0
44b6_db3c847b,44b6,0.8967110430672968,153,8,9,0,0,0,15572,0.8967110430672968,153,8,9,0,0,0,15572,0.0,0,0,0,0,0,0,0
44b6_ddf577ad,44b6,0.8798437890900633,604,59,43,0,0,0,38286,0.8798437890900633,604,59,43,0,0,0,38286,0.0,0,0,0,0,0,0,0
44b6_deabac95,44b6,0.9194248777885922,121,6,3,1,2,0,15694,0.9194248777885922,121,6,3,1,2,0,15694,0.0,0,0,0,0,0,0,0
44b6_e28840c6,44b6,0.9567062586878884,287,10,22,0,0,2,27352,0.9567062586878884,287,10,22,0,0,2,27352,0.0,0,0,0,0,0,0,0
44b6_e29f0176,44b6,0.8830111572297947,47,3,3,0,0,0,13522,0.8830111572297947,47,3,3,0,0,0,13522,0.0,0,0,0,0,0,0,0
44b6_e31261b4,44b6,0.8915254658345638,107,8,6,0,0,0,66901,0.8915254658345638,107,8,6,0,0,0,66901,0.0,0,0,0,0,0,0,0
44b6_e35b117d,44b6,0.8511707528752853,237,21,29,0,1,0,19836,0.8511707528752853,237,21,29,0,1,0,19836,0.0,0,0,0,0,0,0,0
44b6_e57ff5c6,44b6,0.8019832657133746,159,15,27,0,0,0,17505,0.8019832657133746,159,15,27,0,0,0,17505,0.0,0,0,0,0,0,0,0
44b6_eb2880fc,44b6,0.9572780531603706,367,13,12,0,1,1,37271,0.9572780531603706,367,13,12,0,1,1,37271,0.0,0,0,0,0,0,0,0
44b6_f28707c6,44b6,0.9520088668179052,60,1,1,0,0,0,21689,0.9520088668179052,60,1,1,0,0,0,21689,0.0,0,0,0,0,0,0,0
6bba_062c8d37,6bba,1.0000256780613064,897,1,1,1,0,0,5894,1.0000256780613064,897,1,1,1,0,0,5894,0.0,0,0,0,0,0,0,0
6bba_07e24132,6bba,0.823420477089888,309,17,36,0,0,2,29079,0.823420477089888,309,17,36,0,0,2,29079,0.0,0,0,0,0,0,0,0
6bba_085bf656,6bba,0.9954038443864748,1162,2,6,0,0,1,8272,0.9954038443864748,1162,2,6,0,0,1,8272,0.0,0,0,0,0,0,0,0
6bba_0c7fa718,6bba,0.9574381868131868,638,13,21,0,1,0,12495,0.9574381868131868,638,13,21,0,1,0,12495,0.0,0,0,0,0,0,0,0
6bba_0e7c0d07,6bba,0.8156018126997785,176,18,22,0,0,1,22250,0.8156018126997785,176,18,22,0,0,1,22250,0.0,0,0,0,0,0,0,0
6bba_1ebfb80d,6bba,0.934807892420506,689,19,30,0,1,0,11409,0.934807892420506,689,19,30,0,1,0,11409,0.0,0,0,0,0,0,0,0
6bba_1f58c2f6,6bba,0.7994063606560579,269,34,30,0,0,0,31909,0.7994063606560579,269,34,30,0,0,0,31909,0.0,0,0,0,0,0,0,0
6bba_20852818,6bba,0.9004955750046651,846,29,63,0,2,3,9912,0.9004955750046651,846,29,63,0,2,3,9912,0.0,0,0,0,0,0,0,0
6bba_2312ac41,6bba,0.982771871100345,1124,8,8,2,0,0,12337,0.982771871100345,1124,8,8,2,0,0,12337,0.0,0,0,0,0,0,0,0
6bba_23af9eeb,6bba,1.006921348314607,499,0,0,0,0,0,4142,1.006921348314607,499,0,0,0,0,0,4142,0.0,0,0,0,0,0,0,0
6bba_2540cd90,6bba,1.008009516256939,523,0,0,0,0,0,3480,1.008009516256939,523,0,0,0,0,0,3480,0.0,0,0,0,0,0,0,0
6bba_312f0dc3,6bba,0.9423988758406104,488,20,12,0,1,0,9545,0.9423988758406104,488,20,12,0,1,0,9545,0.0,0,0,0,0,0,0,0
6bba_372c8cb8,6bba,1.0023549439636827,1003,0,4,0,0,0,6575,1.0023549439636827,1003,0,4,0,0,0,6575,0.0,0,0,0,0,0,0,0
6bba_3c5691b6,6bba,0.990028933631618,742,4,4,1,0,1,6214,0.990028933631618,742,4,4,1,0,1,6214,0.0,0,0,0,0,0,0,0
6bba_3db54e20,6bba,0.8747900880188975,443,33,31,0,1,1,22964,0.8747900880188975,443,33,31,0,1,1,22964,0.0,0,0,0,0,0,0,0
6bba_48816121,6bba,0.939875651992489,888,22,30,0,0,5,25184,0.939875651992489,888,22,30,0,0,5,25184,0.0,0,0,0,0,0,0,0
6bba_4aa14c89,6bba,0.9137775025201886,650,27,31,0,0,0,7105,0.9137775025201886,650,27,31,0,0,0,7105,0.0,0,0,0,0,0,0,0
6bba_4f99ce20,6bba,0.996815083710589,1000,3,10,1,0,1,5382,0.996815083710589,1000,3,10,1,0,1,5382,0.0,0,0,0,0,0,0,0
6bba_4ffd3da3,6bba,0.8962305483822748,650,26,39,1,2,2,20132,0.8962305483822748,650,26,39,1,2,2,20132,0.0,0,0,0,0,0,0,0
6bba_55b7eebe,6bba,1.004277857266915,684,2,4,0,0,1,4569,1.004277857266915,684,2,4,0,0,1,4569,0.0,0,0,0,0,0,0,0
6bba_55c70843,6bba,0.7331842040762557,397,71,70,0,1,0,37687,0.7331842040762557,397,71,70,0,1,0,37687,0.0,0,0,0,0,0,0,0
6bba_5c039895,6bba,0.9895256815346494,1136,12,9,3,1,0,7900,0.9895256815346494,1136,12,9,3,1,0,7900,0.0,0,0,0,0,0,0,0
6bba_5c824876,6bba,0.9338772647870118,1094,38,36,1,0,0,25375,0.9338772647870118,1094,38,36,1,0,0,25375,0.0,0,0,0,0,0,0,0
6bba_5dfe9ad1,6bba,0.9491422212313751,1439,13,48,0,0,0,29772,0.9491422212313751,1439,13,48,0,0,0,29772,0.0,0,0,0,0,0,0,0
6bba_5f89039d,6bba,1.004012144870961,885,0,0,0,0,0,4426,1.004012144870961,885,0,0,0,0,0,4426,0.0,0,0,0,0,0,0,0
6bba_61dd1e0d,6bba,0.9653021040822404,530,9,13,0,0,0,9584,0.9653021040822404,530,9,13,0,0,0,9584,0.0,0,0,0,0,0,0,0
6bba_6479435d,6bba,0.727893043184056,472,66,108,0,0,0,24338,0.727893043184056,472,66,108,0,0,0,24338,0.0,0,0,0,0,0,0,0
6bba_6db0e9b4,6bba,0.9610631917850214,430,12,10,0,0,0,25525,0.9610631917850214,430,12,10,0,0,0,25525,0.0,0,0,0,0,0,0,0
6bba_6feeb0b1,6bba,0.9871409209612906,1323,9,20,0,1,0,6858,0.9871409209612906,1323,9,20,0,1,0,6858,0.0,0,0,0,0,0,0,0
6bba_705ec2c9,6bba,0.914933447098976,539,24,23,0,3,1,5896,0.914933447098976,539,24,23,0,3,1,5896,0.0,0,0,0,0,0,0,0
6bba_718b21f9,6bba,0.999998967056953,649,0,3,0,0,0,4107,0.999998967056953,649,0,3,0,0,0,4107,0.0,0,0,0,0,0,0,0
6bba_76db78c1,6bba,1.0042636457260556,604,0,0,0,0,0,4648,1.0042636457260556,604,0,0,0,0,0,4648,0.0,0,0,0,0,0,0,0
6bba_784a78c9,6bba,0.9948007669039014,1729,4,10,0,2,1,12722,0.9948007669039014,1729,4,10,0,2,1,12722,0.0,0,0,0,0,0,0,0
6bba_789f8168,6bba,0.9825051415164568,675,6,6,0,0,0,10679,0.9825051415164568,675,6,6,0,0,0,10679,0.0,0,0,0,0,0,0,0
6bba_7d3058ae,6bba,0.99516775308205,1168,3,5,0,0,2,7460,0.99516775308205,1168,3,5,0,0,2,7460,0.0,0,0,0,0,0,0,0
6bba_7f87b3d8,6bba,0.9668979463010416,912,20,22,0,0,3,9372,0.9668979463010416,912,20,22,0,0,3,9372,0.0,0,0,0,0,0,0,0
6bba_87289e13,6bba,0.9751586412770354,688,11,11,0,2,1,14017,0.9751586412770354,688,11,11,0,2,1,14017,0.0,0,0,0,0,0,0,0
6bba_8b7818bf,6bba,1.0015678886706267,724,0,1,1,0,1,5656,1.0015678886706267,724,0,1,1,0,1,5656,0.0,0,0,0,0,0,0,0
6bba_907271db,6bba,0.9930529893770556,914,5,7,0,0,1,6861,0.9930529893770556,914,5,7,0,0,1,6861,0.0,0,0,0,0,0,0,0
6bba_96833384,6bba,0.9745108037478488,705,4,16,0,1,0,4764,0.9745108037478488,705,4,16,0,1,0,4764,0.0,0,0,0,0,0,0,0
6bba_ae82a791,6bba,0.9921666335426366,1464,10,7,0,2,0,7130,0.9921666335426366,1464,10,7,0,2,0,7130,0.0,0,0,0,0,0,0,0
6bba_af149c94,6bba,0.958987028360962,1272,26,45,0,0,0,7815,0.958987028360962,1272,26,45,0,0,0,7815,0.0,0,0,0,0,0,0,0
6bba_afb141ff,6bba,0.9579385786321042,613,19,13,1,1,3,5573,0.9579385786321042,613,19,13,1,1,3,5573,0.0,0,0,0,0,0,0,0
6bba_b1ae37b9,6bba,0.888425672495319,546,39,33,0,0,0,22942,0.888425672495319,546,39,33,0,0,0,22942,0.0,0,0,0,0,0,0,0
6bba_bbb708ca,6bba,0.9920387428696196,854,3,7,0,1,0,6537,0.9920387428696196,854,3,7,0,1,0,6537,0.0,0,0,0,0,0,0,0
6bba_c27cba08,6bba,0.9473717748811342,478,12,15,0,0,0,6388,0.9473717748811342,478,12,15,0,0,0,6388,0.0,0,0,0,0,0,0,0
6bba_cdcfe533,6bba,0.9864062669721236,1335,12,13,1,2,3,28332,0.9864062669721236,1335,12,13,1,2,3,28332,0.0,0,0,0,0,0,0,0
6bba_cf35214c,6bba,0.9932757306936784,815,3,2,0,0,0,35110,0.9932757306936784,815,3,2,0,0,0,35110,0.0,0,0,0,0,0,0,0
6bba_cff5865f,6bba,0.9409163941994662,1455,43,46,0,1,0,47071,0.9409163941994662,1455,43,46,0,1,0,47071,0.0,0,0,0,0,0,0,0
6bba_d2b9fc0c,6bba,0.9948066731947734,917,7,4,0,2,2,18818,0.9948066731947734,917,7,4,0,2,2,18818,0.0,0,0,0,0,0,0,0
6bba_d5eae175,6bba,1.0086302279265325,519,0,0,0,0,0,4129,1.0086302279265325,519,0,0,0,0,0,4129,0.0,0,0,0,0,0,0,0
6bba_d6ecebbb,6bba,0.9652431243190532,849,6,13,0,0,0,6064,0.9652431243190532,849,6,13,0,0,0,6064,0.0,0,0,0,0,0,0,0
6bba_d82a4fc6,6bba,0.9249781806708924,509,18,21,0,0,0,28866,0.9249781806708924,509,18,21,0,0,0,28866,0.0,0,0,0,0,0,0,0
6bba_debd7bfa,6bba,0.979663590319233,719,5,10,1,0,3,11795,0.979663590319233,719,5,10,1,0,3,11795,0.0,0,0,0,0,0,0,0
6bba_df673a83,6bba,0.970708099186212,647,3,7,2,0,2,21988,0.970708099186212,647,3,7,2,0,2,21988,0.0,0,0,0,0,0,0,0
6bba_e16ffc58,6bba,0.987718316476897,934,10,8,0,0,1,5937,0.987718316476897,934,10,8,0,0,1,5937,0.0,0,0,0,0,0,0,0
6bba_ebdf3b34,6bba,0.9059699951763412,761,33,42,0,1,2,59543,0.9059699951763412,761,33,42,0,1,2,59543,0.0,0,0,0,0,0,0,0
6bba_ed9377fd,6bba,0.9765057614312888,497,2,11,0,0,0,4352,0.9765057614312888,497,2,11,0,0,0,4352,0.0,0,0,0,0,0,0,0
6bba_edf14583,6bba,0.9280282127805636,734,42,26,0,0,0,50946,0.9280282127805636,734,42,26,0,0,0,50946,0.0,0,0,0,0,0,0,0
6bba_f1fde7e0,6bba,0.9778729034038276,434,3,12,0,0,0,7985,0.9778729034038276,434,3,12,0,0,0,7985,0.0,0,0,0,0,0,0,0
6bba_f20478e9,6bba,0.982036430122602,944,10,19,0,0,1,5244,0.982036430122602,944,10,19,0,0,1,5244,0.0,0,0,0,0,0,0,0
6bba_f8ffd5e7,6bba,0.9163071412785332,356,16,14,0,0,2,31453,0.9163071412785332,356,16,14,0,0,2,31453,0.0,0,0,0,0,0,0,0
6bba_fe670320,6bba,0.9897312284275448,672,5,8,0,0,2,9874,0.9897312284275448,672,5,8,0,0,2,9874,0.0,0,0,0,0,0,0,0
6bba_bb9f20c3,6bba,0.9164150194096308,1796,82,83,0,1,3,22931,0.9164579306242118,1797,83,82,0,1,3,22931,4.291121458099845e-05,1,1,-1,0,0,0,0
44b6_668e0cc7,44b6,0.96000073668955,616,20,15,0,0,0,33926,0.960084395426364,617,21,14,0,0,0,33926,8.365873681404068e-05,1,1,-1,0,0,0,0
6bba_f17befbc,6bba,0.8393162779171652,919,76,96,0,1,0,25861,0.8396037187187083,921,78,94,0,1,0,25861,0.0002874408015430818,2,2,-2,0,0,0,0
6bba_c73a1d11,6bba,0.6461455921948118,544,92,166,0,2,0,24050,0.6465272161664675,545,93,165,0,2,0,24050,0.00038162397165564244,1,1,-1,0,0,0,0
6bba_67ebd073,6bba,0.7858319833702421,390,59,48,0,2,1,15831,0.7862649152115592,391,60,47,0,2,1,15831,0.00043293184131709683,1,1,-1,0,0,0,0
6bba_09961292,6bba,0.9181336323684997,1794,92,77,1,0,3,29678,0.9186891900727868,1796,93,75,1,0,3,29678,0.0005555577042871684,2,1,-2,0,0,0,0
6bba_207c6aaf,6bba,0.6559978483055406,355,67,95,0,3,1,17356,0.6565757571174689,356,68,94,0,3,1,17356,0.0005779088119282072,1,1,-1,0,0,0,0
6bba_283bf9f1,6bba,0.954075365895742,1253,20,35,0,1,0,21705,0.9548367987496093,1254,20,34,0,1,0,21705,0.0007614328538672055,1,0,-1,0,0,0,0
6bba_3fda6b25,6bba,1.0008364050735803,1168,6,11,1,0,0,8326,1.001693285557376,1169,6,10,1,0,0,8326,0.000856880483795619,1,0,-1,0,0,0,0
6bba_57b7cc1e,6bba,0.6553237790344839,1267,310,325,0,1,3,76149,0.6561854581096073,1270,312,322,0,1,3,76149,0.0008616790751233561,3,2,-3,0,0,0,0
6bba_7af54fde,6bba,0.9174273958593332,1041,37,51,0,0,2,10107,0.9183086901877282,1042,37,50,0,0,2,10107,0.0008812943283950103,1,0,-1,0,0,0,0
6bba_eebc57a5,6bba,0.8824811108800926,927,71,62,0,1,0,8497,0.8834330861884855,928,71,61,0,1,0,8497,0.0009519753083928606,1,0,-1,0,0,0,0
6bba_6ca87370,6bba,0.9932883185261768,1039,6,13,0,0,1,6371,0.9942443226826024,1040,6,12,0,0,1,6371,0.000956004156425605,1,0,-1,0,0,0,0
6bba_825bd1c6,6bba,0.929454736949238,897,44,33,0,2,0,6885,0.9304909183728156,898,44,32,0,2,0,6885,0.0010361814235776423,1,0,-1,0,0,0,0
6bba_12665c0e,6bba,0.9625447688687604,963,5,35,0,1,3,8104,0.9635831224057342,965,6,33,0,1,3,8104,0.0010383535369737906,2,1,-2,0,0,0,0
6bba_b693381b,6bba,0.97485768682162,928,7,7,0,0,0,6138,0.975908180018626,929,7,6,0,0,0,6138,0.0010504931970060083,1,0,-1,0,0,0,0
6bba_78a7bd97,6bba,0.8061669924725668,738,87,94,0,0,2,39035,0.8072593596710391,739,87,93,0,0,2,39035,0.0010923671984722771,1,0,-1,0,0,0,0
6bba_05b6850b,6bba,0.9679232433855084,829,15,16,0,0,0,6100,0.969090822689954,830,15,15,0,0,0,6100,0.001167579304445554,1,0,-1,0,0,0,0
6bba_b204cac7,6bba,0.9649604730177448,794,7,17,0,0,2,5391,0.966175788474946,795,7,16,0,0,2,5391,0.001215315457201216,1,0,-1,0,0,0,0
6bba_d0fc38b5,6bba,1.0051277282532276,812,0,1,0,0,0,5722,1.006365570283096,813,0,0,0,0,0,5722,0.00123784202986843,1,0,-1,0,0,0,0
6bba_ebff6e76,6bba,0.6651280360130146,1032,250,232,0,0,0,51671,0.6664170438347453,1034,250,230,0,0,0,51671,0.0012890078217306922,2,0,-2,0,0,0,0
6bba_aeee7805,6bba,0.9873961723492686,761,4,7,0,0,1,4950,0.9886936706046552,762,4,6,0,0,1,4950,0.0012974982553866088,1,0,-1,0,0,0,0
6bba_2646afc7,6bba,0.9528927123831582,699,16,22,0,1,0,5237,0.9542559351476548,700,16,21,0,1,0,5237,0.00136322276449663,1,0,-1,0,0,0,0
6bba_5b28472a,6bba,0.9815089138261388,714,3,10,0,0,0,5838,0.9828835761704332,715,3,9,0,0,0,5838,0.0013746623442943973,1,0,-1,0,0,0,0
6bba_13f19531,6bba,0.9798652240087038,697,8,7,0,1,0,5718,0.9812710564678268,698,8,6,0,1,0,5718,0.0014058324591229576,1,0,-1,0,0,0,0
6bba_9a41d029,6bba,0.9490513071627128,1312,28,41,1,1,1,18420,0.9504980317163144,1314,28,39,1,1,1,18420,0.0014467245536016193,2,0,-2,0,0,0,0
6bba_d1acb6ff,6bba,0.898103841820857,608,27,35,0,3,1,16237,0.899580986297536,609,27,34,0,3,1,16237,0.0014771444766790154,1,0,-1,0,0,0,0
6bba_969618f6,6bba,0.974049167674804,650,1,8,0,0,3,15619,0.9755477048558422,651,1,7,0,0,3,15619,0.0014985371810382064,1,0,-1,0,0,0,0
6bba_fbc898dc,6bba,0.9811764743190298,634,6,5,0,0,0,4977,0.982724071281678,635,6,4,0,0,0,4977,0.0015475969626482788,1,0,-1,0,0,0,0
6bba_ef7b4f7e,6bba,0.9777820913358573,1176,7,25,0,0,2,5839,0.9794449860490134,1178,7,23,0,0,2,5839,0.001662894713156171,2,0,-2,0,0,0,0
6bba_74686d6a,6bba,0.9273161642245448,554,28,22,0,1,2,26522,0.9289900201166468,555,28,21,0,1,2,26522,0.0016738558921020052,1,0,-1,0,0,0,0
6bba_ab78413d,6bba,0.7222735870107649,940,103,198,0,1,2,13533,0.7239953187686118,943,104,195,0,1,2,13533,0.001721731757846845,3,1,-3,0,0,0,0
6bba_7b5d3b2c,6bba,0.9730458446723884,544,7,11,0,0,0,5477,0.9748345318868598,545,7,10,0,0,0,5477,0.0017886872144713406,1,0,-1,0,0,0,0
6bba_c328f2fd,6bba,0.8353263467879869,440,27,60,0,0,2,31074,0.8372248157579596,441,27,59,0,0,2,31074,0.0018984689699726998,1,0,-1,0,0,0,0
6bba_3abfe10a,6bba,0.8126116792337208,842,99,93,1,0,0,53153,0.8145418732461525,844,99,91,1,0,0,53153,0.001930194012431663,2,0,-2,0,0,0,0
6bba_fc5f39dc,6bba,0.8885225623956009,427,10,31,0,0,2,17688,0.8906034114878623,428,10,30,0,0,2,17688,0.002080849092261361,1,0,-1,0,0,0,0
6bba_9e23430b,6bba,0.9479946724672904,863,22,28,0,0,1,7483,0.9501916473745148,865,22,26,0,0,1,7483,0.0021969749072243694,2,0,-2,0,0,0,0
6bba_d3da753b,6bba,0.9773263965257312,844,13,13,0,1,1,15964,0.9796423358539912,846,13,11,0,1,1,15964,0.0023159393282600194,2,0,-2,0,0,0,0
6bba_fc516dc6,6bba,0.9773110499968918,747,11,15,0,0,0,6975,0.9799276793141524,749,11,13,0,0,0,6975,0.002616629317260588,2,0,-2,0,0,0,0
6bba_80d12824,6bba,0.9405116419895864,626,16,28,1,0,0,8424,0.9435164715167098,628,16,26,1,0,0,8424,0.0030048295271234426,2,0,-2,0,0,0,0
6bba_474be664,6bba,0.7436896949487488,236,33,50,0,0,1,26810,0.7468409224697181,237,33,49,0,0,1,26810,0.003151227520969302,1,0,-1,0,0,0,0
6bba_61ecbe65,6bba,0.9815977757794536,605,5,9,0,0,1,5525,0.9848427271043444,607,5,7,0,0,1,5525,0.003244951324890777,2,0,-2,0,0,0,0
6bba_268e1230,6bba,0.923798389621339,575,19,34,0,0,1,4650,0.9271418667541635,578,20,31,0,0,1,4650,0.0033434771328245683,3,1,-3,0,0,0,0
6bba_43fea39d,6bba,0.9779558795198724,860,5,20,0,1,0,5381,0.9813673535181974,863,5,17,0,1,0,5381,0.0034114739983249764,3,0,-3,0,0,0,0
6bba_971fa5e0,6bba,1.0017619833997982,762,2,5,0,1,0,4994,1.0057059282163328,765,2,2,0,1,0,4994,0.003943944816534595,3,0,-3,0,0,0,0
6bba_15403b9a,6bba,0.9756132965597332,715,10,14,0,1,0,6313,0.9797067789229208,718,10,11,0,1,0,6313,0.004093482363187628,3,0,-3,0,0,0,0
6bba_a5e926bb,6bba,0.982747302611677,689,7,9,0,1,0,7970,0.9870263184430776,692,7,6,0,1,0,7970,0.004279015831400668,3,0,-3,0,0,0,0
6bba_f4ae811c,6bba,0.9806886526317158,954,3,11,0,0,0,9341,0.985828530266054,959,3,6,0,0,0,9341,0.005139877634338208,5,0,-5,0,0,0,0
6bba_5a4d9360,6bba,0.9918268377376912,713,2,9,0,0,0,5550,0.9973910836717036,717,2,5,0,0,0,5550,0.005564245934012391,4,0,-4,0,0,0,0
6bba_91951b3a,6bba,0.9833425599724276,1132,8,16,0,0,0,11408,0.9902919773573916,1140,8,8,0,0,0,11408,0.006949417384964018,8,0,-8,0,0,0,0
6bba_2819ca14,6bba,0.9817994721934536,926,4,23,0,0,1,4957,0.989221282458415,933,4,16,0,0,1,4957,0.007421810264961359,7,0,-7,0,0,0,0
44b6_d754aa59,44b6,0.922709447989858,67,2,3,1,0,0,5607,0.9364812307956768,68,2,2,1,0,0,5607,0.01377178280581881,1,0,-1,0,0,0,0
6bba_e5e44988,6bba,0.9685086197406064,614,5,20,0,0,0,5169,0.9842823757624404,624,5,10,0,0,0,5169,0.01577375602183395,10,0,-10,0,0,0,0
