dataset,embryo,variant,predicted_tp_pairs_lost,predicted_tp_pairs_new,predicted_tp_pairs_retained,fp_pairs_lost,fp_pairs_new,fp_pairs_retained,recovered_gt_edges_lost,recovered_gt_edges_new,recovered_gt_edges_retained
44b6_0113de3b,44b6,A_residual_m3.0,0,0,48,0,0,0,0,0,48
44b6_0b24845f,44b6,A_residual_m3.0,0,0,49,0,0,1,0,0,49
44b6_0c582fdc,44b6,A_residual_m3.0,0,0,67,0,0,4,0,0,67
44b6_0db75fae,44b6,A_residual_m3.0,0,0,149,0,0,0,0,0,149
44b6_12dfb391,44b6,A_residual_m3.0,0,0,737,0,0,33,0,0,737
44b6_144b256d,44b6,A_residual_m3.0,0,0,116,0,0,4,0,0,116
44b6_1574802b,44b6,A_residual_m3.0,0,0,144,0,0,8,0,0,144
44b6_18ced818,44b6,A_residual_m3.0,0,0,91,0,0,12,0,0,91
44b6_1d530831,44b6,A_residual_m3.0,0,0,244,0,0,33,0,0,244
44b6_24264f12,44b6,A_residual_m3.0,0,0,213,0,0,12,0,0,213
44b6_267148e4,44b6,A_residual_m3.0,0,0,260,0,0,24,0,0,260
44b6_2a2eff9f,44b6,A_residual_m3.0,0,0,198,0,0,20,0,0,198
44b6_2f31fc2f,44b6,A_residual_m3.0,0,0,65,0,0,36,0,0,65
44b6_33b596bf,44b6,A_residual_m3.0,0,0,49,0,0,0,0,0,49
44b6_341df25f,44b6,A_residual_m3.0,0,0,208,0,0,0,0,0,208
44b6_3a861e03,44b6,A_residual_m3.0,0,0,894,0,0,26,0,0,894
44b6_3bb3690f,44b6,A_residual_m3.0,0,0,371,0,0,34,0,0,371
44b6_40c45f5a,44b6,A_residual_m3.0,0,0,192,0,0,11,0,0,192
44b6_415c0a3a,44b6,A_residual_m3.0,0,0,312,0,0,12,0,0,312
44b6_53f95252,44b6,A_residual_m3.0,0,0,66,0,0,2,0,0,66
44b6_551a5dba,44b6,A_residual_m3.0,0,0,198,0,0,33,0,0,198
44b6_5740d24b,44b6,A_residual_m3.0,0,0,168,0,0,1,0,0,168
44b6_587a1e22,44b6,A_residual_m3.0,0,0,368,0,0,5,0,0,368
44b6_5f15d135,44b6,A_residual_m3.0,0,0,257,0,0,17,0,0,257
44b6_668e0cc7,44b6,A_residual_m3.0,0,1,616,0,1,20,0,1,616
44b6_66f9292d,44b6,A_residual_m3.0,0,0,197,0,0,2,0,0,197
44b6_706092f0,44b6,A_residual_m3.0,0,0,96,0,0,17,0,0,96
44b6_71a4179f,44b6,A_residual_m3.0,0,0,100,0,0,26,0,0,100
44b6_74d0c52e,44b6,A_residual_m3.0,0,0,133,0,0,6,0,0,133
44b6_7a302da0,44b6,A_residual_m3.0,0,0,490,0,0,24,0,0,490
44b6_7e557709,44b6,A_residual_m3.0,0,0,544,0,0,14,0,0,544
44b6_808952d6,44b6,A_residual_m3.0,0,0,179,0,0,0,0,0,179
44b6_81c256f0,44b6,A_residual_m3.0,0,0,197,0,0,0,0,0,197
44b6_87bba6c4,44b6,A_residual_m3.0,0,0,114,0,0,39,0,0,114
44b6_8cc6506c,44b6,A_residual_m3.0,0,0,386,0,0,6,0,0,386
44b6_8f5ab931,44b6,A_residual_m3.0,0,0,564,0,0,49,0,0,564
44b6_8f9ecab4,44b6,A_residual_m3.0,0,0,364,0,0,5,0,0,364
44b6_90724892,44b6,A_residual_m3.0,0,0,94,0,0,15,0,0,94
44b6_949adeb1,44b6,A_residual_m3.0,0,0,344,0,0,40,0,0,344
44b6_95029e92,44b6,A_residual_m3.0,0,0,198,0,0,0,0,0,198
44b6_97725144,44b6,A_residual_m3.0,0,0,218,0,0,4,0,0,218
44b6_996155de,44b6,A_residual_m3.0,0,0,370,0,0,2,0,0,370
44b6_9be80b04,44b6,A_residual_m3.0,0,0,207,0,0,17,0,0,207
44b6_9bfa6a0a,44b6,A_residual_m3.0,0,0,244,0,0,21,0,0,244
44b6_a21120c2,44b6,A_residual_m3.0,0,0,284,0,0,1,0,0,284
44b6_a2bb48bb,44b6,A_residual_m3.0,0,0,376,0,0,39,0,0,376
44b6_aaf8b0ea,44b6,A_residual_m3.0,0,0,203,0,0,0,0,0,203
44b6_abf82518,44b6,A_residual_m3.0,0,0,94,0,0,1,0,0,94
44b6_b2c44266,44b6,A_residual_m3.0,0,0,154,0,0,15,0,0,154
44b6_c15fded2,44b6,A_residual_m3.0,0,0,98,0,0,5,0,0,98
44b6_c50204e0,44b6,A_residual_m3.0,0,0,293,0,0,36,0,0,293
44b6_c771cb04,44b6,A_residual_m3.0,0,0,204,0,0,28,0,0,204
44b6_c8e2a523,44b6,A_residual_m3.0,0,0,153,0,0,15,0,0,153
44b6_c96cfa10,44b6,A_residual_m3.0,0,0,591,0,0,18,0,0,591
44b6_cf2536e8,44b6,A_residual_m3.0,0,0,71,0,0,6,0,0,71
44b6_cf8fed6b,44b6,A_residual_m3.0,0,0,184,0,0,6,0,0,184
44b6_d29c9ab2,44b6,A_residual_m3.0,0,0,1302,0,0,29,0,0,1302
44b6_d2f34f90,44b6,A_residual_m3.0,0,0,274,0,0,4,0,0,274
44b6_d5e7d891,44b6,A_residual_m3.0,0,0,829,0,0,77,0,0,829
44b6_d754aa59,44b6,A_residual_m3.0,0,1,67,0,0,2,0,1,67
44b6_d78e09d9,44b6,A_residual_m3.0,0,0,426,0,0,23,0,0,426
44b6_db3c847b,44b6,A_residual_m3.0,0,0,153,0,0,8,0,0,153
44b6_ddf577ad,44b6,A_residual_m3.0,0,0,604,0,0,59,0,0,604
44b6_deabac95,44b6,A_residual_m3.0,0,0,121,0,0,6,0,0,121
44b6_e28840c6,44b6,A_residual_m3.0,0,0,287,0,0,10,0,0,287
44b6_e29f0176,44b6,A_residual_m3.0,0,0,47,0,0,3,0,0,47
44b6_e31261b4,44b6,A_residual_m3.0,0,0,107,0,0,8,0,0,107
44b6_e35b117d,44b6,A_residual_m3.0,0,0,237,0,0,21,0,0,237
44b6_e57ff5c6,44b6,A_residual_m3.0,0,0,159,0,0,15,0,0,159
44b6_eb2880fc,44b6,A_residual_m3.0,0,0,367,0,0,13,0,0,367
44b6_f28707c6,44b6,A_residual_m3.0,0,0,60,0,0,1,0,0,60
6bba_05b6850b,6bba,A_residual_m3.0,0,1,829,0,0,15,0,1,829
6bba_05db0fb1,6bba,A_residual_m3.0,0,0,1106,0,2,76,0,0,1106
6bba_062c8d37,6bba,A_residual_m3.0,0,0,897,0,0,1,0,0,897
6bba_07477033,6bba,A_residual_m3.0,0,0,595,0,1,10,0,0,595
6bba_07e24132,6bba,A_residual_m3.0,0,0,309,0,0,17,0,0,309
6bba_085bf656,6bba,A_residual_m3.0,0,0,1162,0,0,2,0,0,1162
6bba_09961292,6bba,A_residual_m3.0,0,2,1794,0,1,92,0,2,1794
6bba_0c7fa718,6bba,A_residual_m3.0,0,0,638,0,0,13,0,0,638
6bba_0e7c0d07,6bba,A_residual_m3.0,0,0,176,0,0,18,0,0,176
6bba_12665c0e,6bba,A_residual_m3.0,0,2,963,0,1,5,0,2,963
6bba_13f19531,6bba,A_residual_m3.0,0,1,697,0,0,8,0,1,697
6bba_15403b9a,6bba,A_residual_m3.0,0,3,715,0,0,10,0,3,715
6bba_1d0d8384,6bba,A_residual_m3.0,0,0,1261,0,2,77,0,0,1261
6bba_1ebfb80d,6bba,A_residual_m3.0,0,0,689,0,0,19,0,0,689
6bba_1f58c2f6,6bba,A_residual_m3.0,0,0,269,0,0,34,0,0,269
6bba_207c6aaf,6bba,A_residual_m3.0,0,1,355,0,1,67,0,1,355
6bba_20852818,6bba,A_residual_m3.0,0,0,846,0,0,29,0,0,846
6bba_2312ac41,6bba,A_residual_m3.0,0,0,1124,0,0,8,0,0,1124
6bba_23af9eeb,6bba,A_residual_m3.0,0,0,499,0,0,0,0,0,499
6bba_2540cd90,6bba,A_residual_m3.0,0,0,523,0,0,0,0,0,523
6bba_2646afc7,6bba,A_residual_m3.0,0,1,699,0,0,16,0,1,699
6bba_268e1230,6bba,A_residual_m3.0,0,3,575,0,1,19,0,3,575
6bba_2819ca14,6bba,A_residual_m3.0,0,7,926,0,0,4,0,7,926
6bba_283bf9f1,6bba,A_residual_m3.0,0,1,1253,0,0,20,0,1,1253
6bba_312f0dc3,6bba,A_residual_m3.0,0,0,488,0,0,20,0,0,488
6bba_32db13fc,6bba,A_residual_m3.0,0,0,685,0,1,93,0,0,685
6bba_337b1b3a,6bba,A_residual_m3.0,0,0,1193,0,1,26,0,0,1193
6bba_372c8cb8,6bba,A_residual_m3.0,0,0,1003,0,0,0,0,0,1003
6bba_3a1849c2,6bba,A_residual_m3.0,0,0,1108,0,1,38,0,0,1108
6bba_3abfe10a,6bba,A_residual_m3.0,0,2,842,0,0,99,0,2,842
6bba_3c5691b6,6bba,A_residual_m3.0,0,0,742,0,0,4,0,0,742
6bba_3db54e20,6bba,A_residual_m3.0,0,0,443,0,0,33,0,0,443
6bba_3fda6b25,6bba,A_residual_m3.0,0,1,1168,0,0,6,0,1,1168
6bba_43fea39d,6bba,A_residual_m3.0,0,3,860,0,0,5,0,3,860
6bba_474be664,6bba,A_residual_m3.0,0,1,236,0,0,33,0,1,236
6bba_48816121,6bba,A_residual_m3.0,0,0,888,0,0,22,0,0,888
6bba_4aa14c89,6bba,A_residual_m3.0,0,0,650,0,0,27,0,0,650
6bba_4f99ce20,6bba,A_residual_m3.0,0,0,1000,0,0,3,0,0,1000
6bba_4ffd3da3,6bba,A_residual_m3.0,0,0,650,0,0,26,0,0,650
6bba_55b7eebe,6bba,A_residual_m3.0,0,0,684,0,0,2,0,0,684
6bba_55c70843,6bba,A_residual_m3.0,0,0,397,0,0,71,0,0,397
6bba_57b7cc1e,6bba,A_residual_m3.0,0,3,1267,0,2,310,0,3,1267
6bba_5a4d9360,6bba,A_residual_m3.0,0,4,713,0,0,2,0,4,713
6bba_5b28472a,6bba,A_residual_m3.0,0,1,714,0,0,3,0,1,714
6bba_5c039895,6bba,A_residual_m3.0,0,0,1136,0,0,12,0,0,1136
6bba_5c824876,6bba,A_residual_m3.0,0,0,1094,0,0,38,0,0,1094
6bba_5dfe9ad1,6bba,A_residual_m3.0,0,0,1439,0,0,13,0,0,1439
6bba_5f89039d,6bba,A_residual_m3.0,0,0,885,0,0,0,0,0,885
6bba_61dd1e0d,6bba,A_residual_m3.0,0,0,530,0,0,9,0,0,530
6bba_61ecbe65,6bba,A_residual_m3.0,0,2,605,0,0,5,0,2,605
6bba_6321a359,6bba,A_residual_m3.0,0,0,784,0,1,5,0,0,784
6bba_6479435d,6bba,A_residual_m3.0,0,0,472,0,0,66,0,0,472
6bba_67ebd073,6bba,A_residual_m3.0,0,1,390,0,1,59,0,1,390
6bba_6ca87370,6bba,A_residual_m3.0,0,1,1039,0,0,6,0,1,1039
6bba_6db0e9b4,6bba,A_residual_m3.0,0,0,430,0,0,12,0,0,430
6bba_6feb10f0,6bba,A_residual_m3.0,0,1,1112,0,2,99,0,1,1112
6bba_6feeb0b1,6bba,A_residual_m3.0,0,0,1323,0,0,9,0,0,1323
6bba_705ec2c9,6bba,A_residual_m3.0,0,0,539,0,0,24,0,0,539
6bba_718b21f9,6bba,A_residual_m3.0,0,0,649,0,0,0,0,0,649
6bba_74686d6a,6bba,A_residual_m3.0,0,1,554,0,0,28,0,1,554
6bba_767a1e17,6bba,A_residual_m3.0,0,0,577,0,2,60,0,0,577
6bba_76db78c1,6bba,A_residual_m3.0,0,0,604,0,0,0,0,0,604
6bba_784a78c9,6bba,A_residual_m3.0,0,0,1729,0,0,4,0,0,1729
6bba_786893ac,6bba,A_residual_m3.0,0,2,1178,0,3,245,0,2,1178
6bba_789f8168,6bba,A_residual_m3.0,0,0,675,0,0,6,0,0,675
6bba_78a7bd97,6bba,A_residual_m3.0,0,1,738,0,0,87,0,1,738
6bba_7af54fde,6bba,A_residual_m3.0,0,1,1041,0,0,37,0,1,1041
6bba_7b5d3b2c,6bba,A_residual_m3.0,0,1,544,0,0,7,0,1,544
6bba_7d3058ae,6bba,A_residual_m3.0,0,0,1168,0,0,3,0,0,1168
6bba_7f87b3d8,6bba,A_residual_m3.0,0,0,912,0,0,20,0,0,912
6bba_80d12824,6bba,A_residual_m3.0,0,2,626,0,0,16,0,2,626
6bba_825bd1c6,6bba,A_residual_m3.0,0,1,897,0,0,44,0,1,897
6bba_87289e13,6bba,A_residual_m3.0,0,0,688,0,0,11,0,0,688
6bba_8b7818bf,6bba,A_residual_m3.0,0,0,724,0,0,0,0,0,724
6bba_907271db,6bba,A_residual_m3.0,0,0,914,0,0,5,0,0,914
6bba_91951b3a,6bba,A_residual_m3.0,0,8,1132,0,0,8,0,8,1132
6bba_96833384,6bba,A_residual_m3.0,0,0,705,0,0,4,0,0,705
6bba_969618f6,6bba,A_residual_m3.0,0,1,650,0,0,1,0,1,650
6bba_971fa5e0,6bba,A_residual_m3.0,0,3,762,0,0,2,0,3,762
6bba_9a41d029,6bba,A_residual_m3.0,0,2,1312,0,0,28,0,2,1312
6bba_9e23430b,6bba,A_residual_m3.0,0,2,863,0,0,22,0,2,863
6bba_a5e926bb,6bba,A_residual_m3.0,0,3,689,0,0,7,0,3,689
6bba_a90a0b9c,6bba,A_residual_m3.0,0,1,873,0,2,190,0,1,873
6bba_ab78413d,6bba,A_residual_m3.0,0,3,940,0,1,103,0,3,940
6bba_acd782a8,6bba,A_residual_m3.0,0,0,311,0,1,21,0,0,311
6bba_ae82a791,6bba,A_residual_m3.0,0,0,1464,0,0,10,0,0,1464
6bba_aeee7805,6bba,A_residual_m3.0,0,1,761,0,0,4,0,1,761
6bba_af149c94,6bba,A_residual_m3.0,0,0,1272,0,0,26,0,0,1272
6bba_afb141ff,6bba,A_residual_m3.0,0,0,613,0,0,19,0,0,613
6bba_b1ae37b9,6bba,A_residual_m3.0,0,0,546,0,0,39,0,0,546
6bba_b204cac7,6bba,A_residual_m3.0,0,1,794,0,0,7,0,1,794
6bba_b329af44,6bba,A_residual_m3.0,0,0,1178,0,1,62,0,0,1178
6bba_b693381b,6bba,A_residual_m3.0,0,1,928,0,0,7,0,1,928
6bba_bb9f20c3,6bba,A_residual_m3.0,0,1,1796,0,1,82,0,1,1796
6bba_bbb708ca,6bba,A_residual_m3.0,0,0,854,0,0,3,0,0,854
6bba_c27cba08,6bba,A_residual_m3.0,0,0,478,0,0,12,0,0,478
6bba_c328f2fd,6bba,A_residual_m3.0,0,1,440,0,0,27,0,1,440
6bba_c73a1d11,6bba,A_residual_m3.0,0,1,544,0,1,92,0,1,544
6bba_cdcfe533,6bba,A_residual_m3.0,0,0,1335,0,0,12,0,0,1335
6bba_cf35214c,6bba,A_residual_m3.0,0,0,815,0,0,3,0,0,815
6bba_cff5865f,6bba,A_residual_m3.0,0,0,1455,0,0,43,0,0,1455
6bba_d0fc38b5,6bba,A_residual_m3.0,0,1,812,0,0,0,0,1,812
6bba_d1acb6ff,6bba,A_residual_m3.0,0,1,608,0,0,27,0,1,608
6bba_d2b9fc0c,6bba,A_residual_m3.0,0,0,917,0,0,7,0,0,917
6bba_d3da753b,6bba,A_residual_m3.0,0,2,844,0,0,13,0,2,844
6bba_d5eae175,6bba,A_residual_m3.0,0,0,519,0,0,0,0,0,519
6bba_d6ecebbb,6bba,A_residual_m3.0,0,0,849,0,0,6,0,0,849
6bba_d82a4fc6,6bba,A_residual_m3.0,0,0,509,0,0,18,0,0,509
6bba_debd7bfa,6bba,A_residual_m3.0,0,0,719,0,0,5,0,0,719
6bba_df673a83,6bba,A_residual_m3.0,0,0,647,0,0,3,0,0,647
6bba_e16ffc58,6bba,A_residual_m3.0,0,0,934,0,0,10,0,0,934
6bba_e5e44988,6bba,A_residual_m3.0,0,10,614,0,0,5,0,10,614
6bba_ebdf3b34,6bba,A_residual_m3.0,0,0,761,0,0,33,0,0,761
6bba_ebff6e76,6bba,A_residual_m3.0,0,2,1032,0,0,250,0,2,1032
6bba_ed9377fd,6bba,A_residual_m3.0,0,0,497,0,0,2,0,0,497
6bba_edf14583,6bba,A_residual_m3.0,0,0,734,0,0,42,0,0,734
6bba_eebc57a5,6bba,A_residual_m3.0,0,1,927,0,0,71,0,1,927
6bba_ef7b4f7e,6bba,A_residual_m3.0,0,2,1176,0,0,7,0,2,1176
6bba_f17befbc,6bba,A_residual_m3.0,0,2,919,0,2,76,0,2,919
6bba_f1fde7e0,6bba,A_residual_m3.0,0,0,434,0,0,3,0,0,434
6bba_f20478e9,6bba,A_residual_m3.0,0,0,944,0,0,10,0,0,944
6bba_f4ae811c,6bba,A_residual_m3.0,0,5,954,0,0,3,0,5,954
6bba_f8ffd5e7,6bba,A_residual_m3.0,0,0,356,0,0,16,0,0,356
6bba_fbc898dc,6bba,A_residual_m3.0,0,1,634,0,0,6,0,1,634
6bba_fc516dc6,6bba,A_residual_m3.0,0,2,747,0,0,11,0,2,747
6bba_fc5f39dc,6bba,A_residual_m3.0,0,1,427,0,0,10,0,1,427
6bba_fc83837d,6bba,A_residual_m3.0,0,0,836,0,2,60,0,0,836
6bba_fe670320,6bba,A_residual_m3.0,0,0,672,0,0,5,0,0,672
