embryo,model_id,bin,n,mean_score,annotation_rate
6bba,constant,0,2246135,0.006516666617244482,0.04638501247698825
6bba,hgb_all_leaf15,0,2236865,0.006668518763035536,0.045865083498557134
6bba,hgb_all_leaf15,1,5202,0.13757164776325226,0.1255286428296809
6bba,hgb_all_leaf15,2,1991,0.24444438517093658,0.18282270215971874
6bba,hgb_all_leaf15,3,1103,0.34450045228004456,0.2302810516772439
6bba,hgb_all_leaf15,4,539,0.442947655916214,0.25788497217068646
6bba,hgb_all_leaf15,5,237,0.5421149134635925,0.3924050632911392
6bba,hgb_all_leaf15,6,106,0.6331748366355896,0.42452830188679247
6bba,hgb_all_leaf15,7,50,0.7421225905418396,0.32
6bba,hgb_all_leaf15,8,26,0.8481931090354919,0.6923076923076923
6bba,hgb_all_leaf15,9,16,0.9297031760215759,0.6875
6bba,hgb_all_leaf7,0,2238548,0.007174712605774403,0.04592441171688076
6bba,hgb_all_leaf7,1,3439,0.14557014405727386,0.12445478336725792
6bba,hgb_all_leaf7,2,2248,0.24444487690925598,0.18861209964412812
6bba,hgb_all_leaf7,3,1036,0.3428178131580353,0.22876447876447875
6bba,hgb_all_leaf7,4,543,0.4430971145629883,0.30755064456721914
6bba,hgb_all_leaf7,5,207,0.5438214540481567,0.3526570048309179
6bba,hgb_all_leaf7,6,60,0.6364696621894836,0.4
6bba,hgb_all_leaf7,7,18,0.7476872205734253,0.3888888888888889
6bba,hgb_all_leaf7,8,21,0.8365778923034668,0.6190476190476191
6bba,hgb_all_leaf7,9,15,0.9169262051582336,0.6666666666666666
6bba,hgb_all_leaf7_ambiguous_excluded,0,2238692,0.0069977776147425175,0.0459125239202177
6bba,hgb_all_leaf7_ambiguous_excluded,1,3275,0.14681071043014526,0.1316030534351145
6bba,hgb_all_leaf7_ambiguous_excluded,2,2326,0.24309174716472626,0.17798796216680998
6bba,hgb_all_leaf7_ambiguous_excluded,3,1001,0.3416941165924072,0.25374625374625376
6bba,hgb_all_leaf7_ambiguous_excluded,4,422,0.44436362385749817,0.3104265402843602
6bba,hgb_all_leaf7_ambiguous_excluded,5,265,0.5442623496055603,0.36981132075471695
6bba,hgb_all_leaf7_ambiguous_excluded,6,84,0.6381486058235168,0.39285714285714285
6bba,hgb_all_leaf7_ambiguous_excluded,7,25,0.7434960007667542,0.68
6bba,hgb_all_leaf7_ambiguous_excluded,8,23,0.8463361859321594,0.43478260869565216
6bba,hgb_all_leaf7_ambiguous_excluded,9,22,0.9261294007301331,0.6818181818181818
6bba,hgb_all_leaf7_high_confidence,0,2237383,0.007539978716522455,0.045861169053309156
6bba,hgb_all_leaf7_high_confidence,1,4952,0.14108742773532867,0.13247172859450726
6bba,hgb_all_leaf7_high_confidence,2,2014,0.24250856041908264,0.18371400198609733
6bba,hgb_all_leaf7_high_confidence,3,893,0.34407249093055725,0.2721164613661814
6bba,hgb_all_leaf7_high_confidence,4,528,0.4462733268737793,0.2821969696969697
6bba,hgb_all_leaf7_high_confidence,5,181,0.539992094039917,0.35359116022099446
6bba,hgb_all_leaf7_high_confidence,6,103,0.6384864449501038,0.4854368932038835
6bba,hgb_all_leaf7_high_confidence,7,43,0.7423691153526306,0.5116279069767442
6bba,hgb_all_leaf7_high_confidence,8,27,0.853247880935669,0.6296296296296297
6bba,hgb_all_leaf7_high_confidence,9,11,0.9205629229545593,0.6363636363636364
6bba,hgb_all_leaf7_shuffled,0,2245971,0.004928960464894772,0.04637771369265231
6bba,hgb_all_leaf7_shuffled,1,156,0.12561698257923126,0.14102564102564102
6bba,hgb_all_leaf7_shuffled,2,6,0.2255449742078781,0.3333333333333333
6bba,hgb_all_leaf7_shuffled,3,2,0.3499041199684143,0.0
6bba,hgb_all_leaf7_synthetic,0,2246086,0.0064926911145448685,0.0463855791808506
6bba,hgb_all_leaf7_synthetic,1,48,0.11562793701887131,0.020833333333333332
6bba,hgb_all_leaf7_synthetic,2,1,0.2004816234111786,0.0
6bba,hgb_appearance_quality_leaf15,0,2229667,0.008182918652892113,0.04557227603942651
6bba,hgb_appearance_quality_leaf15,1,11315,0.14491763710975647,0.14184710561201944
6bba,hgb_appearance_quality_leaf15,2,4591,0.23506484925746918,0.1736005227619255
6bba,hgb_appearance_quality_leaf15,3,541,0.323903352022171,0.2975970425138632
6bba,hgb_appearance_quality_leaf15,4,21,0.412847101688385,0.6190476190476191
6bba,hgb_appearance_quality_leaf7,0,2230865,0.008376963436603546,0.045450083263666785
6bba,hgb_appearance_quality_leaf7,1,9089,0.15221939980983734,0.21311475409836064
6bba,hgb_appearance_quality_leaf7,2,6181,0.2077111452817917,0.13865070376961658
6bba,hgb_geometry_time_leaf15,0,2239704,0.0058998106978833675,0.046076624411082893
6bba,hgb_geometry_time_leaf15,1,3079,0.14368662238121033,0.08249431633647288
6bba,hgb_geometry_time_leaf15,2,1798,0.2439321130514145,0.14015572858731926
6bba,hgb_geometry_time_leaf15,3,854,0.34212034940719604,0.21194379391100704
6bba,hgb_geometry_time_leaf15,4,357,0.4429991543292999,0.31092436974789917
6bba,hgb_geometry_time_leaf15,5,205,0.5445317625999451,0.48292682926829267
6bba,hgb_geometry_time_leaf15,6,137,0.6467501521110535,0.6715328467153284
6bba,hgb_geometry_time_leaf15,7,1,0.7192370295524597,0.0
6bba,hgb_geometry_time_leaf7,0,2240824,0.006053639575839043,0.04609197330981817
6bba,hgb_geometry_time_leaf7,1,1606,0.16088451445102692,0.06911581569115816
6bba,hgb_geometry_time_leaf7,2,2304,0.24599488079547882,0.15885416666666666
6bba,hgb_geometry_time_leaf7,3,858,0.33884379267692566,0.23076923076923078
6bba,hgb_geometry_time_leaf7,4,311,0.43809473514556885,0.34726688102893893
6bba,hgb_geometry_time_leaf7,5,206,0.5525516867637634,0.49029126213592233
6bba,hgb_geometry_time_leaf7,6,26,0.6234226226806641,0.7307692307692307
6bba,hgb_predicted_temporal_leaf15,0,2245672,0.006178209092468023,0.04637809974030045
6bba,hgb_predicted_temporal_leaf15,1,418,0.12781517207622528,0.0861244019138756
6bba,hgb_predicted_temporal_leaf15,2,37,0.2291119247674942,0.02702702702702703
6bba,hgb_predicted_temporal_leaf15,3,6,0.3440186679363251,0.0
6bba,hgb_predicted_temporal_leaf15,4,2,0.4051513671875,0.0
6bba,hgb_predicted_temporal_leaf7,0,2246047,0.006281181238591671,0.04638371325266123
6bba,hgb_predicted_temporal_leaf7,1,86,0.12255506962537766,0.06976744186046512
6bba,hgb_predicted_temporal_leaf7,2,2,0.21899163722991943,0.5
6bba,logistic_all_C0.1,0,2240311,0.008102466352283955,0.04585657973379589
6bba,logistic_all_C0.1,1,5296,0.12766700983047485,0.23923716012084592
6bba,logistic_all_C0.1,2,425,0.23807235062122345,0.36941176470588233
6bba,logistic_all_C0.1,3,79,0.3360917568206787,0.35443037974683544
6bba,logistic_all_C0.1,4,15,0.4322066903114319,0.13333333333333333
6bba,logistic_all_C0.1,5,6,0.548907458782196,0.0
6bba,logistic_all_C0.1,6,2,0.6428717374801636,0.0
6bba,logistic_all_C0.1,7,1,0.7774592638015747,0.0
6bba,logistic_all_C1,0,2238489,0.008162352256476879,0.04568930202471399
6bba,logistic_all_C1,1,6780,0.1296001523733139,0.23967551622418878
6bba,logistic_all_C1,2,665,0.2373277246952057,0.3172932330827068
6bba,logistic_all_C1,3,145,0.336947500705719,0.43448275862068964
6bba,logistic_all_C1,4,39,0.4355683922767639,0.3076923076923077
6bba,logistic_all_C1,5,10,0.5388075113296509,0.1
6bba,logistic_all_C1,6,4,0.6419457197189331,0.0
6bba,logistic_all_C1,7,2,0.7613344192504883,0.0
6bba,logistic_all_C1,8,1,0.8826298713684082,0.0
6bba,logistic_all_C10,0,2238357,0.008214486762881279,0.045667424812038476
6bba,logistic_all_C10,1,6900,0.1295343041419983,0.24057971014492754
6bba,logistic_all_C10,2,672,0.23694506287574768,0.3288690476190476
6bba,logistic_all_C10,3,152,0.3368484675884247,0.48026315789473684
6bba,logistic_all_C10,4,37,0.43794044852256775,0.32432432432432434
6bba,logistic_all_C10,5,11,0.5392409563064575,0.09090909090909091
6bba,logistic_all_C10,6,3,0.6419454216957092,0.0
6bba,logistic_all_C10,7,2,0.7480241060256958,0.0
6bba,logistic_all_C10,8,1,0.8753170371055603,0.0
6bba,logistic_appearance_quality_C0.1,0,2243793,0.008611307479441166,0.046261397553161096
6bba,logistic_appearance_quality_C0.1,1,2048,0.12902534008026123,0.17724609375
6bba,logistic_appearance_quality_C0.1,2,233,0.23739825189113617,0.0815450643776824
6bba,logistic_appearance_quality_C0.1,3,37,0.34028616547584534,0.08108108108108109
6bba,logistic_appearance_quality_C0.1,4,13,0.4586890935897827,0.07692307692307693
6bba,logistic_appearance_quality_C0.1,5,6,0.5557501912117004,0.0
6bba,logistic_appearance_quality_C0.1,6,3,0.6485768556594849,0.0
6bba,logistic_appearance_quality_C0.1,7,2,0.7413202524185181,0.0
6bba,logistic_appearance_quality_C1,0,2242546,0.008670462295413017,0.04617207406224889
6bba,logistic_appearance_quality_C1,1,3072,0.12976320087909698,0.19205729166666666
6bba,logistic_appearance_quality_C1,2,395,0.23631727695465088,0.11139240506329114
6bba,logistic_appearance_quality_C1,3,79,0.34420427680015564,0.11392405063291139
6bba,logistic_appearance_quality_C1,4,26,0.44105273485183716,0.0
6bba,logistic_appearance_quality_C1,5,9,0.5585246682167053,0.1111111111111111
6bba,logistic_appearance_quality_C1,6,3,0.6486913561820984,0.0
6bba,logistic_appearance_quality_C1,7,3,0.7564237713813782,0.0
6bba,logistic_appearance_quality_C1,8,2,0.8432300686836243,0.0
6bba,logistic_appearance_quality_C10,0,2242356,0.00867618527263403,0.04615458027182125
6bba,logistic_appearance_quality_C10,1,3225,0.12991392612457275,0.19596899224806202
6bba,logistic_appearance_quality_C10,2,418,0.23653462529182434,0.11961722488038277
6bba,logistic_appearance_quality_C10,3,87,0.34169337153434753,0.10344827586206896
6bba,logistic_appearance_quality_C10,4,32,0.44336065649986267,0.0
6bba,logistic_appearance_quality_C10,5,7,0.5532935857772827,0.14285714285714285
6bba,logistic_appearance_quality_C10,6,4,0.6258050799369812,0.0
6bba,logistic_appearance_quality_C10,7,4,0.7539802193641663,0.0
6bba,logistic_appearance_quality_C10,8,2,0.8537859916687012,0.0
6bba,logistic_geometry_time_C0.1,0,2246135,0.0065587786957621574,0.04638501247698825
6bba,logistic_geometry_time_C1,0,2246135,0.006560856476426125,0.04638501247698825
6bba,logistic_geometry_time_C10,0,2246135,0.006561068817973137,0.04638501247698825
6bba,logistic_predicted_temporal_C0.1,0,2246135,0.006460426840931177,0.04638501247698825
6bba,logistic_predicted_temporal_C1,0,2246135,0.006461378652602434,0.04638501247698825
6bba,logistic_predicted_temporal_C10,0,2246135,0.006461477372795343,0.04638501247698825
6bba,image_only_seed20260908,0,2246135,0.008714716881513596,0.04638501247698825
6bba,image_only_seed314159,0,2246135,0.0055433157831430435,0.04638501247698825
6bba,image_plus_tabular_seed20260908,0,2245238,0.009531660936772823,0.0463696944377389
6bba,image_plus_tabular_seed20260908,1,892,0.11821340024471283,0.08520179372197309
6bba,image_plus_tabular_seed20260908,2,4,0.2229253053665161,0.0
6bba,image_plus_tabular_seed20260908,9,1,0.9813272356987,0.0
6bba,image_plus_tabular_seed314159,0,2230871,0.013570371083915234,0.04597307509040191
6bba,image_plus_tabular_seed314159,1,14825,0.12498112767934799,0.10569983136593591
6bba,image_plus_tabular_seed314159,2,437,0.2227480262517929,0.13729977116704806
6bba,image_plus_tabular_seed314159,3,2,0.34384429454803467,0.0
44b6,constant,0,2890526,0.046791668981313705,0.0066036423820439605
44b6,hgb_all_leaf15,0,2819055,0.02778845652937889,0.006214493864078565
44b6,hgb_all_leaf15,1,60589,0.13056042790412903,0.0211589562461833
44b6,hgb_all_leaf15,2,7829,0.23741601407527924,0.027078809554221484
44b6,hgb_all_leaf15,3,2003,0.338379442691803,0.022965551672491265
44b6,hgb_all_leaf15,4,603,0.4402921199798584,0.03150912106135987
44b6,hgb_all_leaf15,5,267,0.5426391363143921,0.02247191011235955
44b6,hgb_all_leaf15,6,107,0.6406696438789368,0.028037383177570093
44b6,hgb_all_leaf15,7,47,0.7390252947807312,0.02127659574468085
44b6,hgb_all_leaf15,8,26,0.8330743312835693,0.0
44b6,hgb_all_leaf7,0,2827670,0.02909138984978199,0.00623693712491203
44b6,hgb_all_leaf7,1,56216,0.12847618758678436,0.022164508325032018
44b6,hgb_all_leaf7,2,5019,0.2354397028684616,0.029886431560071727
44b6,hgb_all_leaf7,3,1024,0.3400898873806,0.0361328125
44b6,hgb_all_leaf7,4,338,0.441168874502182,0.038461538461538464
44b6,hgb_all_leaf7,5,158,0.540751039981842,0.02531645569620253
44b6,hgb_all_leaf7,6,65,0.6373447179794312,0.03076923076923077
44b6,hgb_all_leaf7,7,16,0.7499379515647888,0.0
44b6,hgb_all_leaf7,8,19,0.8371341824531555,0.0
44b6,hgb_all_leaf7,9,1,0.9057079553604126,0.0
44b6,hgb_all_leaf7_ambiguous_excluded,0,2820971,0.02923402562737465,0.006188649227517759
44b6,hgb_all_leaf7_ambiguous_excluded,1,60825,0.12900935113430023,0.022392108508014798
44b6,hgb_all_leaf7_ambiguous_excluded,2,6531,0.236786350607872,0.03154187720104119
44b6,hgb_all_leaf7_ambiguous_excluded,3,1412,0.33943313360214233,0.024079320113314446
44b6,hgb_all_leaf7_ambiguous_excluded,4,520,0.4436973035335541,0.03653846153846154
44b6,hgb_all_leaf7_ambiguous_excluded,5,176,0.5388242602348328,0.045454545454545456
44b6,hgb_all_leaf7_ambiguous_excluded,6,55,0.6379076242446899,0.01818181818181818
44b6,hgb_all_leaf7_ambiguous_excluded,7,22,0.7481815218925476,0.0
44b6,hgb_all_leaf7_ambiguous_excluded,8,13,0.8357972502708435,0.0
44b6,hgb_all_leaf7_ambiguous_excluded,9,1,0.9026122689247131,0.0
44b6,hgb_all_leaf7_high_confidence,0,2777900,0.032337747514247894,0.00629900284387487
44b6,hgb_all_leaf7_high_confidence,1,98794,0.1303570568561554,0.014292365933153835
44b6,hgb_all_leaf7_high_confidence,2,10852,0.23518510162830353,0.011702911905639513
44b6,hgb_all_leaf7_high_confidence,3,1907,0.33774474263191223,0.016255899318300997
44b6,hgb_all_leaf7_high_confidence,4,566,0.4381301701068878,0.03180212014134275
44b6,hgb_all_leaf7_high_confidence,5,186,0.5401036143302917,0.005376344086021506
44b6,hgb_all_leaf7_high_confidence,6,106,0.6470752954483032,0.009433962264150943
44b6,hgb_all_leaf7_high_confidence,7,120,0.7450979948043823,0.0
44b6,hgb_all_leaf7_high_confidence,8,63,0.8531948328018188,0.0
44b6,hgb_all_leaf7_high_confidence,9,32,0.9186446666717529,0.0
44b6,hgb_all_leaf7_shuffled,0,2875989,0.0357963927090168,0.006604336803791669
44b6,hgb_all_leaf7_shuffled,1,13114,0.12966078519821167,0.006862894616440445
44b6,hgb_all_leaf7_shuffled,2,1197,0.23357190191745758,0.003341687552213868
44b6,hgb_all_leaf7_shuffled,3,193,0.34099215269088745,0.0
44b6,hgb_all_leaf7_shuffled,4,25,0.4370339512825012,0.0
44b6,hgb_all_leaf7_shuffled,5,8,0.5353845357894897,0.0
44b6,hgb_all_leaf7_synthetic,0,2873141,0.04561280459165573,0.006614711912850779
44b6,hgb_all_leaf7_synthetic,1,15769,0.12908290326595306,0.005073244974316697
44b6,hgb_all_leaf7_synthetic,2,1194,0.23619648814201355,0.002512562814070352
44b6,hgb_all_leaf7_synthetic,3,330,0.3430974781513214,0.0
44b6,hgb_all_leaf7_synthetic,4,74,0.43281829357147217,0.0
44b6,hgb_all_leaf7_synthetic,5,13,0.540556788444519,0.0
44b6,hgb_all_leaf7_synthetic,6,2,0.6552230715751648,0.0
44b6,hgb_all_leaf7_synthetic,7,3,0.7250002026557922,0.0
44b6,hgb_appearance_quality_leaf15,0,2821342,0.027409672737121582,0.006441615373109676
44b6,hgb_appearance_quality_leaf15,1,56878,0.13209035992622375,0.013414677028024895
44b6,hgb_appearance_quality_leaf15,2,8716,0.23894932866096497,0.012849931161083065
44b6,hgb_appearance_quality_leaf15,3,2365,0.33926641941070557,0.009302325581395349
44b6,hgb_appearance_quality_leaf15,4,868,0.4440443217754364,0.012672811059907835
44b6,hgb_appearance_quality_leaf15,5,228,0.5415343046188354,0.013157894736842105
44b6,hgb_appearance_quality_leaf15,6,86,0.6492393612861633,0.03488372093023256
44b6,hgb_appearance_quality_leaf15,7,32,0.7410430908203125,0.0
44b6,hgb_appearance_quality_leaf15,8,7,0.8346043825149536,0.0
44b6,hgb_appearance_quality_leaf15,9,4,0.9255043864250183,0.0
44b6,hgb_appearance_quality_leaf7,0,2825717,0.027982942759990692,0.006438719801027492
44b6,hgb_appearance_quality_leaf7,1,55376,0.13049004971981049,0.013941057497832997
44b6,hgb_appearance_quality_leaf7,2,7107,0.23854675889015198,0.013367102856338822
44b6,hgb_appearance_quality_leaf7,3,1577,0.3392185866832733,0.008877615726062143
44b6,hgb_appearance_quality_leaf7,4,491,0.4389590322971344,0.014256619144602852
44b6,hgb_appearance_quality_leaf7,5,176,0.5402584671974182,0.022727272727272728
44b6,hgb_appearance_quality_leaf7,6,56,0.645691990852356,0.03571428571428571
44b6,hgb_appearance_quality_leaf7,7,15,0.7365401387214661,0.0
44b6,hgb_appearance_quality_leaf7,8,10,0.8264711499214172,0.0
44b6,hgb_appearance_quality_leaf7,9,1,0.9113470315933228,0.0
44b6,hgb_geometry_time_leaf15,0,2862821,0.04709281027317047,0.006149528734070345
44b6,hgb_geometry_time_leaf15,1,25988,0.12023360282182693,0.03101431429890719
44b6,hgb_geometry_time_leaf15,2,881,0.2349296510219574,0.26787741203178206
44b6,hgb_geometry_time_leaf15,3,434,0.3451440930366516,0.391705069124424
44b6,hgb_geometry_time_leaf15,4,283,0.4468851685523987,0.568904593639576
44b6,hgb_geometry_time_leaf15,5,119,0.5159735679626465,0.9243697478991597
44b6,hgb_geometry_time_leaf7,0,2873923,0.0474311001598835,0.006064880652682762
44b6,hgb_geometry_time_leaf7,1,15056,0.11763130128383636,0.06761424017003188
44b6,hgb_geometry_time_leaf7,2,1033,0.24222493171691895,0.2584704743465634
44b6,hgb_geometry_time_leaf7,3,319,0.3393785357475281,0.6238244514106583
44b6,hgb_geometry_time_leaf7,4,195,0.4246610999107361,0.8923076923076924
44b6,hgb_predicted_temporal_leaf15,0,2815794,0.046993423253297806,0.00648804564538457
44b6,hgb_predicted_temporal_leaf15,1,63383,0.13652727007865906,0.010412886736191092
44b6,hgb_predicted_temporal_leaf15,2,9865,0.23702800273895264,0.013786112519006589
44b6,hgb_predicted_temporal_leaf15,3,1435,0.330756276845932,0.014634146341463415
44b6,hgb_predicted_temporal_leaf15,4,49,0.43408074975013733,0.04081632653061224
44b6,hgb_predicted_temporal_leaf7,0,2820687,0.047394827008247375,0.006487426644643663
44b6,hgb_predicted_temporal_leaf7,1,61841,0.1431758999824524,0.010882747691660873
44b6,hgb_predicted_temporal_leaf7,2,7765,0.2311120629310608,0.014166130070830651
44b6,hgb_predicted_temporal_leaf7,3,233,0.3192678987979889,0.02575107296137339
44b6,logistic_all_C0.1,0,2856310,0.029234714806079865,0.006351201375200871
44b6,logistic_all_C0.1,1,30998,0.12719318270683289,0.0262597586941093
44b6,logistic_all_C0.1,2,2530,0.23484542965888977,0.043478260869565216
44b6,logistic_all_C0.1,3,481,0.33839672803878784,0.04365904365904366
44b6,logistic_all_C0.1,4,148,0.44551312923431396,0.006756756756756757
44b6,logistic_all_C0.1,5,43,0.5370720028877258,0.023255813953488372
44b6,logistic_all_C0.1,6,11,0.6318953037261963,0.0
44b6,logistic_all_C0.1,7,5,0.7184436917304993,0.0
44b6,logistic_all_C1,0,2855011,0.029069475829601288,0.006345334571390443
44b6,logistic_all_C1,1,32054,0.12742140889167786,0.025987396268796405
44b6,logistic_all_C1,2,2707,0.23527972400188446,0.0421130402659771
44b6,logistic_all_C1,3,507,0.337810218334198,0.04142011834319527
44b6,logistic_all_C1,4,172,0.44293639063835144,0.01744186046511628
44b6,logistic_all_C1,5,54,0.5360391139984131,0.018518518518518517
44b6,logistic_all_C1,6,15,0.6347585320472717,0.0
44b6,logistic_all_C1,7,6,0.7319722771644592,0.0
44b6,logistic_all_C10,0,2854837,0.029046237468719482,0.006346071597082425
44b6,logistic_all_C10,1,32205,0.1274569183588028,0.025803446669771773
44b6,logistic_all_C10,2,2721,0.23540472984313965,0.04189636163175303
44b6,logistic_all_C10,3,512,0.3377764821052551,0.04296875
44b6,logistic_all_C10,4,173,0.4426725208759308,0.017341040462427744
44b6,logistic_all_C10,5,57,0.5361961126327515,0.017543859649122806
44b6,logistic_all_C10,6,15,0.637319028377533,0.0
44b6,logistic_all_C10,7,6,0.7344542145729065,0.0
44b6,logistic_appearance_quality_C0.1,0,2859263,0.029703732579946518,0.0064460666962080785
44b6,logistic_appearance_quality_C0.1,1,27883,0.12735015153884888,0.02040669942258724
44b6,logistic_appearance_quality_C0.1,2,2596,0.2367737591266632,0.02580893682588598
44b6,logistic_appearance_quality_C0.1,3,532,0.33880850672721863,0.03571428571428571
44b6,logistic_appearance_quality_C0.1,4,172,0.44047465920448303,0.011627906976744186
44b6,logistic_appearance_quality_C0.1,5,59,0.5414993762969971,0.0
44b6,logistic_appearance_quality_C0.1,6,12,0.6232302784919739,0.0
44b6,logistic_appearance_quality_C0.1,7,9,0.7392354607582092,0.0
44b6,logistic_appearance_quality_C1,0,2857934,0.029540417715907097,0.006445915126101582
44b6,logistic_appearance_quality_C1,1,28934,0.12765930593013763,0.01973456832791871
44b6,logistic_appearance_quality_C1,2,2779,0.2368299514055252,0.02626844188557035
44b6,logistic_appearance_quality_C1,3,591,0.3387160897254944,0.030456852791878174
44b6,logistic_appearance_quality_C1,4,190,0.4407954216003418,0.021052631578947368
44b6,logistic_appearance_quality_C1,5,71,0.5426676273345947,0.0
44b6,logistic_appearance_quality_C1,6,18,0.6328775882720947,0.0
44b6,logistic_appearance_quality_C1,7,9,0.7578378319740295,0.0
44b6,logistic_appearance_quality_C10,0,2857794,0.02952277660369873,0.006444131382457938
44b6,logistic_appearance_quality_C10,1,29046,0.12770414352416992,0.019796185361151276
44b6,logistic_appearance_quality_C10,2,2799,0.23693601787090302,0.02679528403001072
44b6,logistic_appearance_quality_C10,3,597,0.33911460638046265,0.03015075376884422
44b6,logistic_appearance_quality_C10,4,192,0.44192448258399963,0.020833333333333332
44b6,logistic_appearance_quality_C10,5,71,0.544536292552948,0.0
44b6,logistic_appearance_quality_C10,6,18,0.6352815628051758,0.0
44b6,logistic_appearance_quality_C10,7,9,0.7597535848617554,0.0
44b6,logistic_geometry_time_C0.1,0,2890526,0.047618430107831955,0.0066036423820439605
44b6,logistic_geometry_time_C1,0,2890526,0.04761957749724388,0.0066036423820439605
44b6,logistic_geometry_time_C10,0,2890526,0.04761969670653343,0.0066036423820439605
44b6,logistic_predicted_temporal_C0.1,0,2886070,0.04870019480586052,0.006580228476786772
44b6,logistic_predicted_temporal_C0.1,1,4456,0.10482226312160492,0.021768402154398563
44b6,logistic_predicted_temporal_C1,0,2886019,0.04869964346289635,0.00658034475864504
44b6,logistic_predicted_temporal_C1,1,4507,0.10482367873191833,0.021522076769469715
44b6,logistic_predicted_temporal_C10,0,2886015,0.04869960620999336,0.006580353878964593
44b6,logistic_predicted_temporal_C10,1,4511,0.10482502728700638,0.02150299268454888
44b6,image_only_seed20260908,0,2768725,0.03595298156142235,0.006159513855655581
44b6,image_only_seed20260908,1,116028,0.12631221115589142,0.016254697142069157
44b6,image_only_seed20260908,2,5503,0.22962896525859833,0.02689442122478648
44b6,image_only_seed20260908,3,269,0.32448315620422363,0.0
44b6,image_only_seed20260908,4,1,0.40208563208580017,0.0
44b6,image_only_seed314159,0,2714627,0.03137528896331787,0.006179854543552393
44b6,image_only_seed314159,1,161235,0.1324157565832138,0.011914286600303903
44b6,image_only_seed314159,2,14271,0.22696197032928467,0.027398220166771774
44b6,image_only_seed314159,3,392,0.31889888644218445,0.0
44b6,image_only_seed314159,4,1,0.4128417670726776,0.0
44b6,image_plus_tabular_seed20260908,0,2827102,0.036289509385824203,0.006118986863579736
44b6,image_plus_tabular_seed20260908,1,60449,0.12161917984485626,0.02689870800178663
44b6,image_plus_tabular_seed20260908,2,2373,0.2344282865524292,0.05351875263379688
44b6,image_plus_tabular_seed20260908,3,450,0.33863288164138794,0.07777777777777778
44b6,image_plus_tabular_seed20260908,4,121,0.439984530210495,0.008264462809917356
44b6,image_plus_tabular_seed20260908,5,28,0.5314151644706726,0.0
44b6,image_plus_tabular_seed20260908,6,3,0.6814001202583313,0.0
44b6,image_plus_tabular_seed314159,0,2806391,0.025758519768714905,0.0060921660595405274
44b6,image_plus_tabular_seed314159,1,77274,0.12699492275714874,0.021262002743484224
44b6,image_plus_tabular_seed314159,2,5370,0.23535649478435516,0.05027932960893855
44b6,image_plus_tabular_seed314159,3,1061,0.3374580144882202,0.06314797360980208
44b6,image_plus_tabular_seed314159,4,313,0.4412464499473572,0.03194888178913738
44b6,image_plus_tabular_seed314159,5,87,0.5431950688362122,0.011494252873563218
44b6,image_plus_tabular_seed314159,6,28,0.6301193237304688,0.0
44b6,image_plus_tabular_seed314159,7,2,0.7271265983581543,0.0
