embryo,direction,model_id,subset,n,prevalence,auroc,average_precision,ap_over_prevalence,brier,interpretation,randomization_unit
6bba,44b6->6bba,quality,all,2246135,0.04638501247698825,0.6831608537843258,0.08377415056198868,1.8060607529975183,,"Matched sparse-GT membership, not true-cell status",
6bba,44b6->6bba,quality,high_confidence,1677243,0.056084300247489484,0.6414139132982568,0.08671892970807227,1.5462246890020543,,"Matched sparse-GT membership, not true-cell status",
6bba,44b6->6bba,quality,exclude_ambiguous_diagnostic,2222837,0.046871183087198925,0.6838308178156587,0.0846890076247535,1.8068459562285524,,"Matched sparse-GT membership, not true-cell status",
6bba,44b6->6bba,constant,all,2246135,0.04638501247698825,0.5,0.04638501247698825,1.0,0.04582292214035988,"Matched sparse-GT membership, not true-cell status",
6bba,44b6->6bba,constant,high_confidence,1677243,0.056084300247489484,0.5,0.056084300247489484,1.0,0.055395789444446564,"Matched sparse-GT membership, not true-cell status",
6bba,44b6->6bba,constant,exclude_ambiguous_diagnostic,2222837,0.046871183087198925,0.5,0.046871183087198925,1.0,0.04630275070667267,"Matched sparse-GT membership, not true-cell status",
6bba,44b6->6bba,hgb_all_leaf15,all,2246135,0.04638501247698825,0.6725815455934778,0.08677800638025754,1.8708199426120318,0.04537387564778328,"Matched sparse-GT membership, not true-cell status",
6bba,44b6->6bba,hgb_all_leaf15,high_confidence,1677243,0.056084300247489484,0.6373450581180127,0.0927957312230264,1.6545758940298134,0.05476365238428116,"Matched sparse-GT membership, not true-cell status",
6bba,44b6->6bba,hgb_all_leaf15,exclude_ambiguous_diagnostic,2222837,0.046871183087198925,0.6735068742458657,0.08804277206745992,1.8783987573700789,0.045839134603738785,"Matched sparse-GT membership, not true-cell status",
6bba,44b6->6bba,hgb_all_leaf7,all,2246135,0.04638501247698825,0.6798607995446811,0.09059510782402683,1.953111640726007,0.045297764241695404,"Matched sparse-GT membership, not true-cell status",
6bba,44b6->6bba,hgb_all_leaf7,high_confidence,1677243,0.056084300247489484,0.6460363863542826,0.09683746285930134,1.7266411889240982,0.05467316880822182,"Matched sparse-GT membership, not true-cell status",
6bba,44b6->6bba,hgb_all_leaf7,exclude_ambiguous_diagnostic,2222837,0.046871183087198925,0.6807153587134767,0.0918032755596403,1.9586293648455582,0.04576442763209343,"Matched sparse-GT membership, not true-cell status",
6bba,44b6->6bba,hgb_all_leaf7_ambiguous_excluded,all,2246135,0.04638501247698825,0.6716217201398907,0.08736876807136285,1.8835559894417786,0.045346345752477646,"Matched sparse-GT membership, not true-cell status",
6bba,44b6->6bba,hgb_all_leaf7_ambiguous_excluded,high_confidence,1677243,0.056084300247489484,0.6362141430441453,0.0933659188001549,1.6647425106161375,0.054732657968997955,"Matched sparse-GT membership, not true-cell status",
6bba,44b6->6bba,hgb_all_leaf7_ambiguous_excluded,exclude_ambiguous_diagnostic,2222837,0.046871183087198925,0.672481829342584,0.08859240315044432,1.8901251753263288,0.045812252908945084,"Matched sparse-GT membership, not true-cell status",
6bba,44b6->6bba,hgb_all_leaf7_high_confidence,all,2246135,0.04638501247698825,0.6719735627932533,0.08894018121556249,1.9174335947346353,0.04525795206427574,"Matched sparse-GT membership, not true-cell status",
6bba,44b6->6bba,hgb_all_leaf7_high_confidence,high_confidence,1677243,0.056084300247489484,0.6448302446440046,0.0983316579570904,1.753283138474961,0.05460185557603836,"Matched sparse-GT membership, not true-cell status",
6bba,44b6->6bba,hgb_all_leaf7_high_confidence,exclude_ambiguous_diagnostic,2222837,0.046871183087198925,0.6727511834589234,0.09021986350846793,1.924847156954057,0.04572085291147232,"Matched sparse-GT membership, not true-cell status",
6bba,44b6->6bba,hgb_all_leaf7_shuffled,all,2246135,0.04638501247698825,0.5170624467017293,0.05434185625702943,1.1715391104829087,0.045917801558971405,"Matched sparse-GT membership, not true-cell status",
6bba,44b6->6bba,hgb_all_leaf7_shuffled,high_confidence,1677243,0.056084300247489484,0.5170228512660251,0.06584470736519474,1.1740310046596714,0.05550820752978325,"Matched sparse-GT membership, not true-cell status",
6bba,44b6->6bba,hgb_all_leaf7_shuffled,exclude_ambiguous_diagnostic,2222837,0.046871183087198925,0.5168985034343607,0.054832627339766876,1.1698579751604843,0.04639878496527672,"Matched sparse-GT membership, not true-cell status",
6bba,44b6->6bba,hgb_all_leaf7_synthetic,all,2246135,0.04638501247698825,0.4951602802347954,0.04721768965043907,1.0179514271741097,0.04583626613020897,"Matched sparse-GT membership, not true-cell status",
6bba,44b6->6bba,hgb_all_leaf7_synthetic,high_confidence,1677243,0.056084300247489484,0.4931246317831385,0.056666567718631405,1.0103820047423697,0.055412281304597855,"Matched sparse-GT membership, not true-cell status",
6bba,44b6->6bba,hgb_all_leaf7_synthetic,exclude_ambiguous_diagnostic,2222837,0.046871183087198925,0.49534738385017263,0.047725991907725446,1.0182374065304953,0.04631613940000534,"Matched sparse-GT membership, not true-cell status",
6bba,44b6->6bba,hgb_appearance_quality_leaf15,all,2246135,0.04638501247698825,0.7021406114480717,0.09747749696576605,2.1014869191665073,0.04511517658829689,"Matched sparse-GT membership, not true-cell status",
6bba,44b6->6bba,hgb_appearance_quality_leaf15,high_confidence,1677243,0.056084300247489484,0.6740641458974197,0.103281220094766,1.8415353251980566,0.05444176122546196,"Matched sparse-GT membership, not true-cell status",
6bba,44b6->6bba,hgb_appearance_quality_leaf15,exclude_ambiguous_diagnostic,2222837,0.046871183087198925,0.7029249104717727,0.0984961701866692,2.1014227441928957,0.04558650404214859,"Matched sparse-GT membership, not true-cell status",
6bba,44b6->6bba,hgb_appearance_quality_leaf7,all,2246135,0.04638501247698825,0.7156193010703572,0.10241474819829151,2.207927576802955,0.04505620896816254,"Matched sparse-GT membership, not true-cell status",
6bba,44b6->6bba,hgb_appearance_quality_leaf7,high_confidence,1677243,0.056084300247489484,0.6885797435035511,0.10760212473970353,1.918578359092929,0.0543663427233696,"Matched sparse-GT membership, not true-cell status",
6bba,44b6->6bba,hgb_appearance_quality_leaf7,exclude_ambiguous_diagnostic,2222837,0.046871183087198925,0.716314782505235,0.10334245548841423,2.2048185832253564,0.04552726075053215,"Matched sparse-GT membership, not true-cell status",
6bba,44b6->6bba,hgb_geometry_time_leaf15,all,2246135,0.04638501247698825,0.555477714135941,0.0589358336837212,1.270579235328641,0.04575128108263016,"Matched sparse-GT membership, not true-cell status",
6bba,44b6->6bba,hgb_geometry_time_leaf15,high_confidence,1677243,0.056084300247489484,0.544172552665943,0.06874470026953323,1.2257387533797477,0.05528119578957558,"Matched sparse-GT membership, not true-cell status",
6bba,44b6->6bba,hgb_geometry_time_leaf15,exclude_ambiguous_diagnostic,2222837,0.046871183087198925,0.5560787202355941,0.05986834247791521,1.2772953131252616,0.04621879383921623,"Matched sparse-GT membership, not true-cell status",
6bba,44b6->6bba,hgb_geometry_time_leaf7,all,2246135,0.04638501247698825,0.5590479771363437,0.059697155016406336,1.2869923242129617,0.04572917893528938,"Matched sparse-GT membership, not true-cell status",
6bba,44b6->6bba,hgb_geometry_time_leaf7,high_confidence,1677243,0.056084300247489484,0.5476073373645294,0.06960912855676306,1.241151770630837,0.05525660142302513,"Matched sparse-GT membership, not true-cell status",
6bba,44b6->6bba,hgb_geometry_time_leaf7,exclude_ambiguous_diagnostic,2222837,0.046871183087198925,0.5596708104027602,0.06065255662280011,1.2940265772673667,0.04619808495044708,"Matched sparse-GT membership, not true-cell status",
6bba,44b6->6bba,hgb_predicted_temporal_leaf15,all,2246135,0.04638501247698825,0.5378189933240675,0.05145287130766909,1.1092563860620932,0.04583408311009407,"Matched sparse-GT membership, not true-cell status",
6bba,44b6->6bba,hgb_predicted_temporal_leaf15,high_confidence,1677243,0.056084300247489484,0.5163174321367838,0.058810451677319464,1.0486081027631617,0.05539160966873169,"Matched sparse-GT membership, not true-cell status",
6bba,44b6->6bba,hgb_predicted_temporal_leaf15,exclude_ambiguous_diagnostic,2222837,0.046871183087198925,0.5371858444414715,0.05188972099436902,1.107070860529243,0.046313993632793427,"Matched sparse-GT membership, not true-cell status",
6bba,44b6->6bba,hgb_predicted_temporal_leaf7,all,2246135,0.04638501247698825,0.5437329415214425,0.05246175408871155,1.1310065749090397,0.045814163982868195,"Matched sparse-GT membership, not true-cell status",
6bba,44b6->6bba,hgb_predicted_temporal_leaf7,high_confidence,1677243,0.056084300247489484,0.5184469792078563,0.059476036400725185,1.0604756792590548,0.05536825209856033,"Matched sparse-GT membership, not true-cell status",
6bba,44b6->6bba,hgb_predicted_temporal_leaf7,exclude_ambiguous_diagnostic,2222837,0.046871183087198925,0.5429198124606505,0.05287993479591987,1.1281971418887013,0.046293940395116806,"Matched sparse-GT membership, not true-cell status",
6bba,44b6->6bba,logistic_all_C0.1,all,2246135,0.04638501247698825,0.689925716739258,0.09879305546464082,2.1298486340529146,0.04510153830051422,"Matched sparse-GT membership, not true-cell status",
6bba,44b6->6bba,logistic_all_C0.1,high_confidence,1677243,0.056084300247489484,0.670125141627096,0.10690269461463205,1.9061073088705847,0.05444241315126419,"Matched sparse-GT membership, not true-cell status",
6bba,44b6->6bba,logistic_all_C0.1,exclude_ambiguous_diagnostic,2222837,0.046871183087198925,0.6907250648310199,0.1001443707828632,2.1365872202661302,0.04557109996676445,"Matched sparse-GT membership, not true-cell status",
6bba,44b6->6bba,logistic_all_C1,all,2246135,0.04638501247698825,0.6972933161261322,0.10312301446336163,2.223196868051319,0.0450204536318779,"Matched sparse-GT membership, not true-cell status",
6bba,44b6->6bba,logistic_all_C1,high_confidence,1677243,0.056084300247489484,0.6785575878274038,0.1114394398321489,1.9869988453165608,0.054336946457624435,"Matched sparse-GT membership, not true-cell status",
6bba,44b6->6bba,logistic_all_C1,exclude_ambiguous_diagnostic,2222837,0.046871183087198925,0.6982109654900859,0.10464915352310411,2.2326970780407938,0.0454883798956871,"Matched sparse-GT membership, not true-cell status",
6bba,44b6->6bba,logistic_all_C10,all,2246135,0.04638501247698825,0.6966047009383176,0.1033660861642191,2.228437174949545,0.045007750391960144,"Matched sparse-GT membership, not true-cell status",
6bba,44b6->6bba,logistic_all_C10,high_confidence,1677243,0.056084300247489484,0.6780879424154724,0.11183316824066941,1.9940191416701403,0.05432051420211792,"Matched sparse-GT membership, not true-cell status",
6bba,44b6->6bba,logistic_all_C10,exclude_ambiguous_diagnostic,2222837,0.046871183087198925,0.6974951254387114,0.1048800550851916,2.2376233791682463,0.04547552391886711,"Matched sparse-GT membership, not true-cell status",
6bba,44b6->6bba,logistic_appearance_quality_C0.1,all,2246135,0.04638501247698825,0.744373828213961,0.11878728166473837,2.5608979133867673,0.045124441385269165,"Matched sparse-GT membership, not true-cell status",
6bba,44b6->6bba,logistic_appearance_quality_C0.1,high_confidence,1677243,0.056084300247489484,0.7233724620756384,0.12420795241143126,2.214665278220908,0.05446917191147804,"Matched sparse-GT membership, not true-cell status",
6bba,44b6->6bba,logistic_appearance_quality_C0.1,exclude_ambiguous_diagnostic,2222837,0.046871183087198925,0.7449741837750314,0.1199443051607102,2.559020217978419,0.0455961599946022,"Matched sparse-GT membership, not true-cell status",
6bba,44b6->6bba,logistic_appearance_quality_C1,all,2246135,0.04638501247698825,0.7498976423934474,0.12444428966693112,2.682855582472212,0.04505321756005287,"Matched sparse-GT membership, not true-cell status",
6bba,44b6->6bba,logistic_appearance_quality_C1,high_confidence,1677243,0.056084300247489484,0.7304316068976681,0.13018672156264746,2.321268536616449,0.05437605082988739,"Matched sparse-GT membership, not true-cell status",
6bba,44b6->6bba,logistic_appearance_quality_C1,exclude_ambiguous_diagnostic,2222837,0.046871183087198925,0.750669390961203,0.12584082758722015,2.6848229402084107,0.045523881912231445,"Matched sparse-GT membership, not true-cell status",
6bba,44b6->6bba,logistic_appearance_quality_C10,all,2246135,0.04638501247698825,0.7505491699796172,0.1251702423252149,2.698506169149189,0.04504377022385597,"Matched sparse-GT membership, not true-cell status",
6bba,44b6->6bba,logistic_appearance_quality_C10,high_confidence,1677243,0.056084300247489484,0.7312687217090772,0.13095419918417436,2.334952894237747,0.05436370149254799,"Matched sparse-GT membership, not true-cell status",
6bba,44b6->6bba,logistic_appearance_quality_C10,exclude_ambiguous_diagnostic,2222837,0.046871183087198925,0.7513426673345067,0.12660118923060848,2.7010453095472378,0.04551428183913231,"Matched sparse-GT membership, not true-cell status",
6bba,44b6->6bba,logistic_geometry_time_C0.1,all,2246135,0.04638501247698825,0.5545487432384197,0.05736590142688746,1.23673355602409,0.04575006663799286,"Matched sparse-GT membership, not true-cell status",
6bba,44b6->6bba,logistic_geometry_time_C0.1,high_confidence,1677243,0.056084300247489484,0.5458171582205914,0.06734283267566751,1.2007430310888474,0.0553007498383522,"Matched sparse-GT membership, not true-cell status",
6bba,44b6->6bba,logistic_geometry_time_C0.1,exclude_ambiguous_diagnostic,2222837,0.046871183087198925,0.5552124460254972,0.05815295606274111,1.240697422861156,0.04622823745012283,"Matched sparse-GT membership, not true-cell status",
6bba,44b6->6bba,logistic_geometry_time_C1,all,2246135,0.04638501247698825,0.5544130411753221,0.05735201516012433,1.2364341863350117,0.04574975743889809,"Matched sparse-GT membership, not true-cell status",
6bba,44b6->6bba,logistic_geometry_time_C1,high_confidence,1677243,0.056084300247489484,0.5457120797329841,0.0673303999773863,1.2005213523262284,0.05530019477009773,"Matched sparse-GT membership, not true-cell status",
6bba,44b6->6bba,logistic_geometry_time_C1,exclude_ambiguous_diagnostic,2222837,0.046871183087198925,0.5550747174005315,0.05813854407532415,1.2403899420922122,0.04622790217399597,"Matched sparse-GT membership, not true-cell status",
6bba,44b6->6bba,logistic_geometry_time_C10,all,2246135,0.04638501247698825,0.5543992866791664,0.05735064448575895,1.2364046363943695,0.0457497276365757,"Matched sparse-GT membership, not true-cell status",
6bba,44b6->6bba,logistic_geometry_time_C10,high_confidence,1677243,0.056084300247489484,0.5457014470616762,0.06732917451137696,1.2004995018974287,0.05530013516545296,"Matched sparse-GT membership, not true-cell status",
6bba,44b6->6bba,logistic_geometry_time_C10,exclude_ambiguous_diagnostic,2222837,0.046871183087198925,0.5550607566557233,0.05813711946262908,1.2403595478797935,0.046227868646383286,"Matched sparse-GT membership, not true-cell status",
6bba,44b6->6bba,logistic_predicted_temporal_C0.1,all,2246135,0.04638501247698825,0.548207400904219,0.05233322347548761,1.1282356235529805,0.045808613300323486,"Matched sparse-GT membership, not true-cell status",
6bba,44b6->6bba,logistic_predicted_temporal_C0.1,high_confidence,1677243,0.056084300247489484,0.5145596095810567,0.05803308010912894,1.0347473330867971,0.05536797270178795,"Matched sparse-GT membership, not true-cell status",
6bba,44b6->6bba,logistic_predicted_temporal_C0.1,exclude_ambiguous_diagnostic,2222837,0.046871183087198925,0.5470371967352513,0.05269323575356474,1.1242139046401816,0.04628835618495941,"Matched sparse-GT membership, not true-cell status",
6bba,44b6->6bba,logistic_predicted_temporal_C1,all,2246135,0.04638501247698825,0.5481530026814545,0.05231434888243938,1.1278287120951556,0.045808471739292145,"Matched sparse-GT membership, not true-cell status",
6bba,44b6->6bba,logistic_predicted_temporal_C1,high_confidence,1677243,0.056084300247489484,0.5145204212512445,0.05801555629623241,1.0344348782140573,0.055367738008499146,"Matched sparse-GT membership, not true-cell status",
6bba,44b6->6bba,logistic_predicted_temporal_C1,exclude_ambiguous_diagnostic,2222837,0.046871183087198925,0.5469836281855782,0.05267443071560232,1.1238126978277263,0.04628821462392807,"Matched sparse-GT membership, not true-cell status",
6bba,44b6->6bba,logistic_predicted_temporal_C10,all,2246135,0.04638501247698825,0.5481476030844596,0.05231246054361119,1.1277880019880033,0.04580846056342125,"Matched sparse-GT membership, not true-cell status",
6bba,44b6->6bba,logistic_predicted_temporal_C10,high_confidence,1677243,0.056084300247489484,0.5145164810530916,0.058013807099742146,1.0344036895127176,0.055367711931467056,"Matched sparse-GT membership, not true-cell status",
6bba,44b6->6bba,logistic_predicted_temporal_C10,exclude_ambiguous_diagnostic,2222837,0.046871183087198925,0.5469783102690183,0.052672549393511695,1.1237725596881123,0.046288199722766876,"Matched sparse-GT membership, not true-cell status",
6bba,44b6->6bba,image_only_seed20260908,all,2246135,0.04638501247698825,0.5541493613983574,0.0507016649112209,1.0930613619296567,0.04562045633792877,"Matched sparse-GT membership, not true-cell status",
6bba,44b6->6bba,image_only_seed20260908,high_confidence,1677243,0.056084300247489484,0.5724865557490553,0.06528317456640156,1.1640187053831317,0.055143069475889206,"Matched sparse-GT membership, not true-cell status",
6bba,44b6->6bba,image_only_seed20260908,exclude_ambiguous_diagnostic,2222837,0.046871183087198925,0.5543330623326467,0.051234464183689946,1.0930909102160615,0.04609772935509682,"Matched sparse-GT membership, not true-cell status",
6bba,44b6->6bba,image_only_seed314159,all,2246135,0.04638501247698825,0.46870003967025625,0.04184796384201661,0.9021871851986139,0.04592032730579376,"Matched sparse-GT membership, not true-cell status",
6bba,44b6->6bba,image_only_seed314159,high_confidence,1677243,0.056084300247489484,0.49548390594189445,0.054189395583002356,0.9662132779382953,0.05552111938595772,"Matched sparse-GT membership, not true-cell status",
6bba,44b6->6bba,image_only_seed314159,exclude_ambiguous_diagnostic,2222837,0.046871183087198925,0.4679940636318445,0.04221312341084077,0.9006199679728092,0.046401314437389374,"Matched sparse-GT membership, not true-cell status",
6bba,44b6->6bba,image_plus_tabular_seed20260908,all,2246135,0.04638501247698825,0.5374526222832927,0.052127510880915134,1.123800729961553,0.045593131333589554,"Matched sparse-GT membership, not true-cell status",
6bba,44b6->6bba,image_plus_tabular_seed20260908,high_confidence,1677243,0.056084300247489484,0.5000193511426256,0.05688330289062308,1.0142464582709911,0.05507843941450119,"Matched sparse-GT membership, not true-cell status",
6bba,44b6->6bba,image_plus_tabular_seed20260908,exclude_ambiguous_diagnostic,2222837,0.046871183087198925,0.5367092498816692,0.05253627400743161,1.120865114705839,0.046069733798503876,"Matched sparse-GT membership, not true-cell status",
6bba,44b6->6bba,image_plus_tabular_seed314159,all,2246135,0.04638501247698825,0.6456119415476,0.07536513447351015,1.6247734009104562,0.04488825052976608,"Matched sparse-GT membership, not true-cell status",
6bba,44b6->6bba,image_plus_tabular_seed314159,high_confidence,1677243,0.056084300247489484,0.6149064124999598,0.08044639819727237,1.434383559075847,0.05416521057486534,"Matched sparse-GT membership, not true-cell status",
6bba,44b6->6bba,image_plus_tabular_seed314159,exclude_ambiguous_diagnostic,2222837,0.046871183087198925,0.6456670189862922,0.07604449500199337,1.622414669169339,0.04535488039255142,"Matched sparse-GT membership, not true-cell status",
6bba,44b6->6bba,hgb_all_leaf7_shuffled,independent_randomized_outer_target,2246135,0.03535940626899096,0.4963027771855026,0.03554700206018326,,0.03504430130124092,,maximal predicted nonbranching tracklet
6bba,44b6->6bba,hgb_all_leaf7_synthetic,independent_randomized_outer_target,2246135,0.04651946565990023,0.5018825431295197,0.04662348993051274,,0.04596574977040291,,maximal predicted nonbranching tracklet
44b6,6bba->44b6,quality,all,2890526,0.0066036423820439605,0.6282611342207055,0.011448755230694382,1.733703094193111,,"Matched sparse-GT membership, not true-cell status",
44b6,6bba->44b6,quality,high_confidence,2256020,0.007533621155840817,0.600539530437905,0.011976088528373943,1.589685528464473,,"Matched sparse-GT membership, not true-cell status",
44b6,6bba->44b6,quality,exclude_ambiguous_diagnostic,2885187,0.0066158623340532175,0.6282898903915008,0.011470552473785853,1.7337955197079202,,"Matched sparse-GT membership, not true-cell status",
44b6,6bba->44b6,constant,all,2890526,0.0066036423820439605,0.5,0.0066036423820439605,1.0,0.008175112307071686,"Matched sparse-GT membership, not true-cell status",
44b6,6bba->44b6,constant,high_confidence,2256020,0.007533621155840817,0.5,0.007533621155840817,1.0,0.009018058888614178,"Matched sparse-GT membership, not true-cell status",
44b6,6bba->44b6,constant,exclude_ambiguous_diagnostic,2885187,0.0066158623340532175,0.5,0.0066158623340532175,1.0,0.008186188526451588,"Matched sparse-GT membership, not true-cell status",
44b6,6bba->44b6,hgb_all_leaf15,all,2890526,0.0066036423820439605,0.6919699680953949,0.014124688670762952,2.1389239231321118,0.007735077757388353,"Matched sparse-GT membership, not true-cell status",
44b6,6bba->44b6,hgb_all_leaf15,high_confidence,2256020,0.007533621155840817,0.6725678157069903,0.014875946483483416,1.974607718620161,0.008885560557246208,"Matched sparse-GT membership, not true-cell status",
44b6,6bba->44b6,hgb_all_leaf15,exclude_ambiguous_diagnostic,2885187,0.0066158623340532175,0.6919940666424611,0.014149409549557686,2.1387097909712747,0.007746405433863401,"Matched sparse-GT membership, not true-cell status",
44b6,6bba->44b6,hgb_all_leaf7,all,2890526,0.0066036423820439605,0.6956572907736563,0.01445970447749953,2.1896558960880554,0.0076304408721625805,"Matched sparse-GT membership, not true-cell status",
44b6,6bba->44b6,hgb_all_leaf7,high_confidence,2256020,0.007533621155840817,0.6758194658243579,0.015210264715778021,2.0189845495463365,0.00876635778695345,"Matched sparse-GT membership, not true-cell status",
44b6,6bba->44b6,hgb_all_leaf7,exclude_ambiguous_diagnostic,2885187,0.0066158623340532175,0.6956922949754053,0.014485697675980732,2.1895403719965327,0.007641560863703489,"Matched sparse-GT membership, not true-cell status",
44b6,6bba->44b6,hgb_all_leaf7_ambiguous_excluded,all,2890526,0.0066036423820439605,0.696455386808706,0.014700605665048537,2.2261359435545938,0.007709937170147896,"Matched sparse-GT membership, not true-cell status",
44b6,6bba->44b6,hgb_all_leaf7_ambiguous_excluded,high_confidence,2256020,0.007533621155840817,0.6766845525186309,0.015475108194088608,2.0541394203358307,0.008861972950398922,"Matched sparse-GT membership, not true-cell status",
44b6,6bba->44b6,hgb_all_leaf7_ambiguous_excluded,exclude_ambiguous_diagnostic,2885187,0.0066158623340532175,0.6964951014398378,0.014729197162740638,2.226345776109397,0.00772078288719058,"Matched sparse-GT membership, not true-cell status",
44b6,6bba->44b6,hgb_all_leaf7_high_confidence,all,2890526,0.0066036423820439605,0.6622911628605055,0.01136578193211496,1.7211383164872447,0.008281952701508999,"Matched sparse-GT membership, not true-cell status",
44b6,6bba->44b6,hgb_all_leaf7_high_confidence,high_confidence,2256020,0.007533621155840817,0.671871764241926,0.014617991653093142,1.940367235185408,0.008858229964971542,"Matched sparse-GT membership, not true-cell status",
44b6,6bba->44b6,hgb_all_leaf7_high_confidence,exclude_ambiguous_diagnostic,2885187,0.0066158623340532175,0.6622762465574212,0.011384395204343018,1.7207726868416189,0.00829359982162714,"Matched sparse-GT membership, not true-cell status",
44b6,6bba->44b6,hgb_all_leaf7_shuffled,all,2890526,0.0066036423820439605,0.4575201808054657,0.005986264298285079,0.9065094612879702,0.007601505145430565,"Matched sparse-GT membership, not true-cell status",
44b6,6bba->44b6,hgb_all_leaf7_shuffled,high_confidence,2256020,0.007533621155840817,0.4547765554384688,0.00681350954192945,0.9044136147789879,0.00850707944482565,"Matched sparse-GT membership, not true-cell status",
44b6,6bba->44b6,hgb_all_leaf7_shuffled,exclude_ambiguous_diagnostic,2885187,0.0066158623340532175,0.4573583343039855,0.005995128600444363,0.9061749319640754,0.007613093592226505,"Matched sparse-GT membership, not true-cell status",
44b6,6bba->44b6,hgb_all_leaf7_synthetic,all,2890526,0.0066036423820439605,0.4601572043042665,0.005883048216902664,0.8908792869976315,0.008323614485561848,"Matched sparse-GT membership, not true-cell status",
44b6,6bba->44b6,hgb_all_leaf7_synthetic,high_confidence,2256020,0.007533621155840817,0.4581482714553933,0.006669067133269789,0.8852405762531955,0.009183231741189957,"Matched sparse-GT membership, not true-cell status",
44b6,6bba->44b6,hgb_all_leaf7_synthetic,exclude_ambiguous_diagnostic,2885187,0.0066158623340532175,0.4600567534443684,0.005892316128593251,0.8906346340165328,0.008335234597325325,"Matched sparse-GT membership, not true-cell status",
44b6,6bba->44b6,hgb_appearance_quality_leaf15,all,2890526,0.0066036423820439605,0.6418113130517085,0.010938466889516878,1.6564293244073587,0.007808914873749018,"Matched sparse-GT membership, not true-cell status",
44b6,6bba->44b6,hgb_appearance_quality_leaf15,high_confidence,2256020,0.007533621155840817,0.6231594820186429,0.011595752300871315,1.5392003474824492,0.008974771946668625,"Matched sparse-GT membership, not true-cell status",
44b6,6bba->44b6,hgb_appearance_quality_leaf15,exclude_ambiguous_diagnostic,2885187,0.0066158623340532175,0.6417538517209118,0.010955775803643451,1.6559860605399537,0.00782072264701128,"Matched sparse-GT membership, not true-cell status",
44b6,6bba->44b6,hgb_appearance_quality_leaf7,all,2890526,0.0066036423820439605,0.6451113057502098,0.011142792060551882,1.6873706079012356,0.007708325982093811,"Matched sparse-GT membership, not true-cell status",
44b6,6bba->44b6,hgb_appearance_quality_leaf7,high_confidence,2256020,0.007533621155840817,0.6256568366577202,0.011765161414560275,1.5616874237747866,0.008862228132784367,"Matched sparse-GT membership, not true-cell status",
44b6,6bba->44b6,hgb_appearance_quality_leaf7,exclude_ambiguous_diagnostic,2885187,0.0066158623340532175,0.6450537273435364,0.011160068470604542,1.6868652803069,0.007720089517533779,"Matched sparse-GT membership, not true-cell status",
44b6,6bba->44b6,hgb_geometry_time_leaf15,all,2890526,0.0066036423820439605,0.6450392452980238,0.040576578401534634,6.144575380378997,0.008356875739991665,"Matched sparse-GT membership, not true-cell status",
44b6,6bba->44b6,hgb_geometry_time_leaf15,high_confidence,2256020,0.007533621155840817,0.6352968396572495,0.0426931718219543,5.667018680499255,0.009217082522809505,"Matched sparse-GT membership, not true-cell status",
44b6,6bba->44b6,hgb_geometry_time_leaf15,exclude_ambiguous_diagnostic,2885187,0.0066158623340532175,0.6453146303651539,0.041933898957678566,6.338387475482384,0.008360973559319973,"Matched sparse-GT membership, not true-cell status",
44b6,6bba->44b6,hgb_geometry_time_leaf7,all,2890526,0.0066036423820439605,0.6561008304830233,0.048750786244460234,7.382408589692721,0.00828741118311882,"Matched sparse-GT membership, not true-cell status",
44b6,6bba->44b6,hgb_geometry_time_leaf7,high_confidence,2256020,0.007533621155840817,0.6459508414550623,0.05072163086678171,6.732702616384849,0.009149966761469841,"Matched sparse-GT membership, not true-cell status",
44b6,6bba->44b6,hgb_geometry_time_leaf7,exclude_ambiguous_diagnostic,2885187,0.0066158623340532175,0.6563931014662805,0.050670457955578806,7.658934753640117,0.008292353712022305,"Matched sparse-GT membership, not true-cell status",
44b6,6bba->44b6,hgb_predicted_temporal_leaf15,all,2890526,0.0066036423820439605,0.5673318947494307,0.008287816264327705,1.2550371120736643,0.00893180537968874,"Matched sparse-GT membership, not true-cell status",
44b6,6bba->44b6,hgb_predicted_temporal_leaf15,high_confidence,2256020,0.007533621155840817,0.5430917652982313,0.008683417861369608,1.152622050106323,0.010098454542458057,"Matched sparse-GT membership, not true-cell status",
44b6,6bba->44b6,hgb_predicted_temporal_leaf15,exclude_ambiguous_diagnostic,2885187,0.0066158623340532175,0.5672494512305627,0.008300213652178243,1.2545928607757328,0.008943773806095123,"Matched sparse-GT membership, not true-cell status",
44b6,6bba->44b6,hgb_predicted_temporal_leaf7,all,2890526,0.0066036423820439605,0.5725590517525171,0.008490459617695241,1.2857237152608,0.00886972900480032,"Matched sparse-GT membership, not true-cell status",
44b6,6bba->44b6,hgb_predicted_temporal_leaf7,high_confidence,2256020,0.007533621155840817,0.5482808682972222,0.008866678382791694,1.1769477385941232,0.010025933384895325,"Matched sparse-GT membership, not true-cell status",
44b6,6bba->44b6,hgb_predicted_temporal_leaf7,exclude_ambiguous_diagnostic,2885187,0.0066158623340532175,0.5724760023438046,0.008503040765732358,1.2852505593965342,0.008881638757884502,"Matched sparse-GT membership, not true-cell status",
44b6,6bba->44b6,logistic_all_C0.1,all,2890526,0.0066036423820439605,0.6969870337245536,0.015577333213380985,2.358900181472196,0.0073454962112009525,"Matched sparse-GT membership, not true-cell status",
44b6,6bba->44b6,logistic_all_C0.1,high_confidence,2256020,0.007533621155840817,0.6869271179741336,0.016878171618746718,2.2403796619984098,0.008305003866553307,"Matched sparse-GT membership, not true-cell status",
44b6,6bba->44b6,logistic_all_C0.1,exclude_ambiguous_diagnostic,2885187,0.0066158623340532175,0.696946664143225,0.015597125860181906,2.357534826548651,0.007357174996286631,"Matched sparse-GT membership, not true-cell status",
44b6,6bba->44b6,logistic_all_C1,all,2890526,0.0066036423820439605,0.6944397285843269,0.015375868510913774,2.3283920632532245,0.007354820612818003,"Matched sparse-GT membership, not true-cell status",
44b6,6bba->44b6,logistic_all_C1,high_confidence,2256020,0.007533621155840817,0.6843377886034576,0.016638995345131573,2.208631812104244,0.008317265659570694,"Matched sparse-GT membership, not true-cell status",
44b6,6bba->44b6,logistic_all_C1,exclude_ambiguous_diagnostic,2885187,0.0066158623340532175,0.6944023271835893,0.015395930382532709,2.32712375275505,0.00736649613827467,"Matched sparse-GT membership, not true-cell status",
44b6,6bba->44b6,logistic_all_C10,all,2890526,0.0066036423820439605,0.6940366256367645,0.015345635190273552,2.323813783738508,0.007356029003858566,"Matched sparse-GT membership, not true-cell status",
44b6,6bba->44b6,logistic_all_C10,high_confidence,2256020,0.007533621155840817,0.6839468320988802,0.016604376278569477,2.204036536360221,0.008318851701915264,"Matched sparse-GT membership, not true-cell status",
44b6,6bba->44b6,logistic_all_C10,exclude_ambiguous_diagnostic,2885187,0.0066158623340532175,0.6939989181925442,0.015365679573875548,2.322551286290406,0.0073677063919603825,"Matched sparse-GT membership, not true-cell status",
44b6,6bba->44b6,logistic_appearance_quality_C0.1,all,2890526,0.0066036423820439605,0.617234770112135,0.010907689558935885,1.6517686646077487,0.007417032495141029,"Matched sparse-GT membership, not true-cell status",
44b6,6bba->44b6,logistic_appearance_quality_C0.1,high_confidence,2256020,0.007533621155840817,0.6115120898654686,0.012121022907166,1.6089238702650412,0.00838535651564598,"Matched sparse-GT membership, not true-cell status",
44b6,6bba->44b6,logistic_appearance_quality_C0.1,exclude_ambiguous_diagnostic,2885187,0.0066158623340532175,0.6170031360018566,0.010917472624811582,1.6501964632209898,0.007429356686770916,"Matched sparse-GT membership, not true-cell status",
44b6,6bba->44b6,logistic_appearance_quality_C1,all,2890526,0.0066036423820439605,0.6150631793085239,0.010808524563765364,1.636751952703397,0.007428160402923822,"Matched sparse-GT membership, not true-cell status",
44b6,6bba->44b6,logistic_appearance_quality_C1,high_confidence,2256020,0.007533621155840817,0.6094085938355709,0.012002020686917973,1.5931277188809534,0.008400099352002144,"Matched sparse-GT membership, not true-cell status",
44b6,6bba->44b6,logistic_appearance_quality_C1,exclude_ambiguous_diagnostic,2885187,0.0066158623340532175,0.6148369901759891,0.010818513323488103,1.6352385792254123,0.00744048785418272,"Matched sparse-GT membership, not true-cell status",
44b6,6bba->44b6,logistic_appearance_quality_C10,all,2890526,0.0066036423820439605,0.6148223888698687,0.010797917085338584,1.6351456454848803,0.007429413963109255,"Matched sparse-GT membership, not true-cell status",
44b6,6bba->44b6,logistic_appearance_quality_C10,high_confidence,2256020,0.007533621155840817,0.6091770418604634,0.01198936523988679,1.5914478564656034,0.008401751518249512,"Matched sparse-GT membership, not true-cell status",
44b6,6bba->44b6,logistic_appearance_quality_C10,exclude_ambiguous_diagnostic,2885187,0.0066158623340532175,0.6145967917858135,0.010807927010522023,1.6336384381657063,0.007441740948706865,"Matched sparse-GT membership, not true-cell status",
44b6,6bba->44b6,logistic_geometry_time_C0.1,all,2890526,0.0066036423820439605,0.6940868841675181,0.03903280414261005,5.910799205109077,0.00822282861918211,"Matched sparse-GT membership, not true-cell status",
44b6,6bba->44b6,logistic_geometry_time_C0.1,high_confidence,2256020,0.007533621155840817,0.6788553544318576,0.040538546286566134,5.381017368405445,0.009086350910365582,"Matched sparse-GT membership, not true-cell status",
44b6,6bba->44b6,logistic_geometry_time_C0.1,exclude_ambiguous_diagnostic,2885187,0.0066158623340532175,0.6944422187369658,0.03997130776899648,6.041738136426428,0.00823153555393219,"Matched sparse-GT membership, not true-cell status",
44b6,6bba->44b6,logistic_geometry_time_C1,all,2890526,0.0066036423820439605,0.6940834958356251,0.03902973394073042,5.910334279587371,0.008223054930567741,"Matched sparse-GT membership, not true-cell status",
44b6,6bba->44b6,logistic_geometry_time_C1,high_confidence,2256020,0.007533621155840817,0.6788520110254063,0.04053575523533076,5.380646889033355,0.009086606092751026,"Matched sparse-GT membership, not true-cell status",
44b6,6bba->44b6,logistic_geometry_time_C1,exclude_ambiguous_diagnostic,2885187,0.0066158623340532175,0.6944388237002569,0.03996807485791866,6.041249475853613,0.008231757208704948,"Matched sparse-GT membership, not true-cell status",
44b6,6bba->44b6,logistic_geometry_time_C10,all,2890526,0.0066036423820439605,0.694083161991488,0.03902953092703034,5.910303536901996,0.008223079144954681,"Matched sparse-GT membership, not true-cell status",
44b6,6bba->44b6,logistic_geometry_time_C10,high_confidence,2256020,0.007533621155840817,0.678851674967485,0.04053548591136418,5.380611139430209,0.00908663310110569,"Matched sparse-GT membership, not true-cell status",
44b6,6bba->44b6,logistic_geometry_time_C10,exclude_ambiguous_diagnostic,2885187,0.0066158623340532175,0.6944384890057462,0.03996785577590596,6.0412163611965,0.008231780491769314,"Matched sparse-GT membership, not true-cell status",
44b6,6bba->44b6,logistic_predicted_temporal_C0.1,all,2890526,0.0066036423820439605,0.574789135705193,0.008684126653355566,1.3150510204744996,0.008454118855297565,"Matched sparse-GT membership, not true-cell status",
44b6,6bba->44b6,logistic_predicted_temporal_C0.1,high_confidence,2256020,0.007533621155840817,0.546857433921222,0.009021773156901588,1.1975347539087504,0.009473233483731747,"Matched sparse-GT membership, not true-cell status",
44b6,6bba->44b6,logistic_predicted_temporal_C0.1,exclude_ambiguous_diagnostic,2885187,0.0066158623340532175,0.5747042728028094,0.00869680916857256,1.3145390169030993,0.008465507999062538,"Matched sparse-GT membership, not true-cell status",
44b6,6bba->44b6,logistic_predicted_temporal_C1,all,2890526,0.0066036423820439605,0.5747862164664581,0.008684046648206397,1.3150389051683489,0.008454356342554092,"Matched sparse-GT membership, not true-cell status",
44b6,6bba->44b6,logistic_predicted_temporal_C1,high_confidence,2256020,0.007533621155840817,0.5468566272087754,0.009021764014444702,1.1975335403546445,0.00947359949350357,"Matched sparse-GT membership, not true-cell status",
44b6,6bba->44b6,logistic_predicted_temporal_C1,exclude_ambiguous_diagnostic,2885187,0.0066158623340532175,0.5747013562236069,0.008696729314378695,1.314526946791928,0.008465745486319065,"Matched sparse-GT membership, not true-cell status",
44b6,6bba->44b6,logistic_predicted_temporal_C10,all,2890526,0.0066036423820439605,0.574785901232061,0.00868403965605185,1.3150378463353378,0.008454380556941032,"Matched sparse-GT membership, not true-cell status",
44b6,6bba->44b6,logistic_predicted_temporal_C10,high_confidence,2256020,0.007533621155840817,0.5468565439859239,0.009021765462740028,1.1975337325988915,0.00947363581508398,"Matched sparse-GT membership, not true-cell status",
44b6,6bba->44b6,logistic_predicted_temporal_C10,exclude_ambiguous_diagnostic,2885187,0.0066158623340532175,0.574701041334208,0.008696722324490994,1.3145258902572923,0.008465769700706005,"Matched sparse-GT membership, not true-cell status",
44b6,6bba->44b6,image_only_seed20260908,all,2890526,0.0066036423820439605,0.5791731431498753,0.010418461627797197,1.577684105990681,0.008304266259074211,"Matched sparse-GT membership, not true-cell status",
44b6,6bba->44b6,image_only_seed20260908,high_confidence,2256020,0.007533621155840817,0.577112555842423,0.012027623434877389,1.5965261838992755,0.009209388867020607,"Matched sparse-GT membership, not true-cell status",
44b6,6bba->44b6,image_only_seed20260908,exclude_ambiguous_diagnostic,2885187,0.0066158623340532175,0.5791418440701932,0.010433218838866973,1.577000595245918,0.00831619743257761,"Matched sparse-GT membership, not true-cell status",
44b6,6bba->44b6,image_only_seed314159,all,2890526,0.0066036423820439605,0.5891024666522263,0.009862711059047766,1.4935259192511054,0.008554150350391865,"Matched sparse-GT membership, not true-cell status",
44b6,6bba->44b6,image_only_seed314159,high_confidence,2256020,0.007533621155840817,0.5881746838047955,0.01163454332547544,1.5443494018086081,0.009370891377329826,"Matched sparse-GT membership, not true-cell status",
44b6,6bba->44b6,image_only_seed314159,exclude_ambiguous_diagnostic,2885187,0.0066158623340532175,0.5890993619383481,0.009876590405993285,1.4928651636471368,0.008566569536924362,"Matched sparse-GT membership, not true-cell status",
44b6,6bba->44b6,image_plus_tabular_seed20260908,all,2890526,0.0066036423820439605,0.698958195276431,0.01618313629805511,2.4506378997837404,0.007888064719736576,"Matched sparse-GT membership, not true-cell status",
44b6,6bba->44b6,image_plus_tabular_seed20260908,high_confidence,2256020,0.007533621155840817,0.6787133927367155,0.017491060276787783,2.3217334552623425,0.008971956558525562,"Matched sparse-GT membership, not true-cell status",
44b6,6bba->44b6,image_plus_tabular_seed20260908,exclude_ambiguous_diagnostic,2885187,0.0066158623340532175,0.6989753043106139,0.016204592127150426,2.4493544921184385,0.007899300195276737,"Matched sparse-GT membership, not true-cell status",
44b6,6bba->44b6,image_plus_tabular_seed314159,all,2890526,0.0066036423820439605,0.6791562392955499,0.015092374154524538,2.2854620649298614,0.007622155826538801,"Matched sparse-GT membership, not true-cell status",
44b6,6bba->44b6,image_plus_tabular_seed314159,high_confidence,2256020,0.007533621155840817,0.6673183273421612,0.016760189618977416,2.2247189329374812,0.0086233951151371,"Matched sparse-GT membership, not true-cell status",
44b6,6bba->44b6,image_plus_tabular_seed314159,exclude_ambiguous_diagnostic,2885187,0.0066158623340532175,0.6791557416526681,0.015109301745038948,2.2837992966190113,0.007634263951331377,"Matched sparse-GT membership, not true-cell status",
44b6,6bba->44b6,hgb_all_leaf7_shuffled,independent_randomized_outer_target,2890526,0.004858285308625489,0.5010917299322174,0.004852716097259444,,0.005964963231235743,,maximal predicted nonbranching tracklet
44b6,6bba->44b6,hgb_all_leaf7_synthetic,independent_randomized_outer_target,2890526,0.006637200288113651,0.5043739261787059,0.006742499166848775,,0.008329072967171669,,maximal predicted nonbranching tracklet
